Workbook
Name ChqRankL: Month!$L$17:$L$516
Name ChqRankU: Unpaid!$L$17:$L$516
Name ChqNosF: OFFSET(Sync!$A$6,0,0,MAX(COUNTIF(Sync!$A$6:$A$505,"?*"),1),1)
Name AcctCodesF: Sync!$E$6:$E$565
Name AcctTblF: Sync!$E$6:$H$565
Name ETxnType: Sync!$M$6:$M$2005
Name ETxnChk: Sync!$P$6:$P$2005
Name ChqNo: Calc!$A$6:$A$505
Name ChqNorm: Calc!$E$6:$E$505
Name ChqAmt: Calc!$F$6:$F$505
Name ChqStatus: Calc!$H$6:$H$505
Name ChqClr: Calc!$I$6:$I$505
Name ChqKey: Calc!$K$6:$K$505
Name NChq: COUNTIF(Calc!$A$6:$A$505,"?*")
Name BClrChk: Calc!$M$6:$M$2005
Name BClrDate: Calc!$N$6:$N$2005

Sheet Issues
A1: =IF(Sync!$J$6="","مازندشت",Sync!$J$6)&" — "&IF(Sync!$J$9="","سورتینگ و بسته‌بندی مرکبات",Sync!$J$9)
A2: =IF(Sync!$J$7="","باغدشت، بخش مرکزی، شهرستان قائم‌شهر، استان مازندران، ایران",Sync!$J$7)&" | MAZANDASHT · CITRUS SORTING & PACKING"
A3: صدور چک پرداختی — ثبت تاریخ، مبلغ و ذی‌نفع هر چک
A4: شماره چک باید قبلاً در INFO ← شیت Cheques تعریف شده باشد (کشویی از همان‌جا). در تاریخ «پاس شدن» چیزی ننویسید — وقتی چک پاس شود، در Transactions یک ردیف با نوع «پاس چک» و همین شماره چک ثبت کنید؛ وضعیت خودکار عوض می‌شود. در گزارش‌ها فقط شماره چک، تاریخ و مبلغ استفاده می‌شود.
A5: تعداد چک صادرشده | C5: جمع مبلغ چک‌ها (ریال) | E5: جمع پاس‌شده (ریال) | G5: ظرفیت باقی‌مانده
A6: =COUNTA($B$9:$B$508) | C6: =SUM($D$9:$D$508) | E6: =SUMIF($F$9:$F$508,"پاس شده",$D$9:$D$508) | G6: =500-COUNTA($B$9:$B$508)
A7: ردیف | B7: شماره چک | C7: تاریخ چک | D7: مبلغ (ریال) | E7: ذی‌نفع | F7: وضعیت (خودکار) | G7: توضیحات
A8: No. | B8: Cheque No. | C8: Cheque Date | D8: Amount | E8: Beneficiary | F8: Status (auto) | G8: Notes
A9: =IF($B9="","",COUNTA($B$9:$B9)) | B9: 24012345 | C9: 1405/07/10 | D9: 80000000 | E9: S001 | F9: =IF($B9="","",IF(COUNTIFS(ETxnType,"پاس چک",ETxnChk,$B9)>0,"پاس شده","پاس نشده")) | G9: بابت خرید باغ — چک سررسید ۱۰ مهر (نمونه)
A10: =IF($B10="","",COUNTA($B$9:$B10)) | B10: 24012346 | C10: 1405/07/20 | D10: 45000000 | E10: X002 | F10: =IF($B10="","",IF(COUNTIFS(ETxnType,"پاس چک",ETxnChk,$B10)>0,"پاس شده","پاس نشده")) | G10: مالیات — چک سررسید ۲۰ مهر (نمونه)
A11: =IF($B11="","",COUNTA($B$9:$B11)) | B11: 24012347 | C11: 1405/08/02 | D11: 150000000 | E11: S002 | F11: =IF($B11="","",IF(COUNTIFS(ETxnType,"پاس چک",ETxnChk,$B11)>0,"پاس شده","پاس نشده")) | G11: خرید میدان بار — چک سررسید ۲ آبان (نمونه)
A12: =IF($B12="","",COUNTA($B$9:$B12)) | B12: 24012348 | C12: 1405/08/05 | D12: 60000000 | E12: F001 | F12: =IF($B12="","",IF(COUNTIFS(ETxnType,"پاس چک",ETxnChk,$B12)>0,"پاس شده","پاس نشده")) | G12: خرید زمین باغدشت با چک — دارایی ثابت (نمونه)
A13: =IF($B13="","",COUNTA($B$9:$B13)) | F13: =IF($B13="","",IF(COUNTIFS(ETxnType,"پاس چک",ETxnChk,$B13)>0,"پاس شده","پاس نشده"))
A14: =IF($B14="","",COUNTA($B$9:$B14)) | F14: =IF($B14="","",IF(COUNTIFS(ETxnType,"پاس چک",ETxnChk,$B14)>0,"پاس شده","پاس نشده"))
A15: =IF($B15="","",COUNTA($B$9:$B15)) | F15: =IF($B15="","",IF(COUNTIFS(ETxnType,"پاس چک",ETxnChk,$B15)>0,"پاس شده","پاس نشده"))
A16: =IF($B16="","",COUNTA($B$9:$B16)) | F16: =IF($B16="","",IF(COUNTIFS(ETxnType,"پاس چک",ETxnChk,$B16)>0,"پاس شده","پاس نشده"))
A17: =IF($B17="","",COUNTA($B$9:$B17)) | F17: =IF($B17="","",IF(COUNTIFS(ETxnType,"پاس چک",ETxnChk,$B17)>0,"پاس شده","پاس نشده"))
A18: =IF($B18="","",COUNTA($B$9:$B18)) | F18: =IF($B18="","",IF(COUNTIFS(ETxnType,"پاس چک",ETxnChk,$B18)>0,"پاس شده","پاس نشده"))
A19: =IF($B19="","",COUNTA($B$9:$B19)) | F19: =IF($B19="","",IF(COUNTIFS(ETxnType,"پاس چک",ETxnChk,$B19)>0,"پاس شده","پاس نشده"))
A20: =IF($B20="","",COUNTA($B$9:$B20)) | F20: =IF($B20="","",IF(COUNTIFS(ETxnType,"پاس چک",ETxnChk,$B20)>0,"پاس شده","پاس نشده"))
A21: =IF($B21="","",COUNTA($B$9:$B21)) | F21: =IF($B21="","",IF(COUNTIFS(ETxnType,"پاس چک",ETxnChk,$B21)>0,"پاس شده","پاس نشده"))
A22: =IF($B22="","",COUNTA($B$9:$B22)) | F22: =IF($B22="","",IF(COUNTIFS(ETxnType,"پاس چک",ETxnChk,$B22)>0,"پاس شده","پاس نشده"))
A23: =IF($B23="","",COUNTA($B$9:$B23)) | F23: =IF($B23="","",IF(COUNTIFS(ETxnType,"پاس چک",ETxnChk,$B23)>0,"پاس شده","پاس نشده"))
A24: =IF($B24="","",COUNTA($B$9:$B24)) | F24: =IF($B24="","",IF(COUNTIFS(ETxnType,"پاس چک",ETxnChk,$B24)>0,"پاس شده","پاس نشده"))
... A508: =IF($B508="","",COUNTA($B$9:$B508)) | F508: =IF($B508="","",IF(COUNTIFS(ETxnType,"پاس چک",ETxnChk,$B508)>0,"پاس شده","پاس نشده"))

Sheet Month
A1: =IF(Sync!$J$6="","مازندشت",Sync!$J$6)&" — "&IF(Sync!$J$9="","سورتینگ و بسته‌بندی مرکبات",Sync!$J$9)
A2: =IF(Sync!$J$7="","باغدشت، بخش مرکزی، شهرستان قائم‌شهر، استان مازندران، ایران",Sync!$J$7)&" | MAZANDASHT · CITRUS SORTING & PACKING"
A3: گردش چک‌های پرداختی در بازه — همه چک‌ها (سبز = پاس شده، قرمز = پاس نشده) | H3: =IF(OR($B$5="",LEN($B$5)<>10),"",$B$5)
H4: =IF(OR($D$5="",LEN($D$5)<>10),"",$D$5)
A5: از تاریخ: | B5: 1405/07/01 | C5: تا تاریخ: | D5: 1405/07/31 | E5: بازه را با قالب 1405/07/01 وارد کنید — برای هر ماه، همین شیت را کپی کنید و بازه را عوض کنید.
A11: جمع کل چک‌های بازه (ریال) | C11: جمع پاس‌شده (ریال) | E11: جمع پاس‌نشده (ریال)
A12: =SUM($D$17:$D$516) | C12: =SUMIF($E$17:$E$516,"پاس شده",$D$17:$D$516) | E12: =SUMIF($E$17:$E$516,"پاس نشده",$D$17:$D$516)
A13: ردیف | B13: تاریخ چک | C13: شماره چک | D13: مبلغ (ریال) | E13: وضعیت | F13: تاریخ پاس
A14: No. | B14: Cheque Date | C14: Cheque No. | D14: Amount | E14: Status | F14: Cleared On
A17: =IF(IFERROR(MATCH(1,ChqRankL,0),0)=0,"",1) | B17: =IF(IFERROR(MATCH(1,ChqRankL,0),0)=0,"",INDEX(ChqNorm,IFERROR(MATCH(1,ChqRankL,0),0))) | C17: =IF(IFERROR(MATCH(1,ChqRankL,0),0)=0,"",INDEX(ChqNo,IFERROR(MATCH(1,ChqRankL,0),0))) | D17: =IF(IFERROR(MATCH(1,ChqRankL,0),0)=0,"",IF(INDEX(ChqAmt,IFERROR(MATCH(1,ChqRankL,0),0))=0,"",INDEX(ChqAmt,IFERROR(MATCH(1,ChqRankL,0),0)))) | E17: =IF(IFERROR(MATCH(1,ChqRankL,0),0)=0,"",INDEX(ChqStatus,IFERROR(MATCH(1,ChqRankL,0),0))) | F17: =IF(IFERROR(MATCH(1,ChqRankL,0),0)=0,"",IF(INDEX(ChqStatus,IFERROR(MATCH(1,ChqRankL,0),0))="پاس نشده","—",IF(INDEX(ChqClr,IFERROR(MATCH(1,ChqRankL,0),0))="","—",INDEX(ChqClr,IFERROR(MATCH(1,ChqRankL,0),0))))) | I17: =IF(1>NChq,"",INDEX(ChqNorm,1)) | J17: =IF($I17="","",IF(AND($I17>=$H$3,$I17<=$H$4),1,0)) | K17: =IF($J17=0,"",INDEX(ChqKey,1)) | L17: =IF($K17="","",COUNTIFS($J$17:$J$516,1,$K$17:$K$516,"<"&$K17)+1)
A18: =IF(IFERROR(MATCH(2,ChqRankL,0),0)=0,"",2) | B18: =IF(IFERROR(MATCH(2,ChqRankL,0),0)=0,"",INDEX(ChqNorm,IFERROR(MATCH(2,ChqRankL,0),0))) | C18: =IF(IFERROR(MATCH(2,ChqRankL,0),0)=0,"",INDEX(ChqNo,IFERROR(MATCH(2,ChqRankL,0),0))) | D18: =IF(IFERROR(MATCH(2,ChqRankL,0),0)=0,"",IF(INDEX(ChqAmt,IFERROR(MATCH(2,ChqRankL,0),0))=0,"",INDEX(ChqAmt,IFERROR(MATCH(2,ChqRankL,0),0)))) | E18: =IF(IFERROR(MATCH(2,ChqRankL,0),0)=0,"",INDEX(ChqStatus,IFERROR(MATCH(2,ChqRankL,0),0))) | F18: =IF(IFERROR(MATCH(2,ChqRankL,0),0)=0,"",IF(INDEX(ChqStatus,IFERROR(MATCH(2,ChqRankL,0),0))="پاس نشده","—",IF(INDEX(ChqClr,IFERROR(MATCH(2,ChqRankL,0),0))="","—",INDEX(ChqClr,IFERROR(MATCH(2,ChqRankL,0),0))))) | I18: =IF(2>NChq,"",INDEX(ChqNorm,2)) | J18: =IF($I18="","",IF(AND($I18>=$H$3,$I18<=$H$4),1,0)) | K18: =IF($J18=0,"",INDEX(ChqKey,2)) | L18: =IF($K18="","",COUNTIFS($J$17:$J$516,1,$K$17:$K$516,"<"&$K18)+1)
A19: =IF(IFERROR(MATCH(3,ChqRankL,0),0)=0,"",3) | B19: =IF(IFERROR(MATCH(3,ChqRankL,0),0)=0,"",INDEX(ChqNorm,IFERROR(MATCH(3,ChqRankL,0),0))) | C19: =IF(IFERROR(MATCH(3,ChqRankL,0),0)=0,"",INDEX(ChqNo,IFERROR(MATCH(3,ChqRankL,0),0))) | D19: =IF(IFERROR(MATCH(3,ChqRankL,0),0)=0,"",IF(INDEX(ChqAmt,IFERROR(MATCH(3,ChqRankL,0),0))=0,"",INDEX(ChqAmt,IFERROR(MATCH(3,ChqRankL,0),0)))) | E19: =IF(IFERROR(MATCH(3,ChqRankL,0),0)=0,"",INDEX(ChqStatus,IFERROR(MATCH(3,ChqRankL,0),0))) | F19: =IF(IFERROR(MATCH(3,ChqRankL,0),0)=0,"",IF(INDEX(ChqStatus,IFERROR(MATCH(3,ChqRankL,0),0))="پاس نشده","—",IF(INDEX(ChqClr,IFERROR(MATCH(3,ChqRankL,0),0))="","—",INDEX(ChqClr,IFERROR(MATCH(3,ChqRankL,0),0))))) | I19: =IF(3>NChq,"",INDEX(ChqNorm,3)) | J19: =IF($I19="","",IF(AND($I19>=$H$3,$I19<=$H$4),1,0)) | K19: =IF($J19=0,"",INDEX(ChqKey,3)) | L19: =IF($K19="","",COUNTIFS($J$17:$J$516,1,$K$17:$K$516,"<"&$K19)+1)
A20: =IF(IFERROR(MATCH(4,ChqRankL,0),0)=0,"",4) | B20: =IF(IFERROR(MATCH(4,ChqRankL,0),0)=0,"",INDEX(ChqNorm,IFERROR(MATCH(4,ChqRankL,0),0))) | C20: =IF(IFERROR(MATCH(4,ChqRankL,0),0)=0,"",INDEX(ChqNo,IFERROR(MATCH(4,ChqRankL,0),0))) | D20: =IF(IFERROR(MATCH(4,ChqRankL,0),0)=0,"",IF(INDEX(ChqAmt,IFERROR(MATCH(4,ChqRankL,0),0))=0,"",INDEX(ChqAmt,IFERROR(MATCH(4,ChqRankL,0),0)))) | E20: =IF(IFERROR(MATCH(4,ChqRankL,0),0)=0,"",INDEX(ChqStatus,IFERROR(MATCH(4,ChqRankL,0),0))) | F20: =IF(IFERROR(MATCH(4,ChqRankL,0),0)=0,"",IF(INDEX(ChqStatus,IFERROR(MATCH(4,ChqRankL,0),0))="پاس نشده","—",IF(INDEX(ChqClr,IFERROR(MATCH(4,ChqRankL,0),0))="","—",INDEX(ChqClr,IFERROR(MATCH(4,ChqRankL,0),0))))) | I20: =IF(4>NChq,"",INDEX(ChqNorm,4)) | J20: =IF($I20="","",IF(AND($I20>=$H$3,$I20<=$H$4),1,0)) | K20: =IF($J20=0,"",INDEX(ChqKey,4)) | L20: =IF($K20="","",COUNTIFS($J$17:$J$516,1,$K$17:$K$516,"<"&$K20)+1)
A21: =IF(IFERROR(MATCH(5,ChqRankL,0),0)=0,"",5) | B21: =IF(IFERROR(MATCH(5,ChqRankL,0),0)=0,"",INDEX(ChqNorm,IFERROR(MATCH(5,ChqRankL,0),0))) | C21: =IF(IFERROR(MATCH(5,ChqRankL,0),0)=0,"",INDEX(ChqNo,IFERROR(MATCH(5,ChqRankL,0),0))) | D21: =IF(IFERROR(MATCH(5,ChqRankL,0),0)=0,"",IF(INDEX(ChqAmt,IFERROR(MATCH(5,ChqRankL,0),0))=0,"",INDEX(ChqAmt,IFERROR(MATCH(5,ChqRankL,0),0)))) | E21: =IF(IFERROR(MATCH(5,ChqRankL,0),0)=0,"",INDEX(ChqStatus,IFERROR(MATCH(5,ChqRankL,0),0))) | F21: =IF(IFERROR(MATCH(5,ChqRankL,0),0)=0,"",IF(INDEX(ChqStatus,IFERROR(MATCH(5,ChqRankL,0),0))="پاس نشده","—",IF(INDEX(ChqClr,IFERROR(MATCH(5,ChqRankL,0),0))="","—",INDEX(ChqClr,IFERROR(MATCH(5,ChqRankL,0),0))))) | I21: =IF(5>NChq,"",INDEX(ChqNorm,5)) | J21: =IF($I21="","",IF(AND($I21>=$H$3,$I21<=$H$4),1,0)) | K21: =IF($J21=0,"",INDEX(ChqKey,5)) | L21: =IF($K21="","",COUNTIFS($J$17:$J$516,1,$K$17:$K$516,"<"&$K21)+1)
A22: =IF(IFERROR(MATCH(6,ChqRankL,0),0)=0,"",6) | B22: =IF(IFERROR(MATCH(6,ChqRankL,0),0)=0,"",INDEX(ChqNorm,IFERROR(MATCH(6,ChqRankL,0),0))) | C22: =IF(IFERROR(MATCH(6,ChqRankL,0),0)=0,"",INDEX(ChqNo,IFERROR(MATCH(6,ChqRankL,0),0))) | D22: =IF(IFERROR(MATCH(6,ChqRankL,0),0)=0,"",IF(INDEX(ChqAmt,IFERROR(MATCH(6,ChqRankL,0),0))=0,"",INDEX(ChqAmt,IFERROR(MATCH(6,ChqRankL,0),0)))) | E22: =IF(IFERROR(MATCH(6,ChqRankL,0),0)=0,"",INDEX(ChqStatus,IFERROR(MATCH(6,ChqRankL,0),0))) | F22: =IF(IFERROR(MATCH(6,ChqRankL,0),0)=0,"",IF(INDEX(ChqStatus,IFERROR(MATCH(6,ChqRankL,0),0))="پاس نشده","—",IF(INDEX(ChqClr,IFERROR(MATCH(6,ChqRankL,0),0))="","—",INDEX(ChqClr,IFERROR(MATCH(6,ChqRankL,0),0))))) | I22: =IF(6>NChq,"",INDEX(ChqNorm,6)) | J22: =IF($I22="","",IF(AND($I22>=$H$3,$I22<=$H$4),1,0)) | K22: =IF($J22=0,"",INDEX(ChqKey,6)) | L22: =IF($K22="","",COUNTIFS($J$17:$J$516,1,$K$17:$K$516,"<"&$K22)+1)
A23: =IF(IFERROR(MATCH(7,ChqRankL,0),0)=0,"",7) | B23: =IF(IFERROR(MATCH(7,ChqRankL,0),0)=0,"",INDEX(ChqNorm,IFERROR(MATCH(7,ChqRankL,0),0))) | C23: =IF(IFERROR(MATCH(7,ChqRankL,0),0)=0,"",INDEX(ChqNo,IFERROR(MATCH(7,ChqRankL,0),0))) | D23: =IF(IFERROR(MATCH(7,ChqRankL,0),0)=0,"",IF(INDEX(ChqAmt,IFERROR(MATCH(7,ChqRankL,0),0))=0,"",INDEX(ChqAmt,IFERROR(MATCH(7,ChqRankL,0),0)))) | E23: =IF(IFERROR(MATCH(7,ChqRankL,0),0)=0,"",INDEX(ChqStatus,IFERROR(MATCH(7,ChqRankL,0),0))) | F23: =IF(IFERROR(MATCH(7,ChqRankL,0),0)=0,"",IF(INDEX(ChqStatus,IFERROR(MATCH(7,ChqRankL,0),0))="پاس نشده","—",IF(INDEX(ChqClr,IFERROR(MATCH(7,ChqRankL,0),0))="","—",INDEX(ChqClr,IFERROR(MATCH(7,ChqRankL,0),0))))) | I23: =IF(7>NChq,"",INDEX(ChqNorm,7)) | J23: =IF($I23="","",IF(AND($I23>=$H$3,$I23<=$H$4),1,0)) | K23: =IF($J23=0,"",INDEX(ChqKey,7)) | L23: =IF($K23="","",COUNTIFS($J$17:$J$516,1,$K$17:$K$516,"<"&$K23)+1)
A24: =IF(IFERROR(MATCH(8,ChqRankL,0),0)=0,"",8) | B24: =IF(IFERROR(MATCH(8,ChqRankL,0),0)=0,"",INDEX(ChqNorm,IFERROR(MATCH(8,ChqRankL,0),0))) | C24: =IF(IFERROR(MATCH(8,ChqRankL,0),0)=0,"",INDEX(ChqNo,IFERROR(MATCH(8,ChqRankL,0),0))) | D24: =IF(IFERROR(MATCH(8,ChqRankL,0),0)=0,"",IF(INDEX(ChqAmt,IFERROR(MATCH(8,ChqRankL,0),0))=0,"",INDEX(ChqAmt,IFERROR(MATCH(8,ChqRankL,0),0)))) | E24: =IF(IFERROR(MATCH(8,ChqRankL,0),0)=0,"",INDEX(ChqStatus,IFERROR(MATCH(8,ChqRankL,0),0))) | F24: =IF(IFERROR(MATCH(8,ChqRankL,0),0)=0,"",IF(INDEX(ChqStatus,IFERROR(MATCH(8,ChqRankL,0),0))="پاس نشده","—",IF(INDEX(ChqClr,IFERROR(MATCH(8,ChqRankL,0),0))="","—",INDEX(ChqClr,IFERROR(MATCH(8,ChqRankL,0),0))))) | I24: =IF(8>NChq,"",INDEX(ChqNorm,8)) | J24: =IF($I24="","",IF(AND($I24>=$H$3,$I24<=$H$4),1,0)) | K24: =IF($J24=0,"",INDEX(ChqKey,8)) | L24: =IF($K24="","",COUNTIFS($J$17:$J$516,1,$K$17:$K$516,"<"&$K24)+1)
A25: =IF(IFERROR(MATCH(9,ChqRankL,0),0)=0,"",9) | B25: =IF(IFERROR(MATCH(9,ChqRankL,0),0)=0,"",INDEX(ChqNorm,IFERROR(MATCH(9,ChqRankL,0),0))) | C25: =IF(IFERROR(MATCH(9,ChqRankL,0),0)=0,"",INDEX(ChqNo,IFERROR(MATCH(9,ChqRankL,0),0))) | D25: =IF(IFERROR(MATCH(9,ChqRankL,0),0)=0,"",IF(INDEX(ChqAmt,IFERROR(MATCH(9,ChqRankL,0),0))=0,"",INDEX(ChqAmt,IFERROR(MATCH(9,ChqRankL,0),0)))) | E25: =IF(IFERROR(MATCH(9,ChqRankL,0),0)=0,"",INDEX(ChqStatus,IFERROR(MATCH(9,ChqRankL,0),0))) | F25: =IF(IFERROR(MATCH(9,ChqRankL,0),0)=0,"",IF(INDEX(ChqStatus,IFERROR(MATCH(9,ChqRankL,0),0))="پاس نشده","—",IF(INDEX(ChqClr,IFERROR(MATCH(9,ChqRankL,0),0))="","—",INDEX(ChqClr,IFERROR(MATCH(9,ChqRankL,0),0))))) | I25: =IF(9>NChq,"",INDEX(ChqNorm,9)) | J25: =IF($I25="","",IF(AND($I25>=$H$3,$I25<=$H$4),1,0)) | K25: =IF($J25=0,"",INDEX(ChqKey,9)) | L25: =IF($K25="","",COUNTIFS($J$17:$J$516,1,$K$17:$K$516,"<"&$K25)+1)
A26: =IF(IFERROR(MATCH(10,ChqRankL,0),0)=0,"",10) | B26: =IF(IFERROR(MATCH(10,ChqRankL,0),0)=0,"",INDEX(ChqNorm,IFERROR(MATCH(10,ChqRankL,0),0))) | C26: =IF(IFERROR(MATCH(10,ChqRankL,0),0)=0,"",INDEX(ChqNo,IFERROR(MATCH(10,ChqRankL,0),0))) | D26: =IF(IFERROR(MATCH(10,ChqRankL,0),0)=0,"",IF(INDEX(ChqAmt,IFERROR(MATCH(10,ChqRankL,0),0))=0,"",INDEX(ChqAmt,IFERROR(MATCH(10,ChqRankL,0),0)))) | E26: =IF(IFERROR(MATCH(10,ChqRankL,0),0)=0,"",INDEX(ChqStatus,IFERROR(MATCH(10,ChqRankL,0),0))) | F26: =IF(IFERROR(MATCH(10,ChqRankL,0),0)=0,"",IF(INDEX(ChqStatus,IFERROR(MATCH(10,ChqRankL,0),0))="پاس نشده","—",IF(INDEX(ChqClr,IFERROR(MATCH(10,ChqRankL,0),0))="","—",INDEX(ChqClr,IFERROR(MATCH(10,ChqRankL,0),0))))) | I26: =IF(10>NChq,"",INDEX(ChqNorm,10)) | J26: =IF($I26="","",IF(AND($I26>=$H$3,$I26<=$H$4),1,0)) | K26: =IF($J26=0,"",INDEX(ChqKey,10)) | L26: =IF($K26="","",COUNTIFS($J$17:$J$516,1,$K$17:$K$516,"<"&$K26)+1)
A27: =IF(IFERROR(MATCH(11,ChqRankL,0),0)=0,"",11) | B27: =IF(IFERROR(MATCH(11,ChqRankL,0),0)=0,"",INDEX(ChqNorm,IFERROR(MATCH(11,ChqRankL,0),0))) | C27: =IF(IFERROR(MATCH(11,ChqRankL,0),0)=0,"",INDEX(ChqNo,IFERROR(MATCH(11,ChqRankL,0),0))) | D27: =IF(IFERROR(MATCH(11,ChqRankL,0),0)=0,"",IF(INDEX(ChqAmt,IFERROR(MATCH(11,ChqRankL,0),0))=0,"",INDEX(ChqAmt,IFERROR(MATCH(11,ChqRankL,0),0)))) | E27: =IF(IFERROR(MATCH(11,ChqRankL,0),0)=0,"",INDEX(ChqStatus,IFERROR(MATCH(11,ChqRankL,0),0))) | F27: =IF(IFERROR(MATCH(11,ChqRankL,0),0)=0,"",IF(INDEX(ChqStatus,IFERROR(MATCH(11,ChqRankL,0),0))="پاس نشده","—",IF(INDEX(ChqClr,IFERROR(MATCH(11,ChqRankL,0),0))="","—",INDEX(ChqClr,IFERROR(MATCH(11,ChqRankL,0),0))))) | I27: =IF(11>NChq,"",INDEX(ChqNorm,11)) | J27: =IF($I27="","",IF(AND($I27>=$H$3,$I27<=$H$4),1,0)) | K27: =IF($J27=0,"",INDEX(ChqKey,11)) | L27: =IF($K27="","",COUNTIFS($J$17:$J$516,1,$K$17:$K$516,"<"&$K27)+1)
A28: =IF(IFERROR(MATCH(12,ChqRankL,0),0)=0,"",12) | B28: =IF(IFERROR(MATCH(12,ChqRankL,0),0)=0,"",INDEX(ChqNorm,IFERROR(MATCH(12,ChqRankL,0),0))) | C28: =IF(IFERROR(MATCH(12,ChqRankL,0),0)=0,"",INDEX(ChqNo,IFERROR(MATCH(12,ChqRankL,0),0))) | D28: =IF(IFERROR(MATCH(12,ChqRankL,0),0)=0,"",IF(INDEX(ChqAmt,IFERROR(MATCH(12,ChqRankL,0),0))=0,"",INDEX(ChqAmt,IFERROR(MATCH(12,ChqRankL,0),0)))) | E28: =IF(IFERROR(MATCH(12,ChqRankL,0),0)=0,"",INDEX(ChqStatus,IFERROR(MATCH(12,ChqRankL,0),0))) | F28: =IF(IFERROR(MATCH(12,ChqRankL,0),0)=0,"",IF(INDEX(ChqStatus,IFERROR(MATCH(12,ChqRankL,0),0))="پاس نشده","—",IF(INDEX(ChqClr,IFERROR(MATCH(12,ChqRankL,0),0))="","—",INDEX(ChqClr,IFERROR(MATCH(12,ChqRankL,0),0))))) | I28: =IF(12>NChq,"",INDEX(ChqNorm,12)) | J28: =IF($I28="","",IF(AND($I28>=$H$3,$I28<=$H$4),1,0)) | K28: =IF($J28=0,"",INDEX(ChqKey,12)) | L28: =IF($K28="","",COUNTIFS($J$17:$J$516,1,$K$17:$K$516,"<"&$K28)+1)
A29: =IF(IFERROR(MATCH(13,ChqRankL,0),0)=0,"",13) | B29: =IF(IFERROR(MATCH(13,ChqRankL,0),0)=0,"",INDEX(ChqNorm,IFERROR(MATCH(13,ChqRankL,0),0))) | C29: =IF(IFERROR(MATCH(13,ChqRankL,0),0)=0,"",INDEX(ChqNo,IFERROR(MATCH(13,ChqRankL,0),0))) | D29: =IF(IFERROR(MATCH(13,ChqRankL,0),0)=0,"",IF(INDEX(ChqAmt,IFERROR(MATCH(13,ChqRankL,0),0))=0,"",INDEX(ChqAmt,IFERROR(MATCH(13,ChqRankL,0),0)))) | E29: =IF(IFERROR(MATCH(13,ChqRankL,0),0)=0,"",INDEX(ChqStatus,IFERROR(MATCH(13,ChqRankL,0),0))) | F29: =IF(IFERROR(MATCH(13,ChqRankL,0),0)=0,"",IF(INDEX(ChqStatus,IFERROR(MATCH(13,ChqRankL,0),0))="پاس نشده","—",IF(INDEX(ChqClr,IFERROR(MATCH(13,ChqRankL,0),0))="","—",INDEX(ChqClr,IFERROR(MATCH(13,ChqRankL,0),0))))) | I29: =IF(13>NChq,"",INDEX(ChqNorm,13)) | J29: =IF($I29="","",IF(AND($I29>=$H$3,$I29<=$H$4),1,0)) | K29: =IF($J29=0,"",INDEX(ChqKey,13)) | L29: =IF($K29="","",COUNTIFS($J$17:$J$516,1,$K$17:$K$516,"<"&$K29)+1)
A30: =IF(IFERROR(MATCH(14,ChqRankL,0),0)=0,"",14) | B30: =IF(IFERROR(MATCH(14,ChqRankL,0),0)=0,"",INDEX(ChqNorm,IFERROR(MATCH(14,ChqRankL,0),0))) | C30: =IF(IFERROR(MATCH(14,ChqRankL,0),0)=0,"",INDEX(ChqNo,IFERROR(MATCH(14,ChqRankL,0),0))) | D30: =IF(IFERROR(MATCH(14,ChqRankL,0),0)=0,"",IF(INDEX(ChqAmt,IFERROR(MATCH(14,ChqRankL,0),0))=0,"",INDEX(ChqAmt,IFERROR(MATCH(14,ChqRankL,0),0)))) | E30: =IF(IFERROR(MATCH(14,ChqRankL,0),0)=0,"",INDEX(ChqStatus,IFERROR(MATCH(14,ChqRankL,0),0))) | F30: =IF(IFERROR(MATCH(14,ChqRankL,0),0)=0,"",IF(INDEX(ChqStatus,IFERROR(MATCH(14,ChqRankL,0),0))="پاس نشده","—",IF(INDEX(ChqClr,IFERROR(MATCH(14,ChqRankL,0),0))="","—",INDEX(ChqClr,IFERROR(MATCH(14,ChqRankL,0),0))))) | I30: =IF(14>NChq,"",INDEX(ChqNorm,14)) | J30: =IF($I30="","",IF(AND($I30>=$H$3,$I30<=$H$4),1,0)) | K30: =IF($J30=0,"",INDEX(ChqKey,14)) | L30: =IF($K30="","",COUNTIFS($J$17:$J$516,1,$K$17:$K$516,"<"&$K30)+1)
A31: =IF(IFERROR(MATCH(15,ChqRankL,0),0)=0,"",15) | B31: =IF(IFERROR(MATCH(15,ChqRankL,0),0)=0,"",INDEX(ChqNorm,IFERROR(MATCH(15,ChqRankL,0),0))) | C31: =IF(IFERROR(MATCH(15,ChqRankL,0),0)=0,"",INDEX(ChqNo,IFERROR(MATCH(15,ChqRankL,0),0))) | D31: =IF(IFERROR(MATCH(15,ChqRankL,0),0)=0,"",IF(INDEX(ChqAmt,IFERROR(MATCH(15,ChqRankL,0),0))=0,"",INDEX(ChqAmt,IFERROR(MATCH(15,ChqRankL,0),0)))) | E31: =IF(IFERROR(MATCH(15,ChqRankL,0),0)=0,"",INDEX(ChqStatus,IFERROR(MATCH(15,ChqRankL,0),0))) | F31: =IF(IFERROR(MATCH(15,ChqRankL,0),0)=0,"",IF(INDEX(ChqStatus,IFERROR(MATCH(15,ChqRankL,0),0))="پاس نشده","—",IF(INDEX(ChqClr,IFERROR(MATCH(15,ChqRankL,0),0))="","—",INDEX(ChqClr,IFERROR(MATCH(15,ChqRankL,0),0))))) | I31: =IF(15>NChq,"",INDEX(ChqNorm,15)) | J31: =IF($I31="","",IF(AND($I31>=$H$3,$I31<=$H$4),1,0)) | K31: =IF($J31=0,"",INDEX(ChqKey,15)) | L31: =IF($K31="","",COUNTIFS($J$17:$J$516,1,$K$17:$K$516,"<"&$K31)+1)
A32: =IF(IFERROR(MATCH(16,ChqRankL,0),0)=0,"",16) | B32: =IF(IFERROR(MATCH(16,ChqRankL,0),0)=0,"",INDEX(ChqNorm,IFERROR(MATCH(16,ChqRankL,0),0))) | C32: =IF(IFERROR(MATCH(16,ChqRankL,0),0)=0,"",INDEX(ChqNo,IFERROR(MATCH(16,ChqRankL,0),0))) | D32: =IF(IFERROR(MATCH(16,ChqRankL,0),0)=0,"",IF(INDEX(ChqAmt,IFERROR(MATCH(16,ChqRankL,0),0))=0,"",INDEX(ChqAmt,IFERROR(MATCH(16,ChqRankL,0),0)))) | E32: =IF(IFERROR(MATCH(16,ChqRankL,0),0)=0,"",INDEX(ChqStatus,IFERROR(MATCH(16,ChqRankL,0),0))) | F32: =IF(IFERROR(MATCH(16,ChqRankL,0),0)=0,"",IF(INDEX(ChqStatus,IFERROR(MATCH(16,ChqRankL,0),0))="پاس نشده","—",IF(INDEX(ChqClr,IFERROR(MATCH(16,ChqRankL,0),0))="","—",INDEX(ChqClr,IFERROR(MATCH(16,ChqRankL,0),0))))) | I32: =IF(16>NChq,"",INDEX(ChqNorm,16)) | J32: =IF($I32="","",IF(AND($I32>=$H$3,$I32<=$H$4),1,0)) | K32: =IF($J32=0,"",INDEX(ChqKey,16)) | L32: =IF($K32="","",COUNTIFS($J$17:$J$516,1,$K$17:$K$516,"<"&$K32)+1)
A33: =IF(IFERROR(MATCH(17,ChqRankL,0),0)=0,"",17) | B33: =IF(IFERROR(MATCH(17,ChqRankL,0),0)=0,"",INDEX(ChqNorm,IFERROR(MATCH(17,ChqRankL,0),0))) | C33: =IF(IFERROR(MATCH(17,ChqRankL,0),0)=0,"",INDEX(ChqNo,IFERROR(MATCH(17,ChqRankL,0),0))) | D33: =IF(IFERROR(MATCH(17,ChqRankL,0),0)=0,"",IF(INDEX(ChqAmt,IFERROR(MATCH(17,ChqRankL,0),0))=0,"",INDEX(ChqAmt,IFERROR(MATCH(17,ChqRankL,0),0)))) | E33: =IF(IFERROR(MATCH(17,ChqRankL,0),0)=0,"",INDEX(ChqStatus,IFERROR(MATCH(17,ChqRankL,0),0))) | F33: =IF(IFERROR(MATCH(17,ChqRankL,0),0)=0,"",IF(INDEX(ChqStatus,IFERROR(MATCH(17,ChqRankL,0),0))="پاس نشده","—",IF(INDEX(ChqClr,IFERROR(MATCH(17,ChqRankL,0),0))="","—",INDEX(ChqClr,IFERROR(MATCH(17,ChqRankL,0),0))))) | I33: =IF(17>NChq,"",INDEX(ChqNorm,17)) | J33: =IF($I33="","",IF(AND($I33>=$H$3,$I33<=$H$4),1,0)) | K33: =IF($J33=0,"",INDEX(ChqKey,17)) | L33: =IF($K33="","",COUNTIFS($J$17:$J$516,1,$K$17:$K$516,"<"&$K33)+1)
A34: =IF(IFERROR(MATCH(18,ChqRankL,0),0)=0,"",18) | B34: =IF(IFERROR(MATCH(18,ChqRankL,0),0)=0,"",INDEX(ChqNorm,IFERROR(MATCH(18,ChqRankL,0),0))) | C34: =IF(IFERROR(MATCH(18,ChqRankL,0),0)=0,"",INDEX(ChqNo,IFERROR(MATCH(18,ChqRankL,0),0))) | D34: =IF(IFERROR(MATCH(18,ChqRankL,0),0)=0,"",IF(INDEX(ChqAmt,IFERROR(MATCH(18,ChqRankL,0),0))=0,"",INDEX(ChqAmt,IFERROR(MATCH(18,ChqRankL,0),0)))) | E34: =IF(IFERROR(MATCH(18,ChqRankL,0),0)=0,"",INDEX(ChqStatus,IFERROR(MATCH(18,ChqRankL,0),0))) | F34: =IF(IFERROR(MATCH(18,ChqRankL,0),0)=0,"",IF(INDEX(ChqStatus,IFERROR(MATCH(18,ChqRankL,0),0))="پاس نشده","—",IF(INDEX(ChqClr,IFERROR(MATCH(18,ChqRankL,0),0))="","—",INDEX(ChqClr,IFERROR(MATCH(18,ChqRankL,0),0))))) | I34: =IF(18>NChq,"",INDEX(ChqNorm,18)) | J34: =IF($I34="","",IF(AND($I34>=$H$3,$I34<=$H$4),1,0)) | K34: =IF($J34=0,"",INDEX(ChqKey,18)) | L34: =IF($K34="","",COUNTIFS($J$17:$J$516,1,$K$17:$K$516,"<"&$K34)+1)
A35: =IF(IFERROR(MATCH(19,ChqRankL,0),0)=0,"",19) | B35: =IF(IFERROR(MATCH(19,ChqRankL,0),0)=0,"",INDEX(ChqNorm,IFERROR(MATCH(19,ChqRankL,0),0))) | C35: =IF(IFERROR(MATCH(19,ChqRankL,0),0)=0,"",INDEX(ChqNo,IFERROR(MATCH(19,ChqRankL,0),0))) | D35: =IF(IFERROR(MATCH(19,ChqRankL,0),0)=0,"",IF(INDEX(ChqAmt,IFERROR(MATCH(19,ChqRankL,0),0))=0,"",INDEX(ChqAmt,IFERROR(MATCH(19,ChqRankL,0),0)))) | E35: =IF(IFERROR(MATCH(19,ChqRankL,0),0)=0,"",INDEX(ChqStatus,IFERROR(MATCH(19,ChqRankL,0),0))) | F35: =IF(IFERROR(MATCH(19,ChqRankL,0),0)=0,"",IF(INDEX(ChqStatus,IFERROR(MATCH(19,ChqRankL,0),0))="پاس نشده","—",IF(INDEX(ChqClr,IFERROR(MATCH(19,ChqRankL,0),0))="","—",INDEX(ChqClr,IFERROR(MATCH(19,ChqRankL,0),0))))) | I35: =IF(19>NChq,"",INDEX(ChqNorm,19)) | J35: =IF($I35="","",IF(AND($I35>=$H$3,$I35<=$H$4),1,0)) | K35: =IF($J35=0,"",INDEX(ChqKey,19)) | L35: =IF($K35="","",COUNTIFS($J$17:$J$516,1,$K$17:$K$516,"<"&$K35)+1)
A36: =IF(IFERROR(MATCH(20,ChqRankL,0),0)=0,"",20) | B36: =IF(IFERROR(MATCH(20,ChqRankL,0),0)=0,"",INDEX(ChqNorm,IFERROR(MATCH(20,ChqRankL,0),0))) | C36: =IF(IFERROR(MATCH(20,ChqRankL,0),0)=0,"",INDEX(ChqNo,IFERROR(MATCH(20,ChqRankL,0),0))) | D36: =IF(IFERROR(MATCH(20,ChqRankL,0),0)=0,"",IF(INDEX(ChqAmt,IFERROR(MATCH(20,ChqRankL,0),0))=0,"",INDEX(ChqAmt,IFERROR(MATCH(20,ChqRankL,0),0)))) | E36: =IF(IFERROR(MATCH(20,ChqRankL,0),0)=0,"",INDEX(ChqStatus,IFERROR(MATCH(20,ChqRankL,0),0))) | F36: =IF(IFERROR(MATCH(20,ChqRankL,0),0)=0,"",IF(INDEX(ChqStatus,IFERROR(MATCH(20,ChqRankL,0),0))="پاس نشده","—",IF(INDEX(ChqClr,IFERROR(MATCH(20,ChqRankL,0),0))="","—",INDEX(ChqClr,IFERROR(MATCH(20,ChqRankL,0),0))))) | I36: =IF(20>NChq,"",INDEX(ChqNorm,20)) | J36: =IF($I36="","",IF(AND($I36>=$H$3,$I36<=$H$4),1,0)) | K36: =IF($J36=0,"",INDEX(ChqKey,20)) | L36: =IF($K36="","",COUNTIFS($J$17:$J$516,1,$K$17:$K$516,"<"&$K36)+1)
A37: =IF(IFERROR(MATCH(21,ChqRankL,0),0)=0,"",21) | B37: =IF(IFERROR(MATCH(21,ChqRankL,0),0)=0,"",INDEX(ChqNorm,IFERROR(MATCH(21,ChqRankL,0),0))) | C37: =IF(IFERROR(MATCH(21,ChqRankL,0),0)=0,"",INDEX(ChqNo,IFERROR(MATCH(21,ChqRankL,0),0))) | D37: =IF(IFERROR(MATCH(21,ChqRankL,0),0)=0,"",IF(INDEX(ChqAmt,IFERROR(MATCH(21,ChqRankL,0),0))=0,"",INDEX(ChqAmt,IFERROR(MATCH(21,ChqRankL,0),0)))) | E37: =IF(IFERROR(MATCH(21,ChqRankL,0),0)=0,"",INDEX(ChqStatus,IFERROR(MATCH(21,ChqRankL,0),0))) | F37: =IF(IFERROR(MATCH(21,ChqRankL,0),0)=0,"",IF(INDEX(ChqStatus,IFERROR(MATCH(21,ChqRankL,0),0))="پاس نشده","—",IF(INDEX(ChqClr,IFERROR(MATCH(21,ChqRankL,0),0))="","—",INDEX(ChqClr,IFERROR(MATCH(21,ChqRankL,0),0))))) | I37: =IF(21>NChq,"",INDEX(ChqNorm,21)) | J37: =IF($I37="","",IF(AND($I37>=$H$3,$I37<=$H$4),1,0)) | K37: =IF($J37=0,"",INDEX(ChqKey,21)) | L37: =IF($K37="","",COUNTIFS($J$17:$J$516,1,$K$17:$K$516,"<"&$K37)+1)
A38: =IF(IFERROR(MATCH(22,ChqRankL,0),0)=0,"",22) | B38: =IF(IFERROR(MATCH(22,ChqRankL,0),0)=0,"",INDEX(ChqNorm,IFERROR(MATCH(22,ChqRankL,0),0))) | C38: =IF(IFERROR(MATCH(22,ChqRankL,0),0)=0,"",INDEX(ChqNo,IFERROR(MATCH(22,ChqRankL,0),0))) | D38: =IF(IFERROR(MATCH(22,ChqRankL,0),0)=0,"",IF(INDEX(ChqAmt,IFERROR(MATCH(22,ChqRankL,0),0))=0,"",INDEX(ChqAmt,IFERROR(MATCH(22,ChqRankL,0),0)))) | E38: =IF(IFERROR(MATCH(22,ChqRankL,0),0)=0,"",INDEX(ChqStatus,IFERROR(MATCH(22,ChqRankL,0),0))) | F38: =IF(IFERROR(MATCH(22,ChqRankL,0),0)=0,"",IF(INDEX(ChqStatus,IFERROR(MATCH(22,ChqRankL,0),0))="پاس نشده","—",IF(INDEX(ChqClr,IFERROR(MATCH(22,ChqRankL,0),0))="","—",INDEX(ChqClr,IFERROR(MATCH(22,ChqRankL,0),0))))) | I38: =IF(22>NChq,"",INDEX(ChqNorm,22)) | J38: =IF($I38="","",IF(AND($I38>=$H$3,$I38<=$H$4),1,0)) | K38: =IF($J38=0,"",INDEX(ChqKey,22)) | L38: =IF($K38="","",COUNTIFS($J$17:$J$516,1,$K$17:$K$516,"<"&$K38)+1)
A39: =IF(IFERROR(MATCH(23,ChqRankL,0),0)=0,"",23) | B39: =IF(IFERROR(MATCH(23,ChqRankL,0),0)=0,"",INDEX(ChqNorm,IFERROR(MATCH(23,ChqRankL,0),0))) | C39: =IF(IFERROR(MATCH(23,ChqRankL,0),0)=0,"",INDEX(ChqNo,IFERROR(MATCH(23,ChqRankL,0),0))) | D39: =IF(IFERROR(MATCH(23,ChqRankL,0),0)=0,"",IF(INDEX(ChqAmt,IFERROR(MATCH(23,ChqRankL,0),0))=0,"",INDEX(ChqAmt,IFERROR(MATCH(23,ChqRankL,0),0)))) | E39: =IF(IFERROR(MATCH(23,ChqRankL,0),0)=0,"",INDEX(ChqStatus,IFERROR(MATCH(23,ChqRankL,0),0))) | F39: =IF(IFERROR(MATCH(23,ChqRankL,0),0)=0,"",IF(INDEX(ChqStatus,IFERROR(MATCH(23,ChqRankL,0),0))="پاس نشده","—",IF(INDEX(ChqClr,IFERROR(MATCH(23,ChqRankL,0),0))="","—",INDEX(ChqClr,IFERROR(MATCH(23,ChqRankL,0),0))))) | I39: =IF(23>NChq,"",INDEX(ChqNorm,23)) | J39: =IF($I39="","",IF(AND($I39>=$H$3,$I39<=$H$4),1,0)) | K39: =IF($J39=0,"",INDEX(ChqKey,23)) | L39: =IF($K39="","",COUNTIFS($J$17:$J$516,1,$K$17:$K$516,"<"&$K39)+1)
A40: =IF(IFERROR(MATCH(24,ChqRankL,0),0)=0,"",24) | B40: =IF(IFERROR(MATCH(24,ChqRankL,0),0)=0,"",INDEX(ChqNorm,IFERROR(MATCH(24,ChqRankL,0),0))) | C40: =IF(IFERROR(MATCH(24,ChqRankL,0),0)=0,"",INDEX(ChqNo,IFERROR(MATCH(24,ChqRankL,0),0))) | D40: =IF(IFERROR(MATCH(24,ChqRankL,0),0)=0,"",IF(INDEX(ChqAmt,IFERROR(MATCH(24,ChqRankL,0),0))=0,"",INDEX(ChqAmt,IFERROR(MATCH(24,ChqRankL,0),0)))) | E40: =IF(IFERROR(MATCH(24,ChqRankL,0),0)=0,"",INDEX(ChqStatus,IFERROR(MATCH(24,ChqRankL,0),0))) | F40: =IF(IFERROR(MATCH(24,ChqRankL,0),0)=0,"",IF(INDEX(ChqStatus,IFERROR(MATCH(24,ChqRankL,0),0))="پاس نشده","—",IF(INDEX(ChqClr,IFERROR(MATCH(24,ChqRankL,0),0))="","—",INDEX(ChqClr,IFERROR(MATCH(24,ChqRankL,0),0))))) | I40: =IF(24>NChq,"",INDEX(ChqNorm,24)) | J40: =IF($I40="","",IF(AND($I40>=$H$3,$I40<=$H$4),1,0)) | K40: =IF($J40=0,"",INDEX(ChqKey,24)) | L40: =IF($K40="","",COUNTIFS($J$17:$J$516,1,$K$17:$K$516,"<"&$K40)+1)
A41: =IF(IFERROR(MATCH(25,ChqRankL,0),0)=0,"",25) | B41: =IF(IFERROR(MATCH(25,ChqRankL,0),0)=0,"",INDEX(ChqNorm,IFERROR(MATCH(25,ChqRankL,0),0))) | C41: =IF(IFERROR(MATCH(25,ChqRankL,0),0)=0,"",INDEX(ChqNo,IFERROR(MATCH(25,ChqRankL,0),0))) | D41: =IF(IFERROR(MATCH(25,ChqRankL,0),0)=0,"",IF(INDEX(ChqAmt,IFERROR(MATCH(25,ChqRankL,0),0))=0,"",INDEX(ChqAmt,IFERROR(MATCH(25,ChqRankL,0),0)))) | E41: =IF(IFERROR(MATCH(25,ChqRankL,0),0)=0,"",INDEX(ChqStatus,IFERROR(MATCH(25,ChqRankL,0),0))) | F41: =IF(IFERROR(MATCH(25,ChqRankL,0),0)=0,"",IF(INDEX(ChqStatus,IFERROR(MATCH(25,ChqRankL,0),0))="پاس نشده","—",IF(INDEX(ChqClr,IFERROR(MATCH(25,ChqRankL,0),0))="","—",INDEX(ChqClr,IFERROR(MATCH(25,ChqRankL,0),0))))) | I41: =IF(25>NChq,"",INDEX(ChqNorm,25)) | J41: =IF($I41="","",IF(AND($I41>=$H$3,$I41<=$H$4),1,0)) | K41: =IF($J41=0,"",INDEX(ChqKey,25)) | L41: =IF($K41="","",COUNTIFS($J$17:$J$516,1,$K$17:$K$516,"<"&$K41)+1)
A42: =IF(IFERROR(MATCH(26,ChqRankL,0),0)=0,"",26) | B42: =IF(IFERROR(MATCH(26,ChqRankL,0),0)=0,"",INDEX(ChqNorm,IFERROR(MATCH(26,ChqRankL,0),0))) | C42: =IF(IFERROR(MATCH(26,ChqRankL,0),0)=0,"",INDEX(ChqNo,IFERROR(MATCH(26,ChqRankL,0),0))) | D42: =IF(IFERROR(MATCH(26,ChqRankL,0),0)=0,"",IF(INDEX(ChqAmt,IFERROR(MATCH(26,ChqRankL,0),0))=0,"",INDEX(ChqAmt,IFERROR(MATCH(26,ChqRankL,0),0)))) | E42: =IF(IFERROR(MATCH(26,ChqRankL,0),0)=0,"",INDEX(ChqStatus,IFERROR(MATCH(26,ChqRankL,0),0))) | F42: =IF(IFERROR(MATCH(26,ChqRankL,0),0)=0,"",IF(INDEX(ChqStatus,IFERROR(MATCH(26,ChqRankL,0),0))="پاس نشده","—",IF(INDEX(ChqClr,IFERROR(MATCH(26,ChqRankL,0),0))="","—",INDEX(ChqClr,IFERROR(MATCH(26,ChqRankL,0),0))))) | I42: =IF(26>NChq,"",INDEX(ChqNorm,26)) | J42: =IF($I42="","",IF(AND($I42>=$H$3,$I42<=$H$4),1,0)) | K42: =IF($J42=0,"",INDEX(ChqKey,26)) | L42: =IF($K42="","",COUNTIFS($J$17:$J$516,1,$K$17:$K$516,"<"&$K42)+1)
A43: =IF(IFERROR(MATCH(27,ChqRankL,0),0)=0,"",27) | B43: =IF(IFERROR(MATCH(27,ChqRankL,0),0)=0,"",INDEX(ChqNorm,IFERROR(MATCH(27,ChqRankL,0),0))) | C43: =IF(IFERROR(MATCH(27,ChqRankL,0),0)=0,"",INDEX(ChqNo,IFERROR(MATCH(27,ChqRankL,0),0))) | D43: =IF(IFERROR(MATCH(27,ChqRankL,0),0)=0,"",IF(INDEX(ChqAmt,IFERROR(MATCH(27,ChqRankL,0),0))=0,"",INDEX(ChqAmt,IFERROR(MATCH(27,ChqRankL,0),0)))) | E43: =IF(IFERROR(MATCH(27,ChqRankL,0),0)=0,"",INDEX(ChqStatus,IFERROR(MATCH(27,ChqRankL,0),0))) | F43: =IF(IFERROR(MATCH(27,ChqRankL,0),0)=0,"",IF(INDEX(ChqStatus,IFERROR(MATCH(27,ChqRankL,0),0))="پاس نشده","—",IF(INDEX(ChqClr,IFERROR(MATCH(27,ChqRankL,0),0))="","—",INDEX(ChqClr,IFERROR(MATCH(27,ChqRankL,0),0))))) | I43: =IF(27>NChq,"",INDEX(ChqNorm,27)) | J43: =IF($I43="","",IF(AND($I43>=$H$3,$I43<=$H$4),1,0)) | K43: =IF($J43=0,"",INDEX(ChqKey,27)) | L43: =IF($K43="","",COUNTIFS($J$17:$J$516,1,$K$17:$K$516,"<"&$K43)+1)
A44: =IF(IFERROR(MATCH(28,ChqRankL,0),0)=0,"",28) | B44: =IF(IFERROR(MATCH(28,ChqRankL,0),0)=0,"",INDEX(ChqNorm,IFERROR(MATCH(28,ChqRankL,0),0))) | C44: =IF(IFERROR(MATCH(28,ChqRankL,0),0)=0,"",INDEX(ChqNo,IFERROR(MATCH(28,ChqRankL,0),0))) | D44: =IF(IFERROR(MATCH(28,ChqRankL,0),0)=0,"",IF(INDEX(ChqAmt,IFERROR(MATCH(28,ChqRankL,0),0))=0,"",INDEX(ChqAmt,IFERROR(MATCH(28,ChqRankL,0),0)))) | E44: =IF(IFERROR(MATCH(28,ChqRankL,0),0)=0,"",INDEX(ChqStatus,IFERROR(MATCH(28,ChqRankL,0),0))) | F44: =IF(IFERROR(MATCH(28,ChqRankL,0),0)=0,"",IF(INDEX(ChqStatus,IFERROR(MATCH(28,ChqRankL,0),0))="پاس نشده","—",IF(INDEX(ChqClr,IFERROR(MATCH(28,ChqRankL,0),0))="","—",INDEX(ChqClr,IFERROR(MATCH(28,ChqRankL,0),0))))) | I44: =IF(28>NChq,"",INDEX(ChqNorm,28)) | J44: =IF($I44="","",IF(AND($I44>=$H$3,$I44<=$H$4),1,0)) | K44: =IF($J44=0,"",INDEX(ChqKey,28)) | L44: =IF($K44="","",COUNTIFS($J$17:$J$516,1,$K$17:$K$516,"<"&$K44)+1)
A45: =IF(IFERROR(MATCH(29,ChqRankL,0),0)=0,"",29) | B45: =IF(IFERROR(MATCH(29,ChqRankL,0),0)=0,"",INDEX(ChqNorm,IFERROR(MATCH(29,ChqRankL,0),0))) | C45: =IF(IFERROR(MATCH(29,ChqRankL,0),0)=0,"",INDEX(ChqNo,IFERROR(MATCH(29,ChqRankL,0),0))) | D45: =IF(IFERROR(MATCH(29,ChqRankL,0),0)=0,"",IF(INDEX(ChqAmt,IFERROR(MATCH(29,ChqRankL,0),0))=0,"",INDEX(ChqAmt,IFERROR(MATCH(29,ChqRankL,0),0)))) | E45: =IF(IFERROR(MATCH(29,ChqRankL,0),0)=0,"",INDEX(ChqStatus,IFERROR(MATCH(29,ChqRankL,0),0))) | F45: =IF(IFERROR(MATCH(29,ChqRankL,0),0)=0,"",IF(INDEX(ChqStatus,IFERROR(MATCH(29,ChqRankL,0),0))="پاس نشده","—",IF(INDEX(ChqClr,IFERROR(MATCH(29,ChqRankL,0),0))="","—",INDEX(ChqClr,IFERROR(MATCH(29,ChqRankL,0),0))))) | I45: =IF(29>NChq,"",INDEX(ChqNorm,29)) | J45: =IF($I45="","",IF(AND($I45>=$H$3,$I45<=$H$4),1,0)) | K45: =IF($J45=0,"",INDEX(ChqKey,29)) | L45: =IF($K45="","",COUNTIFS($J$17:$J$516,1,$K$17:$K$516,"<"&$K45)+1)
A46: =IF(IFERROR(MATCH(30,ChqRankL,0),0)=0,"",30) | B46: =IF(IFERROR(MATCH(30,ChqRankL,0),0)=0,"",INDEX(ChqNorm,IFERROR(MATCH(30,ChqRankL,0),0))) | C46: =IF(IFERROR(MATCH(30,ChqRankL,0),0)=0,"",INDEX(ChqNo,IFERROR(MATCH(30,ChqRankL,0),0))) | D46: =IF(IFERROR(MATCH(30,ChqRankL,0),0)=0,"",IF(INDEX(ChqAmt,IFERROR(MATCH(30,ChqRankL,0),0))=0,"",INDEX(ChqAmt,IFERROR(MATCH(30,ChqRankL,0),0)))) | E46: =IF(IFERROR(MATCH(30,ChqRankL,0),0)=0,"",INDEX(ChqStatus,IFERROR(MATCH(30,ChqRankL,0),0))) | F46: =IF(IFERROR(MATCH(30,ChqRankL,0),0)=0,"",IF(INDEX(ChqStatus,IFERROR(MATCH(30,ChqRankL,0),0))="پاس نشده","—",IF(INDEX(ChqClr,IFERROR(MATCH(30,ChqRankL,0),0))="","—",INDEX(ChqClr,IFERROR(MATCH(30,ChqRankL,0),0))))) | I46: =IF(30>NChq,"",INDEX(ChqNorm,30)) | J46: =IF($I46="","",IF(AND($I46>=$H$3,$I46<=$H$4),1,0)) | K46: =IF($J46=0,"",INDEX(ChqKey,30)) | L46: =IF($K46="","",COUNTIFS($J$17:$J$516,1,$K$17:$K$516,"<"&$K46)+1)
A47: =IF(IFERROR(MATCH(31,ChqRankL,0),0)=0,"",31) | B47: =IF(IFERROR(MATCH(31,ChqRankL,0),0)=0,"",INDEX(ChqNorm,IFERROR(MATCH(31,ChqRankL,0),0))) | C47: =IF(IFERROR(MATCH(31,ChqRankL,0),0)=0,"",INDEX(ChqNo,IFERROR(MATCH(31,ChqRankL,0),0))) | D47: =IF(IFERROR(MATCH(31,ChqRankL,0),0)=0,"",IF(INDEX(ChqAmt,IFERROR(MATCH(31,ChqRankL,0),0))=0,"",INDEX(ChqAmt,IFERROR(MATCH(31,ChqRankL,0),0)))) | E47: =IF(IFERROR(MATCH(31,ChqRankL,0),0)=0,"",INDEX(ChqStatus,IFERROR(MATCH(31,ChqRankL,0),0))) | F47: =IF(IFERROR(MATCH(31,ChqRankL,0),0)=0,"",IF(INDEX(ChqStatus,IFERROR(MATCH(31,ChqRankL,0),0))="پاس نشده","—",IF(INDEX(ChqClr,IFERROR(MATCH(31,ChqRankL,0),0))="","—",INDEX(ChqClr,IFERROR(MATCH(31,ChqRankL,0),0))))) | I47: =IF(31>NChq,"",INDEX(ChqNorm,31)) | J47: =IF($I47="","",IF(AND($I47>=$H$3,$I47<=$H$4),1,0)) | K47: =IF($J47=0,"",INDEX(ChqKey,31)) | L47: =IF($K47="","",COUNTIFS($J$17:$J$516,1,$K$17:$K$516,"<"&$K47)+1)
A48: =IF(IFERROR(MATCH(32,ChqRankL,0),0)=0,"",32) | B48: =IF(IFERROR(MATCH(32,ChqRankL,0),0)=0,"",INDEX(ChqNorm,IFERROR(MATCH(32,ChqRankL,0),0))) | C48: =IF(IFERROR(MATCH(32,ChqRankL,0),0)=0,"",INDEX(ChqNo,IFERROR(MATCH(32,ChqRankL,0),0))) | D48: =IF(IFERROR(MATCH(32,ChqRankL,0),0)=0,"",IF(INDEX(ChqAmt,IFERROR(MATCH(32,ChqRankL,0),0))=0,"",INDEX(ChqAmt,IFERROR(MATCH(32,ChqRankL,0),0)))) | E48: =IF(IFERROR(MATCH(32,ChqRankL,0),0)=0,"",INDEX(ChqStatus,IFERROR(MATCH(32,ChqRankL,0),0))) | F48: =IF(IFERROR(MATCH(32,ChqRankL,0),0)=0,"",IF(INDEX(ChqStatus,IFERROR(MATCH(32,ChqRankL,0),0))="پاس نشده","—",IF(INDEX(ChqClr,IFERROR(MATCH(32,ChqRankL,0),0))="","—",INDEX(ChqClr,IFERROR(MATCH(32,ChqRankL,0),0))))) | I48: =IF(32>NChq,"",INDEX(ChqNorm,32)) | J48: =IF($I48="","",IF(AND($I48>=$H$3,$I48<=$H$4),1,0)) | K48: =IF($J48=0,"",INDEX(ChqKey,32)) | L48: =IF($K48="","",COUNTIFS($J$17:$J$516,1,$K$17:$K$516,"<"&$K48)+1)
A49: =IF(IFERROR(MATCH(33,ChqRankL,0),0)=0,"",33) | B49: =IF(IFERROR(MATCH(33,ChqRankL,0),0)=0,"",INDEX(ChqNorm,IFERROR(MATCH(33,ChqRankL,0),0))) | C49: =IF(IFERROR(MATCH(33,ChqRankL,0),0)=0,"",INDEX(ChqNo,IFERROR(MATCH(33,ChqRankL,0),0))) | D49: =IF(IFERROR(MATCH(33,ChqRankL,0),0)=0,"",IF(INDEX(ChqAmt,IFERROR(MATCH(33,ChqRankL,0),0))=0,"",INDEX(ChqAmt,IFERROR(MATCH(33,ChqRankL,0),0)))) | E49: =IF(IFERROR(MATCH(33,ChqRankL,0),0)=0,"",INDEX(ChqStatus,IFERROR(MATCH(33,ChqRankL,0),0))) | F49: =IF(IFERROR(MATCH(33,ChqRankL,0),0)=0,"",IF(INDEX(ChqStatus,IFERROR(MATCH(33,ChqRankL,0),0))="پاس نشده","—",IF(INDEX(ChqClr,IFERROR(MATCH(33,ChqRankL,0),0))="","—",INDEX(ChqClr,IFERROR(MATCH(33,ChqRankL,0),0))))) | I49: =IF(33>NChq,"",INDEX(ChqNorm,33)) | J49: =IF($I49="","",IF(AND($I49>=$H$3,$I49<=$H$4),1,0)) | K49: =IF($J49=0,"",INDEX(ChqKey,33)) | L49: =IF($K49="","",COUNTIFS($J$17:$J$516,1,$K$17:$K$516,"<"&$K49)+1)
A50: =IF(IFERROR(MATCH(34,ChqRankL,0),0)=0,"",34) | B50: =IF(IFERROR(MATCH(34,ChqRankL,0),0)=0,"",INDEX(ChqNorm,IFERROR(MATCH(34,ChqRankL,0),0))) | C50: =IF(IFERROR(MATCH(34,ChqRankL,0),0)=0,"",INDEX(ChqNo,IFERROR(MATCH(34,ChqRankL,0),0))) | D50: =IF(IFERROR(MATCH(34,ChqRankL,0),0)=0,"",IF(INDEX(ChqAmt,IFERROR(MATCH(34,ChqRankL,0),0))=0,"",INDEX(ChqAmt,IFERROR(MATCH(34,ChqRankL,0),0)))) | E50: =IF(IFERROR(MATCH(34,ChqRankL,0),0)=0,"",INDEX(ChqStatus,IFERROR(MATCH(34,ChqRankL,0),0))) | F50: =IF(IFERROR(MATCH(34,ChqRankL,0),0)=0,"",IF(INDEX(ChqStatus,IFERROR(MATCH(34,ChqRankL,0),0))="پاس نشده","—",IF(INDEX(ChqClr,IFERROR(MATCH(34,ChqRankL,0),0))="","—",INDEX(ChqClr,IFERROR(MATCH(34,ChqRankL,0),0))))) | I50: =IF(34>NChq,"",INDEX(ChqNorm,34)) | J50: =IF($I50="","",IF(AND($I50>=$H$3,$I50<=$H$4),1,0)) | K50: =IF($J50=0,"",INDEX(ChqKey,34)) | L50: =IF($K50="","",COUNTIFS($J$17:$J$516,1,$K$17:$K$516,"<"&$K50)+1)
A51: =IF(IFERROR(MATCH(35,ChqRankL,0),0)=0,"",35) | B51: =IF(IFERROR(MATCH(35,ChqRankL,0),0)=0,"",INDEX(ChqNorm,IFERROR(MATCH(35,ChqRankL,0),0))) | C51: =IF(IFERROR(MATCH(35,ChqRankL,0),0)=0,"",INDEX(ChqNo,IFERROR(MATCH(35,ChqRankL,0),0))) | D51: =IF(IFERROR(MATCH(35,ChqRankL,0),0)=0,"",IF(INDEX(ChqAmt,IFERROR(MATCH(35,ChqRankL,0),0))=0,"",INDEX(ChqAmt,IFERROR(MATCH(35,ChqRankL,0),0)))) | E51: =IF(IFERROR(MATCH(35,ChqRankL,0),0)=0,"",INDEX(ChqStatus,IFERROR(MATCH(35,ChqRankL,0),0))) | F51: =IF(IFERROR(MATCH(35,ChqRankL,0),0)=0,"",IF(INDEX(ChqStatus,IFERROR(MATCH(35,ChqRankL,0),0))="پاس نشده","—",IF(INDEX(ChqClr,IFERROR(MATCH(35,ChqRankL,0),0))="","—",INDEX(ChqClr,IFERROR(MATCH(35,ChqRankL,0),0))))) | I51: =IF(35>NChq,"",INDEX(ChqNorm,35)) | J51: =IF($I51="","",IF(AND($I51>=$H$3,$I51<=$H$4),1,0)) | K51: =IF($J51=0,"",INDEX(ChqKey,35)) | L51: =IF($K51="","",COUNTIFS($J$17:$J$516,1,$K$17:$K$516,"<"&$K51)+1)
A52: =IF(IFERROR(MATCH(36,ChqRankL,0),0)=0,"",36) | B52: =IF(IFERROR(MATCH(36,ChqRankL,0),0)=0,"",INDEX(ChqNorm,IFERROR(MATCH(36,ChqRankL,0),0))) | C52: =IF(IFERROR(MATCH(36,ChqRankL,0),0)=0,"",INDEX(ChqNo,IFERROR(MATCH(36,ChqRankL,0),0))) | D52: =IF(IFERROR(MATCH(36,ChqRankL,0),0)=0,"",IF(INDEX(ChqAmt,IFERROR(MATCH(36,ChqRankL,0),0))=0,"",INDEX(ChqAmt,IFERROR(MATCH(36,ChqRankL,0),0)))) | E52: =IF(IFERROR(MATCH(36,ChqRankL,0),0)=0,"",INDEX(ChqStatus,IFERROR(MATCH(36,ChqRankL,0),0))) | F52: =IF(IFERROR(MATCH(36,ChqRankL,0),0)=0,"",IF(INDEX(ChqStatus,IFERROR(MATCH(36,ChqRankL,0),0))="پاس نشده","—",IF(INDEX(ChqClr,IFERROR(MATCH(36,ChqRankL,0),0))="","—",INDEX(ChqClr,IFERROR(MATCH(36,ChqRankL,0),0))))) | I52: =IF(36>NChq,"",INDEX(ChqNorm,36)) | J52: =IF($I52="","",IF(AND($I52>=$H$3,$I52<=$H$4),1,0)) | K52: =IF($J52=0,"",INDEX(ChqKey,36)) | L52: =IF($K52="","",COUNTIFS($J$17:$J$516,1,$K$17:$K$516,"<"&$K52)+1)
A53: =IF(IFERROR(MATCH(37,ChqRankL,0),0)=0,"",37) | B53: =IF(IFERROR(MATCH(37,ChqRankL,0),0)=0,"",INDEX(ChqNorm,IFERROR(MATCH(37,ChqRankL,0),0))) | C53: =IF(IFERROR(MATCH(37,ChqRankL,0),0)=0,"",INDEX(ChqNo,IFERROR(MATCH(37,ChqRankL,0),0))) | D53: =IF(IFERROR(MATCH(37,ChqRankL,0),0)=0,"",IF(INDEX(ChqAmt,IFERROR(MATCH(37,ChqRankL,0),0))=0,"",INDEX(ChqAmt,IFERROR(MATCH(37,ChqRankL,0),0)))) | E53: =IF(IFERROR(MATCH(37,ChqRankL,0),0)=0,"",INDEX(ChqStatus,IFERROR(MATCH(37,ChqRankL,0),0))) | F53: =IF(IFERROR(MATCH(37,ChqRankL,0),0)=0,"",IF(INDEX(ChqStatus,IFERROR(MATCH(37,ChqRankL,0),0))="پاس نشده","—",IF(INDEX(ChqClr,IFERROR(MATCH(37,ChqRankL,0),0))="","—",INDEX(ChqClr,IFERROR(MATCH(37,ChqRankL,0),0))))) | I53: =IF(37>NChq,"",INDEX(ChqNorm,37)) | J53: =IF($I53="","",IF(AND($I53>=$H$3,$I53<=$H$4),1,0)) | K53: =IF($J53=0,"",INDEX(ChqKey,37)) | L53: =IF($K53="","",COUNTIFS($J$17:$J$516,1,$K$17:$K$516,"<"&$K53)+1)
A54: =IF(IFERROR(MATCH(38,ChqRankL,0),0)=0,"",38) | B54: =IF(IFERROR(MATCH(38,ChqRankL,0),0)=0,"",INDEX(ChqNorm,IFERROR(MATCH(38,ChqRankL,0),0))) | C54: =IF(IFERROR(MATCH(38,ChqRankL,0),0)=0,"",INDEX(ChqNo,IFERROR(MATCH(38,ChqRankL,0),0))) | D54: =IF(IFERROR(MATCH(38,ChqRankL,0),0)=0,"",IF(INDEX(ChqAmt,IFERROR(MATCH(38,ChqRankL,0),0))=0,"",INDEX(ChqAmt,IFERROR(MATCH(38,ChqRankL,0),0)))) | E54: =IF(IFERROR(MATCH(38,ChqRankL,0),0)=0,"",INDEX(ChqStatus,IFERROR(MATCH(38,ChqRankL,0),0))) | F54: =IF(IFERROR(MATCH(38,ChqRankL,0),0)=0,"",IF(INDEX(ChqStatus,IFERROR(MATCH(38,ChqRankL,0),0))="پاس نشده","—",IF(INDEX(ChqClr,IFERROR(MATCH(38,ChqRankL,0),0))="","—",INDEX(ChqClr,IFERROR(MATCH(38,ChqRankL,0),0))))) | I54: =IF(38>NChq,"",INDEX(ChqNorm,38)) | J54: =IF($I54="","",IF(AND($I54>=$H$3,$I54<=$H$4),1,0)) | K54: =IF($J54=0,"",INDEX(ChqKey,38)) | L54: =IF($K54="","",COUNTIFS($J$17:$J$516,1,$K$17:$K$516,"<"&$K54)+1)
A55: =IF(IFERROR(MATCH(39,ChqRankL,0),0)=0,"",39) | B55: =IF(IFERROR(MATCH(39,ChqRankL,0),0)=0,"",INDEX(ChqNorm,IFERROR(MATCH(39,ChqRankL,0),0))) | C55: =IF(IFERROR(MATCH(39,ChqRankL,0),0)=0,"",INDEX(ChqNo,IFERROR(MATCH(39,ChqRankL,0),0))) | D55: =IF(IFERROR(MATCH(39,ChqRankL,0),0)=0,"",IF(INDEX(ChqAmt,IFERROR(MATCH(39,ChqRankL,0),0))=0,"",INDEX(ChqAmt,IFERROR(MATCH(39,ChqRankL,0),0)))) | E55: =IF(IFERROR(MATCH(39,ChqRankL,0),0)=0,"",INDEX(ChqStatus,IFERROR(MATCH(39,ChqRankL,0),0))) | F55: =IF(IFERROR(MATCH(39,ChqRankL,0),0)=0,"",IF(INDEX(ChqStatus,IFERROR(MATCH(39,ChqRankL,0),0))="پاس نشده","—",IF(INDEX(ChqClr,IFERROR(MATCH(39,ChqRankL,0),0))="","—",INDEX(ChqClr,IFERROR(MATCH(39,ChqRankL,0),0))))) | I55: =IF(39>NChq,"",INDEX(ChqNorm,39)) | J55: =IF($I55="","",IF(AND($I55>=$H$3,$I55<=$H$4),1,0)) | K55: =IF($J55=0,"",INDEX(ChqKey,39)) | L55: =IF($K55="","",COUNTIFS($J$17:$J$516,1,$K$17:$K$516,"<"&$K55)+1)
A56: =IF(IFERROR(MATCH(40,ChqRankL,0),0)=0,"",40) | B56: =IF(IFERROR(MATCH(40,ChqRankL,0),0)=0,"",INDEX(ChqNorm,IFERROR(MATCH(40,ChqRankL,0),0))) | C56: =IF(IFERROR(MATCH(40,ChqRankL,0),0)=0,"",INDEX(ChqNo,IFERROR(MATCH(40,ChqRankL,0),0))) | D56: =IF(IFERROR(MATCH(40,ChqRankL,0),0)=0,"",IF(INDEX(ChqAmt,IFERROR(MATCH(40,ChqRankL,0),0))=0,"",INDEX(ChqAmt,IFERROR(MATCH(40,ChqRankL,0),0)))) | E56: =IF(IFERROR(MATCH(40,ChqRankL,0),0)=0,"",INDEX(ChqStatus,IFERROR(MATCH(40,ChqRankL,0),0))) | F56: =IF(IFERROR(MATCH(40,ChqRankL,0),0)=0,"",IF(INDEX(ChqStatus,IFERROR(MATCH(40,ChqRankL,0),0))="پاس نشده","—",IF(INDEX(ChqClr,IFERROR(MATCH(40,ChqRankL,0),0))="","—",INDEX(ChqClr,IFERROR(MATCH(40,ChqRankL,0),0))))) | I56: =IF(40>NChq,"",INDEX(ChqNorm,40)) | J56: =IF($I56="","",IF(AND($I56>=$H$3,$I56<=$H$4),1,0)) | K56: =IF($J56=0,"",INDEX(ChqKey,40)) | L56: =IF($K56="","",COUNTIFS($J$17:$J$516,1,$K$17:$K$516,"<"&$K56)+1)
A57: =IF(IFERROR(MATCH(41,ChqRankL,0),0)=0,"",41) | B57: =IF(IFERROR(MATCH(41,ChqRankL,0),0)=0,"",INDEX(ChqNorm,IFERROR(MATCH(41,ChqRankL,0),0))) | C57: =IF(IFERROR(MATCH(41,ChqRankL,0),0)=0,"",INDEX(ChqNo,IFERROR(MATCH(41,ChqRankL,0),0))) | D57: =IF(IFERROR(MATCH(41,ChqRankL,0),0)=0,"",IF(INDEX(ChqAmt,IFERROR(MATCH(41,ChqRankL,0),0))=0,"",INDEX(ChqAmt,IFERROR(MATCH(41,ChqRankL,0),0)))) | E57: =IF(IFERROR(MATCH(41,ChqRankL,0),0)=0,"",INDEX(ChqStatus,IFERROR(MATCH(41,ChqRankL,0),0))) | F57: =IF(IFERROR(MATCH(41,ChqRankL,0),0)=0,"",IF(INDEX(ChqStatus,IFERROR(MATCH(41,ChqRankL,0),0))="پاس نشده","—",IF(INDEX(ChqClr,IFERROR(MATCH(41,ChqRankL,0),0))="","—",INDEX(ChqClr,IFERROR(MATCH(41,ChqRankL,0),0))))) | I57: =IF(41>NChq,"",INDEX(ChqNorm,41)) | J57: =IF($I57="","",IF(AND($I57>=$H$3,$I57<=$H$4),1,0)) | K57: =IF($J57=0,"",INDEX(ChqKey,41)) | L57: =IF($K57="","",COUNTIFS($J$17:$J$516,1,$K$17:$K$516,"<"&$K57)+1)
A58: =IF(IFERROR(MATCH(42,ChqRankL,0),0)=0,"",42) | B58: =IF(IFERROR(MATCH(42,ChqRankL,0),0)=0,"",INDEX(ChqNorm,IFERROR(MATCH(42,ChqRankL,0),0))) | C58: =IF(IFERROR(MATCH(42,ChqRankL,0),0)=0,"",INDEX(ChqNo,IFERROR(MATCH(42,ChqRankL,0),0))) | D58: =IF(IFERROR(MATCH(42,ChqRankL,0),0)=0,"",IF(INDEX(ChqAmt,IFERROR(MATCH(42,ChqRankL,0),0))=0,"",INDEX(ChqAmt,IFERROR(MATCH(42,ChqRankL,0),0)))) | E58: =IF(IFERROR(MATCH(42,ChqRankL,0),0)=0,"",INDEX(ChqStatus,IFERROR(MATCH(42,ChqRankL,0),0))) | F58: =IF(IFERROR(MATCH(42,ChqRankL,0),0)=0,"",IF(INDEX(ChqStatus,IFERROR(MATCH(42,ChqRankL,0),0))="پاس نشده","—",IF(INDEX(ChqClr,IFERROR(MATCH(42,ChqRankL,0),0))="","—",INDEX(ChqClr,IFERROR(MATCH(42,ChqRankL,0),0))))) | I58: =IF(42>NChq,"",INDEX(ChqNorm,42)) | J58: =IF($I58="","",IF(AND($I58>=$H$3,$I58<=$H$4),1,0)) | K58: =IF($J58=0,"",INDEX(ChqKey,42)) | L58: =IF($K58="","",COUNTIFS($J$17:$J$516,1,$K$17:$K$516,"<"&$K58)+1)
A59: =IF(IFERROR(MATCH(43,ChqRankL,0),0)=0,"",43) | B59: =IF(IFERROR(MATCH(43,ChqRankL,0),0)=0,"",INDEX(ChqNorm,IFERROR(MATCH(43,ChqRankL,0),0))) | C59: =IF(IFERROR(MATCH(43,ChqRankL,0),0)=0,"",INDEX(ChqNo,IFERROR(MATCH(43,ChqRankL,0),0))) | D59: =IF(IFERROR(MATCH(43,ChqRankL,0),0)=0,"",IF(INDEX(ChqAmt,IFERROR(MATCH(43,ChqRankL,0),0))=0,"",INDEX(ChqAmt,IFERROR(MATCH(43,ChqRankL,0),0)))) | E59: =IF(IFERROR(MATCH(43,ChqRankL,0),0)=0,"",INDEX(ChqStatus,IFERROR(MATCH(43,ChqRankL,0),0))) | F59: =IF(IFERROR(MATCH(43,ChqRankL,0),0)=0,"",IF(INDEX(ChqStatus,IFERROR(MATCH(43,ChqRankL,0),0))="پاس نشده","—",IF(INDEX(ChqClr,IFERROR(MATCH(43,ChqRankL,0),0))="","—",INDEX(ChqClr,IFERROR(MATCH(43,ChqRankL,0),0))))) | I59: =IF(43>NChq,"",INDEX(ChqNorm,43)) | J59: =IF($I59="","",IF(AND($I59>=$H$3,$I59<=$H$4),1,0)) | K59: =IF($J59=0,"",INDEX(ChqKey,43)) | L59: =IF($K59="","",COUNTIFS($J$17:$J$516,1,$K$17:$K$516,"<"&$K59)+1)
A60: =IF(IFERROR(MATCH(44,ChqRankL,0),0)=0,"",44) | B60: =IF(IFERROR(MATCH(44,ChqRankL,0),0)=0,"",INDEX(ChqNorm,IFERROR(MATCH(44,ChqRankL,0),0))) | C60: =IF(IFERROR(MATCH(44,ChqRankL,0),0)=0,"",INDEX(ChqNo,IFERROR(MATCH(44,ChqRankL,0),0))) | D60: =IF(IFERROR(MATCH(44,ChqRankL,0),0)=0,"",IF(INDEX(ChqAmt,IFERROR(MATCH(44,ChqRankL,0),0))=0,"",INDEX(ChqAmt,IFERROR(MATCH(44,ChqRankL,0),0)))) | E60: =IF(IFERROR(MATCH(44,ChqRankL,0),0)=0,"",INDEX(ChqStatus,IFERROR(MATCH(44,ChqRankL,0),0))) | F60: =IF(IFERROR(MATCH(44,ChqRankL,0),0)=0,"",IF(INDEX(ChqStatus,IFERROR(MATCH(44,ChqRankL,0),0))="پاس نشده","—",IF(INDEX(ChqClr,IFERROR(MATCH(44,ChqRankL,0),0))="","—",INDEX(ChqClr,IFERROR(MATCH(44,ChqRankL,0),0))))) | I60: =IF(44>NChq,"",INDEX(ChqNorm,44)) | J60: =IF($I60="","",IF(AND($I60>=$H$3,$I60<=$H$4),1,0)) | K60: =IF($J60=0,"",INDEX(ChqKey,44)) | L60: =IF($K60="","",COUNTIFS($J$17:$J$516,1,$K$17:$K$516,"<"&$K60)+1)
A61: =IF(IFERROR(MATCH(45,ChqRankL,0),0)=0,"",45) | B61: =IF(IFERROR(MATCH(45,ChqRankL,0),0)=0,"",INDEX(ChqNorm,IFERROR(MATCH(45,ChqRankL,0),0))) | C61: =IF(IFERROR(MATCH(45,ChqRankL,0),0)=0,"",INDEX(ChqNo,IFERROR(MATCH(45,ChqRankL,0),0))) | D61: =IF(IFERROR(MATCH(45,ChqRankL,0),0)=0,"",IF(INDEX(ChqAmt,IFERROR(MATCH(45,ChqRankL,0),0))=0,"",INDEX(ChqAmt,IFERROR(MATCH(45,ChqRankL,0),0)))) | E61: =IF(IFERROR(MATCH(45,ChqRankL,0),0)=0,"",INDEX(ChqStatus,IFERROR(MATCH(45,ChqRankL,0),0))) | F61: =IF(IFERROR(MATCH(45,ChqRankL,0),0)=0,"",IF(INDEX(ChqStatus,IFERROR(MATCH(45,ChqRankL,0),0))="پاس نشده","—",IF(INDEX(ChqClr,IFERROR(MATCH(45,ChqRankL,0),0))="","—",INDEX(ChqClr,IFERROR(MATCH(45,ChqRankL,0),0))))) | I61: =IF(45>NChq,"",INDEX(ChqNorm,45)) | J61: =IF($I61="","",IF(AND($I61>=$H$3,$I61<=$H$4),1,0)) | K61: =IF($J61=0,"",INDEX(ChqKey,45)) | L61: =IF($K61="","",COUNTIFS($J$17:$J$516,1,$K$17:$K$516,"<"&$K61)+1)
A62: =IF(IFERROR(MATCH(46,ChqRankL,0),0)=0,"",46) | B62: =IF(IFERROR(MATCH(46,ChqRankL,0),0)=0,"",INDEX(ChqNorm,IFERROR(MATCH(46,ChqRankL,0),0))) | C62: =IF(IFERROR(MATCH(46,ChqRankL,0),0)=0,"",INDEX(ChqNo,IFERROR(MATCH(46,ChqRankL,0),0))) | D62: =IF(IFERROR(MATCH(46,ChqRankL,0),0)=0,"",IF(INDEX(ChqAmt,IFERROR(MATCH(46,ChqRankL,0),0))=0,"",INDEX(ChqAmt,IFERROR(MATCH(46,ChqRankL,0),0)))) | E62: =IF(IFERROR(MATCH(46,ChqRankL,0),0)=0,"",INDEX(ChqStatus,IFERROR(MATCH(46,ChqRankL,0),0))) | F62: =IF(IFERROR(MATCH(46,ChqRankL,0),0)=0,"",IF(INDEX(ChqStatus,IFERROR(MATCH(46,ChqRankL,0),0))="پاس نشده","—",IF(INDEX(ChqClr,IFERROR(MATCH(46,ChqRankL,0),0))="","—",INDEX(ChqClr,IFERROR(MATCH(46,ChqRankL,0),0))))) | I62: =IF(46>NChq,"",INDEX(ChqNorm,46)) | J62: =IF($I62="","",IF(AND($I62>=$H$3,$I62<=$H$4),1,0)) | K62: =IF($J62=0,"",INDEX(ChqKey,46)) | L62: =IF($K62="","",COUNTIFS($J$17:$J$516,1,$K$17:$K$516,"<"&$K62)+1)
A63: =IF(IFERROR(MATCH(47,ChqRankL,0),0)=0,"",47) | B63: =IF(IFERROR(MATCH(47,ChqRankL,0),0)=0,"",INDEX(ChqNorm,IFERROR(MATCH(47,ChqRankL,0),0))) | C63: =IF(IFERROR(MATCH(47,ChqRankL,0),0)=0,"",INDEX(ChqNo,IFERROR(MATCH(47,ChqRankL,0),0))) | D63: =IF(IFERROR(MATCH(47,ChqRankL,0),0)=0,"",IF(INDEX(ChqAmt,IFERROR(MATCH(47,ChqRankL,0),0))=0,"",INDEX(ChqAmt,IFERROR(MATCH(47,ChqRankL,0),0)))) | E63: =IF(IFERROR(MATCH(47,ChqRankL,0),0)=0,"",INDEX(ChqStatus,IFERROR(MATCH(47,ChqRankL,0),0))) | F63: =IF(IFERROR(MATCH(47,ChqRankL,0),0)=0,"",IF(INDEX(ChqStatus,IFERROR(MATCH(47,ChqRankL,0),0))="پاس نشده","—",IF(INDEX(ChqClr,IFERROR(MATCH(47,ChqRankL,0),0))="","—",INDEX(ChqClr,IFERROR(MATCH(47,ChqRankL,0),0))))) | I63: =IF(47>NChq,"",INDEX(ChqNorm,47)) | J63: =IF($I63="","",IF(AND($I63>=$H$3,$I63<=$H$4),1,0)) | K63: =IF($J63=0,"",INDEX(ChqKey,47)) | L63: =IF($K63="","",COUNTIFS($J$17:$J$516,1,$K$17:$K$516,"<"&$K63)+1)
A64: =IF(IFERROR(MATCH(48,ChqRankL,0),0)=0,"",48) | B64: =IF(IFERROR(MATCH(48,ChqRankL,0),0)=0,"",INDEX(ChqNorm,IFERROR(MATCH(48,ChqRankL,0),0))) | C64: =IF(IFERROR(MATCH(48,ChqRankL,0),0)=0,"",INDEX(ChqNo,IFERROR(MATCH(48,ChqRankL,0),0))) | D64: =IF(IFERROR(MATCH(48,ChqRankL,0),0)=0,"",IF(INDEX(ChqAmt,IFERROR(MATCH(48,ChqRankL,0),0))=0,"",INDEX(ChqAmt,IFERROR(MATCH(48,ChqRankL,0),0)))) | E64: =IF(IFERROR(MATCH(48,ChqRankL,0),0)=0,"",INDEX(ChqStatus,IFERROR(MATCH(48,ChqRankL,0),0))) | F64: =IF(IFERROR(MATCH(48,ChqRankL,0),0)=0,"",IF(INDEX(ChqStatus,IFERROR(MATCH(48,ChqRankL,0),0))="پاس نشده","—",IF(INDEX(ChqClr,IFERROR(MATCH(48,ChqRankL,0),0))="","—",INDEX(ChqClr,IFERROR(MATCH(48,ChqRankL,0),0))))) | I64: =IF(48>NChq,"",INDEX(ChqNorm,48)) | J64: =IF($I64="","",IF(AND($I64>=$H$3,$I64<=$H$4),1,0)) | K64: =IF($J64=0,"",INDEX(ChqKey,48)) | L64: =IF($K64="","",COUNTIFS($J$17:$J$516,1,$K$17:$K$516,"<"&$K64)+1)
A65: =IF(IFERROR(MATCH(49,ChqRankL,0),0)=0,"",49) | B65: =IF(IFERROR(MATCH(49,ChqRankL,0),0)=0,"",INDEX(ChqNorm,IFERROR(MATCH(49,ChqRankL,0),0))) | C65: =IF(IFERROR(MATCH(49,ChqRankL,0),0)=0,"",INDEX(ChqNo,IFERROR(MATCH(49,ChqRankL,0),0))) | D65: =IF(IFERROR(MATCH(49,ChqRankL,0),0)=0,"",IF(INDEX(ChqAmt,IFERROR(MATCH(49,ChqRankL,0),0))=0,"",INDEX(ChqAmt,IFERROR(MATCH(49,ChqRankL,0),0)))) | E65: =IF(IFERROR(MATCH(49,ChqRankL,0),0)=0,"",INDEX(ChqStatus,IFERROR(MATCH(49,ChqRankL,0),0))) | F65: =IF(IFERROR(MATCH(49,ChqRankL,0),0)=0,"",IF(INDEX(ChqStatus,IFERROR(MATCH(49,ChqRankL,0),0))="پاس نشده","—",IF(INDEX(ChqClr,IFERROR(MATCH(49,ChqRankL,0),0))="","—",INDEX(ChqClr,IFERROR(MATCH(49,ChqRankL,0),0))))) | I65: =IF(49>NChq,"",INDEX(ChqNorm,49)) | J65: =IF($I65="","",IF(AND($I65>=$H$3,$I65<=$H$4),1,0)) | K65: =IF($J65=0,"",INDEX(ChqKey,49)) | L65: =IF($K65="","",COUNTIFS($J$17:$J$516,1,$K$17:$K$516,"<"&$K65)+1)
A66: =IF(IFERROR(MATCH(50,ChqRankL,0),0)=0,"",50) | B66: =IF(IFERROR(MATCH(50,ChqRankL,0),0)=0,"",INDEX(ChqNorm,IFERROR(MATCH(50,ChqRankL,0),0))) | C66: =IF(IFERROR(MATCH(50,ChqRankL,0),0)=0,"",INDEX(ChqNo,IFERROR(MATCH(50,ChqRankL,0),0))) | D66: =IF(IFERROR(MATCH(50,ChqRankL,0),0)=0,"",IF(INDEX(ChqAmt,IFERROR(MATCH(50,ChqRankL,0),0))=0,"",INDEX(ChqAmt,IFERROR(MATCH(50,ChqRankL,0),0)))) | E66: =IF(IFERROR(MATCH(50,ChqRankL,0),0)=0,"",INDEX(ChqStatus,IFERROR(MATCH(50,ChqRankL,0),0))) | F66: =IF(IFERROR(MATCH(50,ChqRankL,0),0)=0,"",IF(INDEX(ChqStatus,IFERROR(MATCH(50,ChqRankL,0),0))="پاس نشده","—",IF(INDEX(ChqClr,IFERROR(MATCH(50,ChqRankL,0),0))="","—",INDEX(ChqClr,IFERROR(MATCH(50,ChqRankL,0),0))))) | I66: =IF(50>NChq,"",INDEX(ChqNorm,50)) | J66: =IF($I66="","",IF(AND($I66>=$H$3,$I66<=$H$4),1,0)) | K66: =IF($J66=0,"",INDEX(ChqKey,50)) | L66: =IF($K66="","",COUNTIFS($J$17:$J$516,1,$K$17:$K$516,"<"&$K66)+1)
A67: =IF(IFERROR(MATCH(51,ChqRankL,0),0)=0,"",51) | B67: =IF(IFERROR(MATCH(51,ChqRankL,0),0)=0,"",INDEX(ChqNorm,IFERROR(MATCH(51,ChqRankL,0),0))) | C67: =IF(IFERROR(MATCH(51,ChqRankL,0),0)=0,"",INDEX(ChqNo,IFERROR(MATCH(51,ChqRankL,0),0))) | D67: =IF(IFERROR(MATCH(51,ChqRankL,0),0)=0,"",IF(INDEX(ChqAmt,IFERROR(MATCH(51,ChqRankL,0),0))=0,"",INDEX(ChqAmt,IFERROR(MATCH(51,ChqRankL,0),0)))) | E67: =IF(IFERROR(MATCH(51,ChqRankL,0),0)=0,"",INDEX(ChqStatus,IFERROR(MATCH(51,ChqRankL,0),0))) | F67: =IF(IFERROR(MATCH(51,ChqRankL,0),0)=0,"",IF(INDEX(ChqStatus,IFERROR(MATCH(51,ChqRankL,0),0))="پاس نشده","—",IF(INDEX(ChqClr,IFERROR(MATCH(51,ChqRankL,0),0))="","—",INDEX(ChqClr,IFERROR(MATCH(51,ChqRankL,0),0))))) | I67: =IF(51>NChq,"",INDEX(ChqNorm,51)) | J67: =IF($I67="","",IF(AND($I67>=$H$3,$I67<=$H$4),1,0)) | K67: =IF($J67=0,"",INDEX(ChqKey,51)) | L67: =IF($K67="","",COUNTIFS($J$17:$J$516,1,$K$17:$K$516,"<"&$K67)+1)
A68: =IF(IFERROR(MATCH(52,ChqRankL,0),0)=0,"",52) | B68: =IF(IFERROR(MATCH(52,ChqRankL,0),0)=0,"",INDEX(ChqNorm,IFERROR(MATCH(52,ChqRankL,0),0))) | C68: =IF(IFERROR(MATCH(52,ChqRankL,0),0)=0,"",INDEX(ChqNo,IFERROR(MATCH(52,ChqRankL,0),0))) | D68: =IF(IFERROR(MATCH(52,ChqRankL,0),0)=0,"",IF(INDEX(ChqAmt,IFERROR(MATCH(52,ChqRankL,0),0))=0,"",INDEX(ChqAmt,IFERROR(MATCH(52,ChqRankL,0),0)))) | E68: =IF(IFERROR(MATCH(52,ChqRankL,0),0)=0,"",INDEX(ChqStatus,IFERROR(MATCH(52,ChqRankL,0),0))) | F68: =IF(IFERROR(MATCH(52,ChqRankL,0),0)=0,"",IF(INDEX(ChqStatus,IFERROR(MATCH(52,ChqRankL,0),0))="پاس نشده","—",IF(INDEX(ChqClr,IFERROR(MATCH(52,ChqRankL,0),0))="","—",INDEX(ChqClr,IFERROR(MATCH(52,ChqRankL,0),0))))) | I68: =IF(52>NChq,"",INDEX(ChqNorm,52)) | J68: =IF($I68="","",IF(AND($I68>=$H$3,$I68<=$H$4),1,0)) | K68: =IF($J68=0,"",INDEX(ChqKey,52)) | L68: =IF($K68="","",COUNTIFS($J$17:$J$516,1,$K$17:$K$516,"<"&$K68)+1)
A69: =IF(IFERROR(MATCH(53,ChqRankL,0),0)=0,"",53) | B69: =IF(IFERROR(MATCH(53,ChqRankL,0),0)=0,"",INDEX(ChqNorm,IFERROR(MATCH(53,ChqRankL,0),0))) | C69: =IF(IFERROR(MATCH(53,ChqRankL,0),0)=0,"",INDEX(ChqNo,IFERROR(MATCH(53,ChqRankL,0),0))) | D69: =IF(IFERROR(MATCH(53,ChqRankL,0),0)=0,"",IF(INDEX(ChqAmt,IFERROR(MATCH(53,ChqRankL,0),0))=0,"",INDEX(ChqAmt,IFERROR(MATCH(53,ChqRankL,0),0)))) | E69: =IF(IFERROR(MATCH(53,ChqRankL,0),0)=0,"",INDEX(ChqStatus,IFERROR(MATCH(53,ChqRankL,0),0))) | F69: =IF(IFERROR(MATCH(53,ChqRankL,0),0)=0,"",IF(INDEX(ChqStatus,IFERROR(MATCH(53,ChqRankL,0),0))="پاس نشده","—",IF(INDEX(ChqClr,IFERROR(MATCH(53,ChqRankL,0),0))="","—",INDEX(ChqClr,IFERROR(MATCH(53,ChqRankL,0),0))))) | I69: =IF(53>NChq,"",INDEX(ChqNorm,53)) | J69: =IF($I69="","",IF(AND($I69>=$H$3,$I69<=$H$4),1,0)) | K69: =IF($J69=0,"",INDEX(ChqKey,53)) | L69: =IF($K69="","",COUNTIFS($J$17:$J$516,1,$K$17:$K$516,"<"&$K69)+1)
A70: =IF(IFERROR(MATCH(54,ChqRankL,0),0)=0,"",54) | B70: =IF(IFERROR(MATCH(54,ChqRankL,0),0)=0,"",INDEX(ChqNorm,IFERROR(MATCH(54,ChqRankL,0),0))) | C70: =IF(IFERROR(MATCH(54,ChqRankL,0),0)=0,"",INDEX(ChqNo,IFERROR(MATCH(54,ChqRankL,0),0))) | D70: =IF(IFERROR(MATCH(54,ChqRankL,0),0)=0,"",IF(INDEX(ChqAmt,IFERROR(MATCH(54,ChqRankL,0),0))=0,"",INDEX(ChqAmt,IFERROR(MATCH(54,ChqRankL,0),0)))) | E70: =IF(IFERROR(MATCH(54,ChqRankL,0),0)=0,"",INDEX(ChqStatus,IFERROR(MATCH(54,ChqRankL,0),0))) | F70: =IF(IFERROR(MATCH(54,ChqRankL,0),0)=0,"",IF(INDEX(ChqStatus,IFERROR(MATCH(54,ChqRankL,0),0))="پاس نشده","—",IF(INDEX(ChqClr,IFERROR(MATCH(54,ChqRankL,0),0))="","—",INDEX(ChqClr,IFERROR(MATCH(54,ChqRankL,0),0))))) | I70: =IF(54>NChq,"",INDEX(ChqNorm,54)) | J70: =IF($I70="","",IF(AND($I70>=$H$3,$I70<=$H$4),1,0)) | K70: =IF($J70=0,"",INDEX(ChqKey,54)) | L70: =IF($K70="","",COUNTIFS($J$17:$J$516,1,$K$17:$K$516,"<"&$K70)+1)
A71: =IF(IFERROR(MATCH(55,ChqRankL,0),0)=0,"",55) | B71: =IF(IFERROR(MATCH(55,ChqRankL,0),0)=0,"",INDEX(ChqNorm,IFERROR(MATCH(55,ChqRankL,0),0))) | C71: =IF(IFERROR(MATCH(55,ChqRankL,0),0)=0,"",INDEX(ChqNo,IFERROR(MATCH(55,ChqRankL,0),0))) | D71: =IF(IFERROR(MATCH(55,ChqRankL,0),0)=0,"",IF(INDEX(ChqAmt,IFERROR(MATCH(55,ChqRankL,0),0))=0,"",INDEX(ChqAmt,IFERROR(MATCH(55,ChqRankL,0),0)))) | E71: =IF(IFERROR(MATCH(55,ChqRankL,0),0)=0,"",INDEX(ChqStatus,IFERROR(MATCH(55,ChqRankL,0),0))) | F71: =IF(IFERROR(MATCH(55,ChqRankL,0),0)=0,"",IF(INDEX(ChqStatus,IFERROR(MATCH(55,ChqRankL,0),0))="پاس نشده","—",IF(INDEX(ChqClr,IFERROR(MATCH(55,ChqRankL,0),0))="","—",INDEX(ChqClr,IFERROR(MATCH(55,ChqRankL,0),0))))) | I71: =IF(55>NChq,"",INDEX(ChqNorm,55)) | J71: =IF($I71="","",IF(AND($I71>=$H$3,$I71<=$H$4),1,0)) | K71: =IF($J71=0,"",INDEX(ChqKey,55)) | L71: =IF($K71="","",COUNTIFS($J$17:$J$516,1,$K$17:$K$516,"<"&$K71)+1)
A72: =IF(IFERROR(MATCH(56,ChqRankL,0),0)=0,"",56) | B72: =IF(IFERROR(MATCH(56,ChqRankL,0),0)=0,"",INDEX(ChqNorm,IFERROR(MATCH(56,ChqRankL,0),0))) | C72: =IF(IFERROR(MATCH(56,ChqRankL,0),0)=0,"",INDEX(ChqNo,IFERROR(MATCH(56,ChqRankL,0),0))) | D72: =IF(IFERROR(MATCH(56,ChqRankL,0),0)=0,"",IF(INDEX(ChqAmt,IFERROR(MATCH(56,ChqRankL,0),0))=0,"",INDEX(ChqAmt,IFERROR(MATCH(56,ChqRankL,0),0)))) | E72: =IF(IFERROR(MATCH(56,ChqRankL,0),0)=0,"",INDEX(ChqStatus,IFERROR(MATCH(56,ChqRankL,0),0))) | F72: =IF(IFERROR(MATCH(56,ChqRankL,0),0)=0,"",IF(INDEX(ChqStatus,IFERROR(MATCH(56,ChqRankL,0),0))="پاس نشده","—",IF(INDEX(ChqClr,IFERROR(MATCH(56,ChqRankL,0),0))="","—",INDEX(ChqClr,IFERROR(MATCH(56,ChqRankL,0),0))))) | I72: =IF(56>NChq,"",INDEX(ChqNorm,56)) | J72: =IF($I72="","",IF(AND($I72>=$H$3,$I72<=$H$4),1,0)) | K72: =IF($J72=0,"",INDEX(ChqKey,56)) | L72: =IF($K72="","",COUNTIFS($J$17:$J$516,1,$K$17:$K$516,"<"&$K72)+1)
A73: =IF(IFERROR(MATCH(57,ChqRankL,0),0)=0,"",57) | B73: =IF(IFERROR(MATCH(57,ChqRankL,0),0)=0,"",INDEX(ChqNorm,IFERROR(MATCH(57,ChqRankL,0),0))) | C73: =IF(IFERROR(MATCH(57,ChqRankL,0),0)=0,"",INDEX(ChqNo,IFERROR(MATCH(57,ChqRankL,0),0))) | D73: =IF(IFERROR(MATCH(57,ChqRankL,0),0)=0,"",IF(INDEX(ChqAmt,IFERROR(MATCH(57,ChqRankL,0),0))=0,"",INDEX(ChqAmt,IFERROR(MATCH(57,ChqRankL,0),0)))) | E73: =IF(IFERROR(MATCH(57,ChqRankL,0),0)=0,"",INDEX(ChqStatus,IFERROR(MATCH(57,ChqRankL,0),0))) | F73: =IF(IFERROR(MATCH(57,ChqRankL,0),0)=0,"",IF(INDEX(ChqStatus,IFERROR(MATCH(57,ChqRankL,0),0))="پاس نشده","—",IF(INDEX(ChqClr,IFERROR(MATCH(57,ChqRankL,0),0))="","—",INDEX(ChqClr,IFERROR(MATCH(57,ChqRankL,0),0))))) | I73: =IF(57>NChq,"",INDEX(ChqNorm,57)) | J73: =IF($I73="","",IF(AND($I73>=$H$3,$I73<=$H$4),1,0)) | K73: =IF($J73=0,"",INDEX(ChqKey,57)) | L73: =IF($K73="","",COUNTIFS($J$17:$J$516,1,$K$17:$K$516,"<"&$K73)+1)
A74: =IF(IFERROR(MATCH(58,ChqRankL,0),0)=0,"",58) | B74: =IF(IFERROR(MATCH(58,ChqRankL,0),0)=0,"",INDEX(ChqNorm,IFERROR(MATCH(58,ChqRankL,0),0))) | C74: =IF(IFERROR(MATCH(58,ChqRankL,0),0)=0,"",INDEX(ChqNo,IFERROR(MATCH(58,ChqRankL,0),0))) | D74: =IF(IFERROR(MATCH(58,ChqRankL,0),0)=0,"",IF(INDEX(ChqAmt,IFERROR(MATCH(58,ChqRankL,0),0))=0,"",INDEX(ChqAmt,IFERROR(MATCH(58,ChqRankL,0),0)))) | E74: =IF(IFERROR(MATCH(58,ChqRankL,0),0)=0,"",INDEX(ChqStatus,IFERROR(MATCH(58,ChqRankL,0),0))) | F74: =IF(IFERROR(MATCH(58,ChqRankL,0),0)=0,"",IF(INDEX(ChqStatus,IFERROR(MATCH(58,ChqRankL,0),0))="پاس نشده","—",IF(INDEX(ChqClr,IFERROR(MATCH(58,ChqRankL,0),0))="","—",INDEX(ChqClr,IFERROR(MATCH(58,ChqRankL,0),0))))) | I74: =IF(58>NChq,"",INDEX(ChqNorm,58)) | J74: =IF($I74="","",IF(AND($I74>=$H$3,$I74<=$H$4),1,0)) | K74: =IF($J74=0,"",INDEX(ChqKey,58)) | L74: =IF($K74="","",COUNTIFS($J$17:$J$516,1,$K$17:$K$516,"<"&$K74)+1)
A75: =IF(IFERROR(MATCH(59,ChqRankL,0),0)=0,"",59) | B75: =IF(IFERROR(MATCH(59,ChqRankL,0),0)=0,"",INDEX(ChqNorm,IFERROR(MATCH(59,ChqRankL,0),0))) | C75: =IF(IFERROR(MATCH(59,ChqRankL,0),0)=0,"",INDEX(ChqNo,IFERROR(MATCH(59,ChqRankL,0),0))) | D75: =IF(IFERROR(MATCH(59,ChqRankL,0),0)=0,"",IF(INDEX(ChqAmt,IFERROR(MATCH(59,ChqRankL,0),0))=0,"",INDEX(ChqAmt,IFERROR(MATCH(59,ChqRankL,0),0)))) | E75: =IF(IFERROR(MATCH(59,ChqRankL,0),0)=0,"",INDEX(ChqStatus,IFERROR(MATCH(59,ChqRankL,0),0))) | F75: =IF(IFERROR(MATCH(59,ChqRankL,0),0)=0,"",IF(INDEX(ChqStatus,IFERROR(MATCH(59,ChqRankL,0),0))="پاس نشده","—",IF(INDEX(ChqClr,IFERROR(MATCH(59,ChqRankL,0),0))="","—",INDEX(ChqClr,IFERROR(MATCH(59,ChqRankL,0),0))))) | I75: =IF(59>NChq,"",INDEX(ChqNorm,59)) | J75: =IF($I75="","",IF(AND($I75>=$H$3,$I75<=$H$4),1,0)) | K75: =IF($J75=0,"",INDEX(ChqKey,59)) | L75: =IF($K75="","",COUNTIFS($J$17:$J$516,1,$K$17:$K$516,"<"&$K75)+1)
A76: =IF(IFERROR(MATCH(60,ChqRankL,0),0)=0,"",60) | B76: =IF(IFERROR(MATCH(60,ChqRankL,0),0)=0,"",INDEX(ChqNorm,IFERROR(MATCH(60,ChqRankL,0),0))) | C76: =IF(IFERROR(MATCH(60,ChqRankL,0),0)=0,"",INDEX(ChqNo,IFERROR(MATCH(60,ChqRankL,0),0))) | D76: =IF(IFERROR(MATCH(60,ChqRankL,0),0)=0,"",IF(INDEX(ChqAmt,IFERROR(MATCH(60,ChqRankL,0),0))=0,"",INDEX(ChqAmt,IFERROR(MATCH(60,ChqRankL,0),0)))) | E76: =IF(IFERROR(MATCH(60,ChqRankL,0),0)=0,"",INDEX(ChqStatus,IFERROR(MATCH(60,ChqRankL,0),0))) | F76: =IF(IFERROR(MATCH(60,ChqRankL,0),0)=0,"",IF(INDEX(ChqStatus,IFERROR(MATCH(60,ChqRankL,0),0))="پاس نشده","—",IF(INDEX(ChqClr,IFERROR(MATCH(60,ChqRankL,0),0))="","—",INDEX(ChqClr,IFERROR(MATCH(60,ChqRankL,0),0))))) | I76: =IF(60>NChq,"",INDEX(ChqNorm,60)) | J76: =IF($I76="","",IF(AND($I76>=$H$3,$I76<=$H$4),1,0)) | K76: =IF($J76=0,"",INDEX(ChqKey,60)) | L76: =IF($K76="","",COUNTIFS($J$17:$J$516,1,$K$17:$K$516,"<"&$K76)+1)
A77: =IF(IFERROR(MATCH(61,ChqRankL,0),0)=0,"",61) | B77: =IF(IFERROR(MATCH(61,ChqRankL,0),0)=0,"",INDEX(ChqNorm,IFERROR(MATCH(61,ChqRankL,0),0))) | C77: =IF(IFERROR(MATCH(61,ChqRankL,0),0)=0,"",INDEX(ChqNo,IFERROR(MATCH(61,ChqRankL,0),0))) | D77: =IF(IFERROR(MATCH(61,ChqRankL,0),0)=0,"",IF(INDEX(ChqAmt,IFERROR(MATCH(61,ChqRankL,0),0))=0,"",INDEX(ChqAmt,IFERROR(MATCH(61,ChqRankL,0),0)))) | E77: =IF(IFERROR(MATCH(61,ChqRankL,0),0)=0,"",INDEX(ChqStatus,IFERROR(MATCH(61,ChqRankL,0),0))) | F77: =IF(IFERROR(MATCH(61,ChqRankL,0),0)=0,"",IF(INDEX(ChqStatus,IFERROR(MATCH(61,ChqRankL,0),0))="پاس نشده","—",IF(INDEX(ChqClr,IFERROR(MATCH(61,ChqRankL,0),0))="","—",INDEX(ChqClr,IFERROR(MATCH(61,ChqRankL,0),0))))) | I77: =IF(61>NChq,"",INDEX(ChqNorm,61)) | J77: =IF($I77="","",IF(AND($I77>=$H$3,$I77<=$H$4),1,0)) | K77: =IF($J77=0,"",INDEX(ChqKey,61)) | L77: =IF($K77="","",COUNTIFS($J$17:$J$516,1,$K$17:$K$516,"<"&$K77)+1)
A78: =IF(IFERROR(MATCH(62,ChqRankL,0),0)=0,"",62) | B78: =IF(IFERROR(MATCH(62,ChqRankL,0),0)=0,"",INDEX(ChqNorm,IFERROR(MATCH(62,ChqRankL,0),0))) | C78: =IF(IFERROR(MATCH(62,ChqRankL,0),0)=0,"",INDEX(ChqNo,IFERROR(MATCH(62,ChqRankL,0),0))) | D78: =IF(IFERROR(MATCH(62,ChqRankL,0),0)=0,"",IF(INDEX(ChqAmt,IFERROR(MATCH(62,ChqRankL,0),0))=0,"",INDEX(ChqAmt,IFERROR(MATCH(62,ChqRankL,0),0)))) | E78: =IF(IFERROR(MATCH(62,ChqRankL,0),0)=0,"",INDEX(ChqStatus,IFERROR(MATCH(62,ChqRankL,0),0))) | F78: =IF(IFERROR(MATCH(62,ChqRankL,0),0)=0,"",IF(INDEX(ChqStatus,IFERROR(MATCH(62,ChqRankL,0),0))="پاس نشده","—",IF(INDEX(ChqClr,IFERROR(MATCH(62,ChqRankL,0),0))="","—",INDEX(ChqClr,IFERROR(MATCH(62,ChqRankL,0),0))))) | I78: =IF(62>NChq,"",INDEX(ChqNorm,62)) | J78: =IF($I78="","",IF(AND($I78>=$H$3,$I78<=$H$4),1,0)) | K78: =IF($J78=0,"",INDEX(ChqKey,62)) | L78: =IF($K78="","",COUNTIFS($J$17:$J$516,1,$K$17:$K$516,"<"&$K78)+1)
A79: =IF(IFERROR(MATCH(63,ChqRankL,0),0)=0,"",63) | B79: =IF(IFERROR(MATCH(63,ChqRankL,0),0)=0,"",INDEX(ChqNorm,IFERROR(MATCH(63,ChqRankL,0),0))) | C79: =IF(IFERROR(MATCH(63,ChqRankL,0),0)=0,"",INDEX(ChqNo,IFERROR(MATCH(63,ChqRankL,0),0))) | D79: =IF(IFERROR(MATCH(63,ChqRankL,0),0)=0,"",IF(INDEX(ChqAmt,IFERROR(MATCH(63,ChqRankL,0),0))=0,"",INDEX(ChqAmt,IFERROR(MATCH(63,ChqRankL,0),0)))) | E79: =IF(IFERROR(MATCH(63,ChqRankL,0),0)=0,"",INDEX(ChqStatus,IFERROR(MATCH(63,ChqRankL,0),0))) | F79: =IF(IFERROR(MATCH(63,ChqRankL,0),0)=0,"",IF(INDEX(ChqStatus,IFERROR(MATCH(63,ChqRankL,0),0))="پاس نشده","—",IF(INDEX(ChqClr,IFERROR(MATCH(63,ChqRankL,0),0))="","—",INDEX(ChqClr,IFERROR(MATCH(63,ChqRankL,0),0))))) | I79: =IF(63>NChq,"",INDEX(ChqNorm,63)) | J79: =IF($I79="","",IF(AND($I79>=$H$3,$I79<=$H$4),1,0)) | K79: =IF($J79=0,"",INDEX(ChqKey,63)) | L79: =IF($K79="","",COUNTIFS($J$17:$J$516,1,$K$17:$K$516,"<"&$K79)+1)
A80: =IF(IFERROR(MATCH(64,ChqRankL,0),0)=0,"",64) | B80: =IF(IFERROR(MATCH(64,ChqRankL,0),0)=0,"",INDEX(ChqNorm,IFERROR(MATCH(64,ChqRankL,0),0))) | C80: =IF(IFERROR(MATCH(64,ChqRankL,0),0)=0,"",INDEX(ChqNo,IFERROR(MATCH(64,ChqRankL,0),0))) | D80: =IF(IFERROR(MATCH(64,ChqRankL,0),0)=0,"",IF(INDEX(ChqAmt,IFERROR(MATCH(64,ChqRankL,0),0))=0,"",INDEX(ChqAmt,IFERROR(MATCH(64,ChqRankL,0),0)))) | E80: =IF(IFERROR(MATCH(64,ChqRankL,0),0)=0,"",INDEX(ChqStatus,IFERROR(MATCH(64,ChqRankL,0),0))) | F80: =IF(IFERROR(MATCH(64,ChqRankL,0),0)=0,"",IF(INDEX(ChqStatus,IFERROR(MATCH(64,ChqRankL,0),0))="پاس نشده","—",IF(INDEX(ChqClr,IFERROR(MATCH(64,ChqRankL,0),0))="","—",INDEX(ChqClr,IFERROR(MATCH(64,ChqRankL,0),0))))) | I80: =IF(64>NChq,"",INDEX(ChqNorm,64)) | J80: =IF($I80="","",IF(AND($I80>=$H$3,$I80<=$H$4),1,0)) | K80: =IF($J80=0,"",INDEX(ChqKey,64)) | L80: =IF($K80="","",COUNTIFS($J$17:$J$516,1,$K$17:$K$516,"<"&$K80)+1)
A81: =IF(IFERROR(MATCH(65,ChqRankL,0),0)=0,"",65) | B81: =IF(IFERROR(MATCH(65,ChqRankL,0),0)=0,"",INDEX(ChqNorm,IFERROR(MATCH(65,ChqRankL,0),0))) | C81: =IF(IFERROR(MATCH(65,ChqRankL,0),0)=0,"",INDEX(ChqNo,IFERROR(MATCH(65,ChqRankL,0),0))) | D81: =IF(IFERROR(MATCH(65,ChqRankL,0),0)=0,"",IF(INDEX(ChqAmt,IFERROR(MATCH(65,ChqRankL,0),0))=0,"",INDEX(ChqAmt,IFERROR(MATCH(65,ChqRankL,0),0)))) | E81: =IF(IFERROR(MATCH(65,ChqRankL,0),0)=0,"",INDEX(ChqStatus,IFERROR(MATCH(65,ChqRankL,0),0))) | F81: =IF(IFERROR(MATCH(65,ChqRankL,0),0)=0,"",IF(INDEX(ChqStatus,IFERROR(MATCH(65,ChqRankL,0),0))="پاس نشده","—",IF(INDEX(ChqClr,IFERROR(MATCH(65,ChqRankL,0),0))="","—",INDEX(ChqClr,IFERROR(MATCH(65,ChqRankL,0),0))))) | I81: =IF(65>NChq,"",INDEX(ChqNorm,65)) | J81: =IF($I81="","",IF(AND($I81>=$H$3,$I81<=$H$4),1,0)) | K81: =IF($J81=0,"",INDEX(ChqKey,65)) | L81: =IF($K81="","",COUNTIFS($J$17:$J$516,1,$K$17:$K$516,"<"&$K81)+1)
A82: =IF(IFERROR(MATCH(66,ChqRankL,0),0)=0,"",66) | B82: =IF(IFERROR(MATCH(66,ChqRankL,0),0)=0,"",INDEX(ChqNorm,IFERROR(MATCH(66,ChqRankL,0),0))) | C82: =IF(IFERROR(MATCH(66,ChqRankL,0),0)=0,"",INDEX(ChqNo,IFERROR(MATCH(66,ChqRankL,0),0))) | D82: =IF(IFERROR(MATCH(66,ChqRankL,0),0)=0,"",IF(INDEX(ChqAmt,IFERROR(MATCH(66,ChqRankL,0),0))=0,"",INDEX(ChqAmt,IFERROR(MATCH(66,ChqRankL,0),0)))) | E82: =IF(IFERROR(MATCH(66,ChqRankL,0),0)=0,"",INDEX(ChqStatus,IFERROR(MATCH(66,ChqRankL,0),0))) | F82: =IF(IFERROR(MATCH(66,ChqRankL,0),0)=0,"",IF(INDEX(ChqStatus,IFERROR(MATCH(66,ChqRankL,0),0))="پاس نشده","—",IF(INDEX(ChqClr,IFERROR(MATCH(66,ChqRankL,0),0))="","—",INDEX(ChqClr,IFERROR(MATCH(66,ChqRankL,0),0))))) | I82: =IF(66>NChq,"",INDEX(ChqNorm,66)) | J82: =IF($I82="","",IF(AND($I82>=$H$3,$I82<=$H$4),1,0)) | K82: =IF($J82=0,"",INDEX(ChqKey,66)) | L82: =IF($K82="","",COUNTIFS($J$17:$J$516,1,$K$17:$K$516,"<"&$K82)+1)
A83: =IF(IFERROR(MATCH(67,ChqRankL,0),0)=0,"",67) | B83: =IF(IFERROR(MATCH(67,ChqRankL,0),0)=0,"",INDEX(ChqNorm,IFERROR(MATCH(67,ChqRankL,0),0))) | C83: =IF(IFERROR(MATCH(67,ChqRankL,0),0)=0,"",INDEX(ChqNo,IFERROR(MATCH(67,ChqRankL,0),0))) | D83: =IF(IFERROR(MATCH(67,ChqRankL,0),0)=0,"",IF(INDEX(ChqAmt,IFERROR(MATCH(67,ChqRankL,0),0))=0,"",INDEX(ChqAmt,IFERROR(MATCH(67,ChqRankL,0),0)))) | E83: =IF(IFERROR(MATCH(67,ChqRankL,0),0)=0,"",INDEX(ChqStatus,IFERROR(MATCH(67,ChqRankL,0),0))) | F83: =IF(IFERROR(MATCH(67,ChqRankL,0),0)=0,"",IF(INDEX(ChqStatus,IFERROR(MATCH(67,ChqRankL,0),0))="پاس نشده","—",IF(INDEX(ChqClr,IFERROR(MATCH(67,ChqRankL,0),0))="","—",INDEX(ChqClr,IFERROR(MATCH(67,ChqRankL,0),0))))) | I83: =IF(67>NChq,"",INDEX(ChqNorm,67)) | J83: =IF($I83="","",IF(AND($I83>=$H$3,$I83<=$H$4),1,0)) | K83: =IF($J83=0,"",INDEX(ChqKey,67)) | L83: =IF($K83="","",COUNTIFS($J$17:$J$516,1,$K$17:$K$516,"<"&$K83)+1)
A84: =IF(IFERROR(MATCH(68,ChqRankL,0),0)=0,"",68) | B84: =IF(IFERROR(MATCH(68,ChqRankL,0),0)=0,"",INDEX(ChqNorm,IFERROR(MATCH(68,ChqRankL,0),0))) | C84: =IF(IFERROR(MATCH(68,ChqRankL,0),0)=0,"",INDEX(ChqNo,IFERROR(MATCH(68,ChqRankL,0),0))) | D84: =IF(IFERROR(MATCH(68,ChqRankL,0),0)=0,"",IF(INDEX(ChqAmt,IFERROR(MATCH(68,ChqRankL,0),0))=0,"",INDEX(ChqAmt,IFERROR(MATCH(68,ChqRankL,0),0)))) | E84: =IF(IFERROR(MATCH(68,ChqRankL,0),0)=0,"",INDEX(ChqStatus,IFERROR(MATCH(68,ChqRankL,0),0))) | F84: =IF(IFERROR(MATCH(68,ChqRankL,0),0)=0,"",IF(INDEX(ChqStatus,IFERROR(MATCH(68,ChqRankL,0),0))="پاس نشده","—",IF(INDEX(ChqClr,IFERROR(MATCH(68,ChqRankL,0),0))="","—",INDEX(ChqClr,IFERROR(MATCH(68,ChqRankL,0),0))))) | I84: =IF(68>NChq,"",INDEX(ChqNorm,68)) | J84: =IF($I84="","",IF(AND($I84>=$H$3,$I84<=$H$4),1,0)) | K84: =IF($J84=0,"",INDEX(ChqKey,68)) | L84: =IF($K84="","",COUNTIFS($J$17:$J$516,1,$K$17:$K$516,"<"&$K84)+1)
A85: =IF(IFERROR(MATCH(69,ChqRankL,0),0)=0,"",69) | B85: =IF(IFERROR(MATCH(69,ChqRankL,0),0)=0,"",INDEX(ChqNorm,IFERROR(MATCH(69,ChqRankL,0),0))) | C85: =IF(IFERROR(MATCH(69,ChqRankL,0),0)=0,"",INDEX(ChqNo,IFERROR(MATCH(69,ChqRankL,0),0))) | D85: =IF(IFERROR(MATCH(69,ChqRankL,0),0)=0,"",IF(INDEX(ChqAmt,IFERROR(MATCH(69,ChqRankL,0),0))=0,"",INDEX(ChqAmt,IFERROR(MATCH(69,ChqRankL,0),0)))) | E85: =IF(IFERROR(MATCH(69,ChqRankL,0),0)=0,"",INDEX(ChqStatus,IFERROR(MATCH(69,ChqRankL,0),0))) | F85: =IF(IFERROR(MATCH(69,ChqRankL,0),0)=0,"",IF(INDEX(ChqStatus,IFERROR(MATCH(69,ChqRankL,0),0))="پاس نشده","—",IF(INDEX(ChqClr,IFERROR(MATCH(69,ChqRankL,0),0))="","—",INDEX(ChqClr,IFERROR(MATCH(69,ChqRankL,0),0))))) | I85: =IF(69>NChq,"",INDEX(ChqNorm,69)) | J85: =IF($I85="","",IF(AND($I85>=$H$3,$I85<=$H$4),1,0)) | K85: =IF($J85=0,"",INDEX(ChqKey,69)) | L85: =IF($K85="","",COUNTIFS($J$17:$J$516,1,$K$17:$K$516,"<"&$K85)+1)
A86: =IF(IFERROR(MATCH(70,ChqRankL,0),0)=0,"",70) | B86: =IF(IFERROR(MATCH(70,ChqRankL,0),0)=0,"",INDEX(ChqNorm,IFERROR(MATCH(70,ChqRankL,0),0))) | C86: =IF(IFERROR(MATCH(70,ChqRankL,0),0)=0,"",INDEX(ChqNo,IFERROR(MATCH(70,ChqRankL,0),0))) | D86: =IF(IFERROR(MATCH(70,ChqRankL,0),0)=0,"",IF(INDEX(ChqAmt,IFERROR(MATCH(70,ChqRankL,0),0))=0,"",INDEX(ChqAmt,IFERROR(MATCH(70,ChqRankL,0),0)))) | E86: =IF(IFERROR(MATCH(70,ChqRankL,0),0)=0,"",INDEX(ChqStatus,IFERROR(MATCH(70,ChqRankL,0),0))) | F86: =IF(IFERROR(MATCH(70,ChqRankL,0),0)=0,"",IF(INDEX(ChqStatus,IFERROR(MATCH(70,ChqRankL,0),0))="پاس نشده","—",IF(INDEX(ChqClr,IFERROR(MATCH(70,ChqRankL,0),0))="","—",INDEX(ChqClr,IFERROR(MATCH(70,ChqRankL,0),0))))) | I86: =IF(70>NChq,"",INDEX(ChqNorm,70)) | J86: =IF($I86="","",IF(AND($I86>=$H$3,$I86<=$H$4),1,0)) | K86: =IF($J86=0,"",INDEX(ChqKey,70)) | L86: =IF($K86="","",COUNTIFS($J$17:$J$516,1,$K$17:$K$516,"<"&$K86)+1)
A87: =IF(IFERROR(MATCH(71,ChqRankL,0),0)=0,"",71) | B87: =IF(IFERROR(MATCH(71,ChqRankL,0),0)=0,"",INDEX(ChqNorm,IFERROR(MATCH(71,ChqRankL,0),0))) | C87: =IF(IFERROR(MATCH(71,ChqRankL,0),0)=0,"",INDEX(ChqNo,IFERROR(MATCH(71,ChqRankL,0),0))) | D87: =IF(IFERROR(MATCH(71,ChqRankL,0),0)=0,"",IF(INDEX(ChqAmt,IFERROR(MATCH(71,ChqRankL,0),0))=0,"",INDEX(ChqAmt,IFERROR(MATCH(71,ChqRankL,0),0)))) | E87: =IF(IFERROR(MATCH(71,ChqRankL,0),0)=0,"",INDEX(ChqStatus,IFERROR(MATCH(71,ChqRankL,0),0))) | F87: =IF(IFERROR(MATCH(71,ChqRankL,0),0)=0,"",IF(INDEX(ChqStatus,IFERROR(MATCH(71,ChqRankL,0),0))="پاس نشده","—",IF(INDEX(ChqClr,IFERROR(MATCH(71,ChqRankL,0),0))="","—",INDEX(ChqClr,IFERROR(MATCH(71,ChqRankL,0),0))))) | I87: =IF(71>NChq,"",INDEX(ChqNorm,71)) | J87: =IF($I87="","",IF(AND($I87>=$H$3,$I87<=$H$4),1,0)) | K87: =IF($J87=0,"",INDEX(ChqKey,71)) | L87: =IF($K87="","",COUNTIFS($J$17:$J$516,1,$K$17:$K$516,"<"&$K87)+1)
A88: =IF(IFERROR(MATCH(72,ChqRankL,0),0)=0,"",72) | B88: =IF(IFERROR(MATCH(72,ChqRankL,0),0)=0,"",INDEX(ChqNorm,IFERROR(MATCH(72,ChqRankL,0),0))) | C88: =IF(IFERROR(MATCH(72,ChqRankL,0),0)=0,"",INDEX(ChqNo,IFERROR(MATCH(72,ChqRankL,0),0))) | D88: =IF(IFERROR(MATCH(72,ChqRankL,0),0)=0,"",IF(INDEX(ChqAmt,IFERROR(MATCH(72,ChqRankL,0),0))=0,"",INDEX(ChqAmt,IFERROR(MATCH(72,ChqRankL,0),0)))) | E88: =IF(IFERROR(MATCH(72,ChqRankL,0),0)=0,"",INDEX(ChqStatus,IFERROR(MATCH(72,ChqRankL,0),0))) | F88: =IF(IFERROR(MATCH(72,ChqRankL,0),0)=0,"",IF(INDEX(ChqStatus,IFERROR(MATCH(72,ChqRankL,0),0))="پاس نشده","—",IF(INDEX(ChqClr,IFERROR(MATCH(72,ChqRankL,0),0))="","—",INDEX(ChqClr,IFERROR(MATCH(72,ChqRankL,0),0))))) | I88: =IF(72>NChq,"",INDEX(ChqNorm,72)) | J88: =IF($I88="","",IF(AND($I88>=$H$3,$I88<=$H$4),1,0)) | K88: =IF($J88=0,"",INDEX(ChqKey,72)) | L88: =IF($K88="","",COUNTIFS($J$17:$J$516,1,$K$17:$K$516,"<"&$K88)+1)
A89: =IF(IFERROR(MATCH(73,ChqRankL,0),0)=0,"",73) | B89: =IF(IFERROR(MATCH(73,ChqRankL,0),0)=0,"",INDEX(ChqNorm,IFERROR(MATCH(73,ChqRankL,0),0))) | C89: =IF(IFERROR(MATCH(73,ChqRankL,0),0)=0,"",INDEX(ChqNo,IFERROR(MATCH(73,ChqRankL,0),0))) | D89: =IF(IFERROR(MATCH(73,ChqRankL,0),0)=0,"",IF(INDEX(ChqAmt,IFERROR(MATCH(73,ChqRankL,0),0))=0,"",INDEX(ChqAmt,IFERROR(MATCH(73,ChqRankL,0),0)))) | E89: =IF(IFERROR(MATCH(73,ChqRankL,0),0)=0,"",INDEX(ChqStatus,IFERROR(MATCH(73,ChqRankL,0),0))) | F89: =IF(IFERROR(MATCH(73,ChqRankL,0),0)=0,"",IF(INDEX(ChqStatus,IFERROR(MATCH(73,ChqRankL,0),0))="پاس نشده","—",IF(INDEX(ChqClr,IFERROR(MATCH(73,ChqRankL,0),0))="","—",INDEX(ChqClr,IFERROR(MATCH(73,ChqRankL,0),0))))) | I89: =IF(73>NChq,"",INDEX(ChqNorm,73)) | J89: =IF($I89="","",IF(AND($I89>=$H$3,$I89<=$H$4),1,0)) | K89: =IF($J89=0,"",INDEX(ChqKey,73)) | L89: =IF($K89="","",COUNTIFS($J$17:$J$516,1,$K$17:$K$516,"<"&$K89)+1)
A90: =IF(IFERROR(MATCH(74,ChqRankL,0),0)=0,"",74) | B90: =IF(IFERROR(MATCH(74,ChqRankL,0),0)=0,"",INDEX(ChqNorm,IFERROR(MATCH(74,ChqRankL,0),0))) | C90: =IF(IFERROR(MATCH(74,ChqRankL,0),0)=0,"",INDEX(ChqNo,IFERROR(MATCH(74,ChqRankL,0),0))) | D90: =IF(IFERROR(MATCH(74,ChqRankL,0),0)=0,"",IF(INDEX(ChqAmt,IFERROR(MATCH(74,ChqRankL,0),0))=0,"",INDEX(ChqAmt,IFERROR(MATCH(74,ChqRankL,0),0)))) | E90: =IF(IFERROR(MATCH(74,ChqRankL,0),0)=0,"",INDEX(ChqStatus,IFERROR(MATCH(74,ChqRankL,0),0))) | F90: =IF(IFERROR(MATCH(74,ChqRankL,0),0)=0,"",IF(INDEX(ChqStatus,IFERROR(MATCH(74,ChqRankL,0),0))="پاس نشده","—",IF(INDEX(ChqClr,IFERROR(MATCH(74,ChqRankL,0),0))="","—",INDEX(ChqClr,IFERROR(MATCH(74,ChqRankL,0),0))))) | I90: =IF(74>NChq,"",INDEX(ChqNorm,74)) | J90: =IF($I90="","",IF(AND($I90>=$H$3,$I90<=$H$4),1,0)) | K90: =IF($J90=0,"",INDEX(ChqKey,74)) | L90: =IF($K90="","",COUNTIFS($J$17:$J$516,1,$K$17:$K$516,"<"&$K90)+1)
A91: =IF(IFERROR(MATCH(75,ChqRankL,0),0)=0,"",75) | B91: =IF(IFERROR(MATCH(75,ChqRankL,0),0)=0,"",INDEX(ChqNorm,IFERROR(MATCH(75,ChqRankL,0),0))) | C91: =IF(IFERROR(MATCH(75,ChqRankL,0),0)=0,"",INDEX(ChqNo,IFERROR(MATCH(75,ChqRankL,0),0))) | D91: =IF(IFERROR(MATCH(75,ChqRankL,0),0)=0,"",IF(INDEX(ChqAmt,IFERROR(MATCH(75,ChqRankL,0),0))=0,"",INDEX(ChqAmt,IFERROR(MATCH(75,ChqRankL,0),0)))) | E91: =IF(IFERROR(MATCH(75,ChqRankL,0),0)=0,"",INDEX(ChqStatus,IFERROR(MATCH(75,ChqRankL,0),0))) | F91: =IF(IFERROR(MATCH(75,ChqRankL,0),0)=0,"",IF(INDEX(ChqStatus,IFERROR(MATCH(75,ChqRankL,0),0))="پاس نشده","—",IF(INDEX(ChqClr,IFERROR(MATCH(75,ChqRankL,0),0))="","—",INDEX(ChqClr,IFERROR(MATCH(75,ChqRankL,0),0))))) | I91: =IF(75>NChq,"",INDEX(ChqNorm,75)) | J91: =IF($I91="","",IF(AND($I91>=$H$3,$I91<=$H$4),1,0)) | K91: =IF($J91=0,"",INDEX(ChqKey,75)) | L91: =IF($K91="","",COUNTIFS($J$17:$J$516,1,$K$17:$K$516,"<"&$K91)+1)
A92: =IF(IFERROR(MATCH(76,ChqRankL,0),0)=0,"",76) | B92: =IF(IFERROR(MATCH(76,ChqRankL,0),0)=0,"",INDEX(ChqNorm,IFERROR(MATCH(76,ChqRankL,0),0))) | C92: =IF(IFERROR(MATCH(76,ChqRankL,0),0)=0,"",INDEX(ChqNo,IFERROR(MATCH(76,ChqRankL,0),0))) | D92: =IF(IFERROR(MATCH(76,ChqRankL,0),0)=0,"",IF(INDEX(ChqAmt,IFERROR(MATCH(76,ChqRankL,0),0))=0,"",INDEX(ChqAmt,IFERROR(MATCH(76,ChqRankL,0),0)))) | E92: =IF(IFERROR(MATCH(76,ChqRankL,0),0)=0,"",INDEX(ChqStatus,IFERROR(MATCH(76,ChqRankL,0),0))) | F92: =IF(IFERROR(MATCH(76,ChqRankL,0),0)=0,"",IF(INDEX(ChqStatus,IFERROR(MATCH(76,ChqRankL,0),0))="پاس نشده","—",IF(INDEX(ChqClr,IFERROR(MATCH(76,ChqRankL,0),0))="","—",INDEX(ChqClr,IFERROR(MATCH(76,ChqRankL,0),0))))) | I92: =IF(76>NChq,"",INDEX(ChqNorm,76)) | J92: =IF($I92="","",IF(AND($I92>=$H$3,$I92<=$H$4),1,0)) | K92: =IF($J92=0,"",INDEX(ChqKey,76)) | L92: =IF($K92="","",COUNTIFS($J$17:$J$516,1,$K$17:$K$516,"<"&$K92)+1)
A93: =IF(IFERROR(MATCH(77,ChqRankL,0),0)=0,"",77) | B93: =IF(IFERROR(MATCH(77,ChqRankL,0),0)=0,"",INDEX(ChqNorm,IFERROR(MATCH(77,ChqRankL,0),0))) | C93: =IF(IFERROR(MATCH(77,ChqRankL,0),0)=0,"",INDEX(ChqNo,IFERROR(MATCH(77,ChqRankL,0),0))) | D93: =IF(IFERROR(MATCH(77,ChqRankL,0),0)=0,"",IF(INDEX(ChqAmt,IFERROR(MATCH(77,ChqRankL,0),0))=0,"",INDEX(ChqAmt,IFERROR(MATCH(77,ChqRankL,0),0)))) | E93: =IF(IFERROR(MATCH(77,ChqRankL,0),0)=0,"",INDEX(ChqStatus,IFERROR(MATCH(77,ChqRankL,0),0))) | F93: =IF(IFERROR(MATCH(77,ChqRankL,0),0)=0,"",IF(INDEX(ChqStatus,IFERROR(MATCH(77,ChqRankL,0),0))="پاس نشده","—",IF(INDEX(ChqClr,IFERROR(MATCH(77,ChqRankL,0),0))="","—",INDEX(ChqClr,IFERROR(MATCH(77,ChqRankL,0),0))))) | I93: =IF(77>NChq,"",INDEX(ChqNorm,77)) | J93: =IF($I93="","",IF(AND($I93>=$H$3,$I93<=$H$4),1,0)) | K93: =IF($J93=0,"",INDEX(ChqKey,77)) | L93: =IF($K93="","",COUNTIFS($J$17:$J$516,1,$K$17:$K$516,"<"&$K93)+1)
A94: =IF(IFERROR(MATCH(78,ChqRankL,0),0)=0,"",78) | B94: =IF(IFERROR(MATCH(78,ChqRankL,0),0)=0,"",INDEX(ChqNorm,IFERROR(MATCH(78,ChqRankL,0),0))) | C94: =IF(IFERROR(MATCH(78,ChqRankL,0),0)=0,"",INDEX(ChqNo,IFERROR(MATCH(78,ChqRankL,0),0))) | D94: =IF(IFERROR(MATCH(78,ChqRankL,0),0)=0,"",IF(INDEX(ChqAmt,IFERROR(MATCH(78,ChqRankL,0),0))=0,"",INDEX(ChqAmt,IFERROR(MATCH(78,ChqRankL,0),0)))) | E94: =IF(IFERROR(MATCH(78,ChqRankL,0),0)=0,"",INDEX(ChqStatus,IFERROR(MATCH(78,ChqRankL,0),0))) | F94: =IF(IFERROR(MATCH(78,ChqRankL,0),0)=0,"",IF(INDEX(ChqStatus,IFERROR(MATCH(78,ChqRankL,0),0))="پاس نشده","—",IF(INDEX(ChqClr,IFERROR(MATCH(78,ChqRankL,0),0))="","—",INDEX(ChqClr,IFERROR(MATCH(78,ChqRankL,0),0))))) | I94: =IF(78>NChq,"",INDEX(ChqNorm,78)) | J94: =IF($I94="","",IF(AND($I94>=$H$3,$I94<=$H$4),1,0)) | K94: =IF($J94=0,"",INDEX(ChqKey,78)) | L94: =IF($K94="","",COUNTIFS($J$17:$J$516,1,$K$17:$K$516,"<"&$K94)+1)
A95: =IF(IFERROR(MATCH(79,ChqRankL,0),0)=0,"",79) | B95: =IF(IFERROR(MATCH(79,ChqRankL,0),0)=0,"",INDEX(ChqNorm,IFERROR(MATCH(79,ChqRankL,0),0))) | C95: =IF(IFERROR(MATCH(79,ChqRankL,0),0)=0,"",INDEX(ChqNo,IFERROR(MATCH(79,ChqRankL,0),0))) | D95: =IF(IFERROR(MATCH(79,ChqRankL,0),0)=0,"",IF(INDEX(ChqAmt,IFERROR(MATCH(79,ChqRankL,0),0))=0,"",INDEX(ChqAmt,IFERROR(MATCH(79,ChqRankL,0),0)))) | E95: =IF(IFERROR(MATCH(79,ChqRankL,0),0)=0,"",INDEX(ChqStatus,IFERROR(MATCH(79,ChqRankL,0),0))) | F95: =IF(IFERROR(MATCH(79,ChqRankL,0),0)=0,"",IF(INDEX(ChqStatus,IFERROR(MATCH(79,ChqRankL,0),0))="پاس نشده","—",IF(INDEX(ChqClr,IFERROR(MATCH(79,ChqRankL,0),0))="","—",INDEX(ChqClr,IFERROR(MATCH(79,ChqRankL,0),0))))) | I95: =IF(79>NChq,"",INDEX(ChqNorm,79)) | J95: =IF($I95="","",IF(AND($I95>=$H$3,$I95<=$H$4),1,0)) | K95: =IF($J95=0,"",INDEX(ChqKey,79)) | L95: =IF($K95="","",COUNTIFS($J$17:$J$516,1,$K$17:$K$516,"<"&$K95)+1)
A96: =IF(IFERROR(MATCH(80,ChqRankL,0),0)=0,"",80) | B96: =IF(IFERROR(MATCH(80,ChqRankL,0),0)=0,"",INDEX(ChqNorm,IFERROR(MATCH(80,ChqRankL,0),0))) | C96: =IF(IFERROR(MATCH(80,ChqRankL,0),0)=0,"",INDEX(ChqNo,IFERROR(MATCH(80,ChqRankL,0),0))) | D96: =IF(IFERROR(MATCH(80,ChqRankL,0),0)=0,"",IF(INDEX(ChqAmt,IFERROR(MATCH(80,ChqRankL,0),0))=0,"",INDEX(ChqAmt,IFERROR(MATCH(80,ChqRankL,0),0)))) | E96: =IF(IFERROR(MATCH(80,ChqRankL,0),0)=0,"",INDEX(ChqStatus,IFERROR(MATCH(80,ChqRankL,0),0))) | F96: =IF(IFERROR(MATCH(80,ChqRankL,0),0)=0,"",IF(INDEX(ChqStatus,IFERROR(MATCH(80,ChqRankL,0),0))="پاس نشده","—",IF(INDEX(ChqClr,IFERROR(MATCH(80,ChqRankL,0),0))="","—",INDEX(ChqClr,IFERROR(MATCH(80,ChqRankL,0),0))))) | I96: =IF(80>NChq,"",INDEX(ChqNorm,80)) | J96: =IF($I96="","",IF(AND($I96>=$H$3,$I96<=$H$4),1,0)) | K96: =IF($J96=0,"",INDEX(ChqKey,80)) | L96: =IF($K96="","",COUNTIFS($J$17:$J$516,1,$K$17:$K$516,"<"&$K96)+1)
A97: =IF(IFERROR(MATCH(81,ChqRankL,0),0)=0,"",81) | B97: =IF(IFERROR(MATCH(81,ChqRankL,0),0)=0,"",INDEX(ChqNorm,IFERROR(MATCH(81,ChqRankL,0),0))) | C97: =IF(IFERROR(MATCH(81,ChqRankL,0),0)=0,"",INDEX(ChqNo,IFERROR(MATCH(81,ChqRankL,0),0))) | D97: =IF(IFERROR(MATCH(81,ChqRankL,0),0)=0,"",IF(INDEX(ChqAmt,IFERROR(MATCH(81,ChqRankL,0),0))=0,"",INDEX(ChqAmt,IFERROR(MATCH(81,ChqRankL,0),0)))) | E97: =IF(IFERROR(MATCH(81,ChqRankL,0),0)=0,"",INDEX(ChqStatus,IFERROR(MATCH(81,ChqRankL,0),0))) | F97: =IF(IFERROR(MATCH(81,ChqRankL,0),0)=0,"",IF(INDEX(ChqStatus,IFERROR(MATCH(81,ChqRankL,0),0))="پاس نشده","—",IF(INDEX(ChqClr,IFERROR(MATCH(81,ChqRankL,0),0))="","—",INDEX(ChqClr,IFERROR(MATCH(81,ChqRankL,0),0))))) | I97: =IF(81>NChq,"",INDEX(ChqNorm,81)) | J97: =IF($I97="","",IF(AND($I97>=$H$3,$I97<=$H$4),1,0)) | K97: =IF($J97=0,"",INDEX(ChqKey,81)) | L97: =IF($K97="","",COUNTIFS($J$17:$J$516,1,$K$17:$K$516,"<"&$K97)+1)
A98: =IF(IFERROR(MATCH(82,ChqRankL,0),0)=0,"",82) | B98: =IF(IFERROR(MATCH(82,ChqRankL,0),0)=0,"",INDEX(ChqNorm,IFERROR(MATCH(82,ChqRankL,0),0))) | C98: =IF(IFERROR(MATCH(82,ChqRankL,0),0)=0,"",INDEX(ChqNo,IFERROR(MATCH(82,ChqRankL,0),0))) | D98: =IF(IFERROR(MATCH(82,ChqRankL,0),0)=0,"",IF(INDEX(ChqAmt,IFERROR(MATCH(82,ChqRankL,0),0))=0,"",INDEX(ChqAmt,IFERROR(MATCH(82,ChqRankL,0),0)))) | E98: =IF(IFERROR(MATCH(82,ChqRankL,0),0)=0,"",INDEX(ChqStatus,IFERROR(MATCH(82,ChqRankL,0),0))) | F98: =IF(IFERROR(MATCH(82,ChqRankL,0),0)=0,"",IF(INDEX(ChqStatus,IFERROR(MATCH(82,ChqRankL,0),0))="پاس نشده","—",IF(INDEX(ChqClr,IFERROR(MATCH(82,ChqRankL,0),0))="","—",INDEX(ChqClr,IFERROR(MATCH(82,ChqRankL,0),0))))) | I98: =IF(82>NChq,"",INDEX(ChqNorm,82)) | J98: =IF($I98="","",IF(AND($I98>=$H$3,$I98<=$H$4),1,0)) | K98: =IF($J98=0,"",INDEX(ChqKey,82)) | L98: =IF($K98="","",COUNTIFS($J$17:$J$516,1,$K$17:$K$516,"<"&$K98)+1)
A99: =IF(IFERROR(MATCH(83,ChqRankL,0),0)=0,"",83) | B99: =IF(IFERROR(MATCH(83,ChqRankL,0),0)=0,"",INDEX(ChqNorm,IFERROR(MATCH(83,ChqRankL,0),0))) | C99: =IF(IFERROR(MATCH(83,ChqRankL,0),0)=0,"",INDEX(ChqNo,IFERROR(MATCH(83,ChqRankL,0),0))) | D99: =IF(IFERROR(MATCH(83,ChqRankL,0),0)=0,"",IF(INDEX(ChqAmt,IFERROR(MATCH(83,ChqRankL,0),0))=0,"",INDEX(ChqAmt,IFERROR(MATCH(83,ChqRankL,0),0)))) | E99: =IF(IFERROR(MATCH(83,ChqRankL,0),0)=0,"",INDEX(ChqStatus,IFERROR(MATCH(83,ChqRankL,0),0))) | F99: =IF(IFERROR(MATCH(83,ChqRankL,0),0)=0,"",IF(INDEX(ChqStatus,IFERROR(MATCH(83,ChqRankL,0),0))="پاس نشده","—",IF(INDEX(ChqClr,IFERROR(MATCH(83,ChqRankL,0),0))="","—",INDEX(ChqClr,IFERROR(MATCH(83,ChqRankL,0),0))))) | I99: =IF(83>NChq,"",INDEX(ChqNorm,83)) | J99: =IF($I99="","",IF(AND($I99>=$H$3,$I99<=$H$4),1,0)) | K99: =IF($J99=0,"",INDEX(ChqKey,83)) | L99: =IF($K99="","",COUNTIFS($J$17:$J$516,1,$K$17:$K$516,"<"&$K99)+1)
A100: =IF(IFERROR(MATCH(84,ChqRankL,0),0)=0,"",84) | B100: =IF(IFERROR(MATCH(84,ChqRankL,0),0)=0,"",INDEX(ChqNorm,IFERROR(MATCH(84,ChqRankL,0),0))) | C100: =IF(IFERROR(MATCH(84,ChqRankL,0),0)=0,"",INDEX(ChqNo,IFERROR(MATCH(84,ChqRankL,0),0))) | D100: =IF(IFERROR(MATCH(84,ChqRankL,0),0)=0,"",IF(INDEX(ChqAmt,IFERROR(MATCH(84,ChqRankL,0),0))=0,"",INDEX(ChqAmt,IFERROR(MATCH(84,ChqRankL,0),0)))) | E100: =IF(IFERROR(MATCH(84,ChqRankL,0),0)=0,"",INDEX(ChqStatus,IFERROR(MATCH(84,ChqRankL,0),0))) | F100: =IF(IFERROR(MATCH(84,ChqRankL,0),0)=0,"",IF(INDEX(ChqStatus,IFERROR(MATCH(84,ChqRankL,0),0))="پاس نشده","—",IF(INDEX(ChqClr,IFERROR(MATCH(84,ChqRankL,0),0))="","—",INDEX(ChqClr,IFERROR(MATCH(84,ChqRankL,0),0))))) | I100: =IF(84>NChq,"",INDEX(ChqNorm,84)) | J100: =IF($I100="","",IF(AND($I100>=$H$3,$I100<=$H$4),1,0)) | K100: =IF($J100=0,"",INDEX(ChqKey,84)) | L100: =IF($K100="","",COUNTIFS($J$17:$J$516,1,$K$17:$K$516,"<"&$K100)+1)
A101: =IF(IFERROR(MATCH(85,ChqRankL,0),0)=0,"",85) | B101: =IF(IFERROR(MATCH(85,ChqRankL,0),0)=0,"",INDEX(ChqNorm,IFERROR(MATCH(85,ChqRankL,0),0))) | C101: =IF(IFERROR(MATCH(85,ChqRankL,0),0)=0,"",INDEX(ChqNo,IFERROR(MATCH(85,ChqRankL,0),0))) | D101: =IF(IFERROR(MATCH(85,ChqRankL,0),0)=0,"",IF(INDEX(ChqAmt,IFERROR(MATCH(85,ChqRankL,0),0))=0,"",INDEX(ChqAmt,IFERROR(MATCH(85,ChqRankL,0),0)))) | E101: =IF(IFERROR(MATCH(85,ChqRankL,0),0)=0,"",INDEX(ChqStatus,IFERROR(MATCH(85,ChqRankL,0),0))) | F101: =IF(IFERROR(MATCH(85,ChqRankL,0),0)=0,"",IF(INDEX(ChqStatus,IFERROR(MATCH(85,ChqRankL,0),0))="پاس نشده","—",IF(INDEX(ChqClr,IFERROR(MATCH(85,ChqRankL,0),0))="","—",INDEX(ChqClr,IFERROR(MATCH(85,ChqRankL,0),0))))) | I101: =IF(85>NChq,"",INDEX(ChqNorm,85)) | J101: =IF($I101="","",IF(AND($I101>=$H$3,$I101<=$H$4),1,0)) | K101: =IF($J101=0,"",INDEX(ChqKey,85)) | L101: =IF($K101="","",COUNTIFS($J$17:$J$516,1,$K$17:$K$516,"<"&$K101)+1)
A102: =IF(IFERROR(MATCH(86,ChqRankL,0),0)=0,"",86) | B102: =IF(IFERROR(MATCH(86,ChqRankL,0),0)=0,"",INDEX(ChqNorm,IFERROR(MATCH(86,ChqRankL,0),0))) | C102: =IF(IFERROR(MATCH(86,ChqRankL,0),0)=0,"",INDEX(ChqNo,IFERROR(MATCH(86,ChqRankL,0),0))) | D102: =IF(IFERROR(MATCH(86,ChqRankL,0),0)=0,"",IF(INDEX(ChqAmt,IFERROR(MATCH(86,ChqRankL,0),0))=0,"",INDEX(ChqAmt,IFERROR(MATCH(86,ChqRankL,0),0)))) | E102: =IF(IFERROR(MATCH(86,ChqRankL,0),0)=0,"",INDEX(ChqStatus,IFERROR(MATCH(86,ChqRankL,0),0))) | F102: =IF(IFERROR(MATCH(86,ChqRankL,0),0)=0,"",IF(INDEX(ChqStatus,IFERROR(MATCH(86,ChqRankL,0),0))="پاس نشده","—",IF(INDEX(ChqClr,IFERROR(MATCH(86,ChqRankL,0),0))="","—",INDEX(ChqClr,IFERROR(MATCH(86,ChqRankL,0),0))))) | I102: =IF(86>NChq,"",INDEX(ChqNorm,86)) | J102: =IF($I102="","",IF(AND($I102>=$H$3,$I102<=$H$4),1,0)) | K102: =IF($J102=0,"",INDEX(ChqKey,86)) | L102: =IF($K102="","",COUNTIFS($J$17:$J$516,1,$K$17:$K$516,"<"&$K102)+1)
A103: =IF(IFERROR(MATCH(87,ChqRankL,0),0)=0,"",87) | B103: =IF(IFERROR(MATCH(87,ChqRankL,0),0)=0,"",INDEX(ChqNorm,IFERROR(MATCH(87,ChqRankL,0),0))) | C103: =IF(IFERROR(MATCH(87,ChqRankL,0),0)=0,"",INDEX(ChqNo,IFERROR(MATCH(87,ChqRankL,0),0))) | D103: =IF(IFERROR(MATCH(87,ChqRankL,0),0)=0,"",IF(INDEX(ChqAmt,IFERROR(MATCH(87,ChqRankL,0),0))=0,"",INDEX(ChqAmt,IFERROR(MATCH(87,ChqRankL,0),0)))) | E103: =IF(IFERROR(MATCH(87,ChqRankL,0),0)=0,"",INDEX(ChqStatus,IFERROR(MATCH(87,ChqRankL,0),0))) | F103: =IF(IFERROR(MATCH(87,ChqRankL,0),0)=0,"",IF(INDEX(ChqStatus,IFERROR(MATCH(87,ChqRankL,0),0))="پاس نشده","—",IF(INDEX(ChqClr,IFERROR(MATCH(87,ChqRankL,0),0))="","—",INDEX(ChqClr,IFERROR(MATCH(87,ChqRankL,0),0))))) | I103: =IF(87>NChq,"",INDEX(ChqNorm,87)) | J103: =IF($I103="","",IF(AND($I103>=$H$3,$I103<=$H$4),1,0)) | K103: =IF($J103=0,"",INDEX(ChqKey,87)) | L103: =IF($K103="","",COUNTIFS($J$17:$J$516,1,$K$17:$K$516,"<"&$K103)+1)
A104: =IF(IFERROR(MATCH(88,ChqRankL,0),0)=0,"",88) | B104: =IF(IFERROR(MATCH(88,ChqRankL,0),0)=0,"",INDEX(ChqNorm,IFERROR(MATCH(88,ChqRankL,0),0))) | C104: =IF(IFERROR(MATCH(88,ChqRankL,0),0)=0,"",INDEX(ChqNo,IFERROR(MATCH(88,ChqRankL,0),0))) | D104: =IF(IFERROR(MATCH(88,ChqRankL,0),0)=0,"",IF(INDEX(ChqAmt,IFERROR(MATCH(88,ChqRankL,0),0))=0,"",INDEX(ChqAmt,IFERROR(MATCH(88,ChqRankL,0),0)))) | E104: =IF(IFERROR(MATCH(88,ChqRankL,0),0)=0,"",INDEX(ChqStatus,IFERROR(MATCH(88,ChqRankL,0),0))) | F104: =IF(IFERROR(MATCH(88,ChqRankL,0),0)=0,"",IF(INDEX(ChqStatus,IFERROR(MATCH(88,ChqRankL,0),0))="پاس نشده","—",IF(INDEX(ChqClr,IFERROR(MATCH(88,ChqRankL,0),0))="","—",INDEX(ChqClr,IFERROR(MATCH(88,ChqRankL,0),0))))) | I104: =IF(88>NChq,"",INDEX(ChqNorm,88)) | J104: =IF($I104="","",IF(AND($I104>=$H$3,$I104<=$H$4),1,0)) | K104: =IF($J104=0,"",INDEX(ChqKey,88)) | L104: =IF($K104="","",COUNTIFS($J$17:$J$516,1,$K$17:$K$516,"<"&$K104)+1)
A105: =IF(IFERROR(MATCH(89,ChqRankL,0),0)=0,"",89) | B105: =IF(IFERROR(MATCH(89,ChqRankL,0),0)=0,"",INDEX(ChqNorm,IFERROR(MATCH(89,ChqRankL,0),0))) | C105: =IF(IFERROR(MATCH(89,ChqRankL,0),0)=0,"",INDEX(ChqNo,IFERROR(MATCH(89,ChqRankL,0),0))) | D105: =IF(IFERROR(MATCH(89,ChqRankL,0),0)=0,"",IF(INDEX(ChqAmt,IFERROR(MATCH(89,ChqRankL,0),0))=0,"",INDEX(ChqAmt,IFERROR(MATCH(89,ChqRankL,0),0)))) | E105: =IF(IFERROR(MATCH(89,ChqRankL,0),0)=0,"",INDEX(ChqStatus,IFERROR(MATCH(89,ChqRankL,0),0))) | F105: =IF(IFERROR(MATCH(89,ChqRankL,0),0)=0,"",IF(INDEX(ChqStatus,IFERROR(MATCH(89,ChqRankL,0),0))="پاس نشده","—",IF(INDEX(ChqClr,IFERROR(MATCH(89,ChqRankL,0),0))="","—",INDEX(ChqClr,IFERROR(MATCH(89,ChqRankL,0),0))))) | I105: =IF(89>NChq,"",INDEX(ChqNorm,89)) | J105: =IF($I105="","",IF(AND($I105>=$H$3,$I105<=$H$4),1,0)) | K105: =IF($J105=0,"",INDEX(ChqKey,89)) | L105: =IF($K105="","",COUNTIFS($J$17:$J$516,1,$K$17:$K$516,"<"&$K105)+1)
A106: =IF(IFERROR(MATCH(90,ChqRankL,0),0)=0,"",90) | B106: =IF(IFERROR(MATCH(90,ChqRankL,0),0)=0,"",INDEX(ChqNorm,IFERROR(MATCH(90,ChqRankL,0),0))) | C106: =IF(IFERROR(MATCH(90,ChqRankL,0),0)=0,"",INDEX(ChqNo,IFERROR(MATCH(90,ChqRankL,0),0))) | D106: =IF(IFERROR(MATCH(90,ChqRankL,0),0)=0,"",IF(INDEX(ChqAmt,IFERROR(MATCH(90,ChqRankL,0),0))=0,"",INDEX(ChqAmt,IFERROR(MATCH(90,ChqRankL,0),0)))) | E106: =IF(IFERROR(MATCH(90,ChqRankL,0),0)=0,"",INDEX(ChqStatus,IFERROR(MATCH(90,ChqRankL,0),0))) | F106: =IF(IFERROR(MATCH(90,ChqRankL,0),0)=0,"",IF(INDEX(ChqStatus,IFERROR(MATCH(90,ChqRankL,0),0))="پاس نشده","—",IF(INDEX(ChqClr,IFERROR(MATCH(90,ChqRankL,0),0))="","—",INDEX(ChqClr,IFERROR(MATCH(90,ChqRankL,0),0))))) | I106: =IF(90>NChq,"",INDEX(ChqNorm,90)) | J106: =IF($I106="","",IF(AND($I106>=$H$3,$I106<=$H$4),1,0)) | K106: =IF($J106=0,"",INDEX(ChqKey,90)) | L106: =IF($K106="","",COUNTIFS($J$17:$J$516,1,$K$17:$K$516,"<"&$K106)+1)
A107: =IF(IFERROR(MATCH(91,ChqRankL,0),0)=0,"",91) | B107: =IF(IFERROR(MATCH(91,ChqRankL,0),0)=0,"",INDEX(ChqNorm,IFERROR(MATCH(91,ChqRankL,0),0))) | C107: =IF(IFERROR(MATCH(91,ChqRankL,0),0)=0,"",INDEX(ChqNo,IFERROR(MATCH(91,ChqRankL,0),0))) | D107: =IF(IFERROR(MATCH(91,ChqRankL,0),0)=0,"",IF(INDEX(ChqAmt,IFERROR(MATCH(91,ChqRankL,0),0))=0,"",INDEX(ChqAmt,IFERROR(MATCH(91,ChqRankL,0),0)))) | E107: =IF(IFERROR(MATCH(91,ChqRankL,0),0)=0,"",INDEX(ChqStatus,IFERROR(MATCH(91,ChqRankL,0),0))) | F107: =IF(IFERROR(MATCH(91,ChqRankL,0),0)=0,"",IF(INDEX(ChqStatus,IFERROR(MATCH(91,ChqRankL,0),0))="پاس نشده","—",IF(INDEX(ChqClr,IFERROR(MATCH(91,ChqRankL,0),0))="","—",INDEX(ChqClr,IFERROR(MATCH(91,ChqRankL,0),0))))) | I107: =IF(91>NChq,"",INDEX(ChqNorm,91)) | J107: =IF($I107="","",IF(AND($I107>=$H$3,$I107<=$H$4),1,0)) | K107: =IF($J107=0,"",INDEX(ChqKey,91)) | L107: =IF($K107="","",COUNTIFS($J$17:$J$516,1,$K$17:$K$516,"<"&$K107)+1)
...

Sheet Unpaid
A1: =IF(Sync!$J$6="","مازندشت",Sync!$J$6)&" — "&IF(Sync!$J$9="","سورتینگ و بسته‌بندی مرکبات",Sync!$J$9)
A2: =IF(Sync!$J$7="","باغدشت، بخش مرکزی، شهرستان قائم‌شهر، استان مازندران، ایران",Sync!$J$7)&" | MAZANDASHT · CITRUS SORTING & PACKING"
A3: چک‌های پاس‌نشده در بازه — به ترتیب تاریخ | H3: =IF(OR($B$5="",LEN($B$5)<>10),"",$B$5)
H4: =IF(OR($D$5="",LEN($D$5)<>10),"",$D$5)
A5: از تاریخ: | B5: 1405/07/01 | C5: تا تاریخ: | D5: 1405/07/31 | E5: بازه را با قالب 1405/07/01 وارد کنید — برای هر ماه، همین شیت را کپی کنید و بازه را عوض کنید.
A11: جمع چک‌های پاس‌نشده (ریال) | C11: تعداد | E11: نزدیک‌ترین سررسید
A12: =SUM($D$17:$D$516) | C12: =COUNT($D$17:$D$516) | E12: =IF(COUNT($D$17:$D$516)=0,"—",INDEX($B$17:$B$516,1))
A13: ردیف | B13: تاریخ چک | C13: شماره چک | D13: مبلغ (ریال) | E13: وضعیت | F13: تاریخ پاس
A14: No. | B14: Cheque Date | C14: Cheque No. | D14: Amount | E14: Status | F14: Cleared On
A17: =IF(IFERROR(MATCH(1,ChqRankU,0),0)=0,"",1) | B17: =IF(IFERROR(MATCH(1,ChqRankU,0),0)=0,"",INDEX(ChqNorm,IFERROR(MATCH(1,ChqRankU,0),0))) | C17: =IF(IFERROR(MATCH(1,ChqRankU,0),0)=0,"",INDEX(ChqNo,IFERROR(MATCH(1,ChqRankU,0),0))) | D17: =IF(IFERROR(MATCH(1,ChqRankU,0),0)=0,"",IF(INDEX(ChqAmt,IFERROR(MATCH(1,ChqRankU,0),0))=0,"",INDEX(ChqAmt,IFERROR(MATCH(1,ChqRankU,0),0)))) | E17: =IF(IFERROR(MATCH(1,ChqRankU,0),0)=0,"",INDEX(ChqStatus,IFERROR(MATCH(1,ChqRankU,0),0))) | F17: =IF(IFERROR(MATCH(1,ChqRankU,0),0)=0,"",IF(INDEX(ChqStatus,IFERROR(MATCH(1,ChqRankU,0),0))="پاس نشده","—",IF(INDEX(ChqClr,IFERROR(MATCH(1,ChqRankU,0),0))="","—",INDEX(ChqClr,IFERROR(MATCH(1,ChqRankU,0),0))))) | I17: =IF(1>NChq,"",INDEX(ChqNorm,1)) | J17: =IF($I17="","",IF(AND($I17>=$H$3,$I17<=$H$4,INDEX(ChqStatus,1)="پاس نشده"),1,0)) | K17: =IF($J17=0,"",INDEX(ChqKey,1)) | L17: =IF($K17="","",COUNTIFS($J$17:$J$516,1,$K$17:$K$516,"<"&$K17)+1)
A18: =IF(IFERROR(MATCH(2,ChqRankU,0),0)=0,"",2) | B18: =IF(IFERROR(MATCH(2,ChqRankU,0),0)=0,"",INDEX(ChqNorm,IFERROR(MATCH(2,ChqRankU,0),0))) | C18: =IF(IFERROR(MATCH(2,ChqRankU,0),0)=0,"",INDEX(ChqNo,IFERROR(MATCH(2,ChqRankU,0),0))) | D18: =IF(IFERROR(MATCH(2,ChqRankU,0),0)=0,"",IF(INDEX(ChqAmt,IFERROR(MATCH(2,ChqRankU,0),0))=0,"",INDEX(ChqAmt,IFERROR(MATCH(2,ChqRankU,0),0)))) | E18: =IF(IFERROR(MATCH(2,ChqRankU,0),0)=0,"",INDEX(ChqStatus,IFERROR(MATCH(2,ChqRankU,0),0))) | F18: =IF(IFERROR(MATCH(2,ChqRankU,0),0)=0,"",IF(INDEX(ChqStatus,IFERROR(MATCH(2,ChqRankU,0),0))="پاس نشده","—",IF(INDEX(ChqClr,IFERROR(MATCH(2,ChqRankU,0),0))="","—",INDEX(ChqClr,IFERROR(MATCH(2,ChqRankU,0),0))))) | I18: =IF(2>NChq,"",INDEX(ChqNorm,2)) | J18: =IF($I18="","",IF(AND($I18>=$H$3,$I18<=$H$4,INDEX(ChqStatus,2)="پاس نشده"),1,0)) | K18: =IF($J18=0,"",INDEX(ChqKey,2)) | L18: =IF($K18="","",COUNTIFS($J$17:$J$516,1,$K$17:$K$516,"<"&$K18)+1)
A19: =IF(IFERROR(MATCH(3,ChqRankU,0),0)=0,"",3) | B19: =IF(IFERROR(MATCH(3,ChqRankU,0),0)=0,"",INDEX(ChqNorm,IFERROR(MATCH(3,ChqRankU,0),0))) | C19: =IF(IFERROR(MATCH(3,ChqRankU,0),0)=0,"",INDEX(ChqNo,IFERROR(MATCH(3,ChqRankU,0),0))) | D19: =IF(IFERROR(MATCH(3,ChqRankU,0),0)=0,"",IF(INDEX(ChqAmt,IFERROR(MATCH(3,ChqRankU,0),0))=0,"",INDEX(ChqAmt,IFERROR(MATCH(3,ChqRankU,0),0)))) | E19: =IF(IFERROR(MATCH(3,ChqRankU,0),0)=0,"",INDEX(ChqStatus,IFERROR(MATCH(3,ChqRankU,0),0))) | F19: =IF(IFERROR(MATCH(3,ChqRankU,0),0)=0,"",IF(INDEX(ChqStatus,IFERROR(MATCH(3,ChqRankU,0),0))="پاس نشده","—",IF(INDEX(ChqClr,IFERROR(MATCH(3,ChqRankU,0),0))="","—",INDEX(ChqClr,IFERROR(MATCH(3,ChqRankU,0),0))))) | I19: =IF(3>NChq,"",INDEX(ChqNorm,3)) | J19: =IF($I19="","",IF(AND($I19>=$H$3,$I19<=$H$4,INDEX(ChqStatus,3)="پاس نشده"),1,0)) | K19: =IF($J19=0,"",INDEX(ChqKey,3)) | L19: =IF($K19="","",COUNTIFS($J$17:$J$516,1,$K$17:$K$516,"<"&$K19)+1)
A20: =IF(IFERROR(MATCH(4,ChqRankU,0),0)=0,"",4) | B20: =IF(IFERROR(MATCH(4,ChqRankU,0),0)=0,"",INDEX(ChqNorm,IFERROR(MATCH(4,ChqRankU,0),0))) | C20: =IF(IFERROR(MATCH(4,ChqRankU,0),0)=0,"",INDEX(ChqNo,IFERROR(MATCH(4,ChqRankU,0),0))) | D20: =IF(IFERROR(MATCH(4,ChqRankU,0),0)=0,"",IF(INDEX(ChqAmt,IFERROR(MATCH(4,ChqRankU,0),0))=0,"",INDEX(ChqAmt,IFERROR(MATCH(4,ChqRankU,0),0)))) | E20: =IF(IFERROR(MATCH(4,ChqRankU,0),0)=0,"",INDEX(ChqStatus,IFERROR(MATCH(4,ChqRankU,0),0))) | F20: =IF(IFERROR(MATCH(4,ChqRankU,0),0)=0,"",IF(INDEX(ChqStatus,IFERROR(MATCH(4,ChqRankU,0),0))="پاس نشده","—",IF(INDEX(ChqClr,IFERROR(MATCH(4,ChqRankU,0),0))="","—",INDEX(ChqClr,IFERROR(MATCH(4,ChqRankU,0),0))))) | I20: =IF(4>NChq,"",INDEX(ChqNorm,4)) | J20: =IF($I20="","",IF(AND($I20>=$H$3,$I20<=$H$4,INDEX(ChqStatus,4)="پاس نشده"),1,0)) | K20: =IF($J20=0,"",INDEX(ChqKey,4)) | L20: =IF($K20="","",COUNTIFS($J$17:$J$516,1,$K$17:$K$516,"<"&$K20)+1)
A21: =IF(IFERROR(MATCH(5,ChqRankU,0),0)=0,"",5) | B21: =IF(IFERROR(MATCH(5,ChqRankU,0),0)=0,"",INDEX(ChqNorm,IFERROR(MATCH(5,ChqRankU,0),0))) | C21: =IF(IFERROR(MATCH(5,ChqRankU,0),0)=0,"",INDEX(ChqNo,IFERROR(MATCH(5,ChqRankU,0),0))) | D21: =IF(IFERROR(MATCH(5,ChqRankU,0),0)=0,"",IF(INDEX(ChqAmt,IFERROR(MATCH(5,ChqRankU,0),0))=0,"",INDEX(ChqAmt,IFERROR(MATCH(5,ChqRankU,0),0)))) | E21: =IF(IFERROR(MATCH(5,ChqRankU,0),0)=0,"",INDEX(ChqStatus,IFERROR(MATCH(5,ChqRankU,0),0))) | F21: =IF(IFERROR(MATCH(5,ChqRankU,0),0)=0,"",IF(INDEX(ChqStatus,IFERROR(MATCH(5,ChqRankU,0),0))="پاس نشده","—",IF(INDEX(ChqClr,IFERROR(MATCH(5,ChqRankU,0),0))="","—",INDEX(ChqClr,IFERROR(MATCH(5,ChqRankU,0),0))))) | I21: =IF(5>NChq,"",INDEX(ChqNorm,5)) | J21: =IF($I21="","",IF(AND($I21>=$H$3,$I21<=$H$4,INDEX(ChqStatus,5)="پاس نشده"),1,0)) | K21: =IF($J21=0,"",INDEX(ChqKey,5)) | L21: =IF($K21="","",COUNTIFS($J$17:$J$516,1,$K$17:$K$516,"<"&$K21)+1)
A22: =IF(IFERROR(MATCH(6,ChqRankU,0),0)=0,"",6) | B22: =IF(IFERROR(MATCH(6,ChqRankU,0),0)=0,"",INDEX(ChqNorm,IFERROR(MATCH(6,ChqRankU,0),0))) | C22: =IF(IFERROR(MATCH(6,ChqRankU,0),0)=0,"",INDEX(ChqNo,IFERROR(MATCH(6,ChqRankU,0),0))) | D22: =IF(IFERROR(MATCH(6,ChqRankU,0),0)=0,"",IF(INDEX(ChqAmt,IFERROR(MATCH(6,ChqRankU,0),0))=0,"",INDEX(ChqAmt,IFERROR(MATCH(6,ChqRankU,0),0)))) | E22: =IF(IFERROR(MATCH(6,ChqRankU,0),0)=0,"",INDEX(ChqStatus,IFERROR(MATCH(6,ChqRankU,0),0))) | F22: =IF(IFERROR(MATCH(6,ChqRankU,0),0)=0,"",IF(INDEX(ChqStatus,IFERROR(MATCH(6,ChqRankU,0),0))="پاس نشده","—",IF(INDEX(ChqClr,IFERROR(MATCH(6,ChqRankU,0),0))="","—",INDEX(ChqClr,IFERROR(MATCH(6,ChqRankU,0),0))))) | I22: =IF(6>NChq,"",INDEX(ChqNorm,6)) | J22: =IF($I22="","",IF(AND($I22>=$H$3,$I22<=$H$4,INDEX(ChqStatus,6)="پاس نشده"),1,0)) | K22: =IF($J22=0,"",INDEX(ChqKey,6)) | L22: =IF($K22="","",COUNTIFS($J$17:$J$516,1,$K$17:$K$516,"<"&$K22)+1)
A23: =IF(IFERROR(MATCH(7,ChqRankU,0),0)=0,"",7) | B23: =IF(IFERROR(MATCH(7,ChqRankU,0),0)=0,"",INDEX(ChqNorm,IFERROR(MATCH(7,ChqRankU,0),0))) | C23: =IF(IFERROR(MATCH(7,ChqRankU,0),0)=0,"",INDEX(ChqNo,IFERROR(MATCH(7,ChqRankU,0),0))) | D23: =IF(IFERROR(MATCH(7,ChqRankU,0),0)=0,"",IF(INDEX(ChqAmt,IFERROR(MATCH(7,ChqRankU,0),0))=0,"",INDEX(ChqAmt,IFERROR(MATCH(7,ChqRankU,0),0)))) | E23: =IF(IFERROR(MATCH(7,ChqRankU,0),0)=0,"",INDEX(ChqStatus,IFERROR(MATCH(7,ChqRankU,0),0))) | F23: =IF(IFERROR(MATCH(7,ChqRankU,0),0)=0,"",IF(INDEX(ChqStatus,IFERROR(MATCH(7,ChqRankU,0),0))="پاس نشده","—",IF(INDEX(ChqClr,IFERROR(MATCH(7,ChqRankU,0),0))="","—",INDEX(ChqClr,IFERROR(MATCH(7,ChqRankU,0),0))))) | I23: =IF(7>NChq,"",INDEX(ChqNorm,7)) | J23: =IF($I23="","",IF(AND($I23>=$H$3,$I23<=$H$4,INDEX(ChqStatus,7)="پاس نشده"),1,0)) | K23: =IF($J23=0,"",INDEX(ChqKey,7)) | L23: =IF($K23="","",COUNTIFS($J$17:$J$516,1,$K$17:$K$516,"<"&$K23)+1)
A24: =IF(IFERROR(MATCH(8,ChqRankU,0),0)=0,"",8) | B24: =IF(IFERROR(MATCH(8,ChqRankU,0),0)=0,"",INDEX(ChqNorm,IFERROR(MATCH(8,ChqRankU,0),0))) | C24: =IF(IFERROR(MATCH(8,ChqRankU,0),0)=0,"",INDEX(ChqNo,IFERROR(MATCH(8,ChqRankU,0),0))) | D24: =IF(IFERROR(MATCH(8,ChqRankU,0),0)=0,"",IF(INDEX(ChqAmt,IFERROR(MATCH(8,ChqRankU,0),0))=0,"",INDEX(ChqAmt,IFERROR(MATCH(8,ChqRankU,0),0)))) | E24: =IF(IFERROR(MATCH(8,ChqRankU,0),0)=0,"",INDEX(ChqStatus,IFERROR(MATCH(8,ChqRankU,0),0))) | F24: =IF(IFERROR(MATCH(8,ChqRankU,0),0)=0,"",IF(INDEX(ChqStatus,IFERROR(MATCH(8,ChqRankU,0),0))="پاس نشده","—",IF(INDEX(ChqClr,IFERROR(MATCH(8,ChqRankU,0),0))="","—",INDEX(ChqClr,IFERROR(MATCH(8,ChqRankU,0),0))))) | I24: =IF(8>NChq,"",INDEX(ChqNorm,8)) | J24: =IF($I24="","",IF(AND($I24>=$H$3,$I24<=$H$4,INDEX(ChqStatus,8)="پاس نشده"),1,0)) | K24: =IF($J24=0,"",INDEX(ChqKey,8)) | L24: =IF($K24="","",COUNTIFS($J$17:$J$516,1,$K$17:$K$516,"<"&$K24)+1)
A25: =IF(IFERROR(MATCH(9,ChqRankU,0),0)=0,"",9) | B25: =IF(IFERROR(MATCH(9,ChqRankU,0),0)=0,"",INDEX(ChqNorm,IFERROR(MATCH(9,ChqRankU,0),0))) | C25: =IF(IFERROR(MATCH(9,ChqRankU,0),0)=0,"",INDEX(ChqNo,IFERROR(MATCH(9,ChqRankU,0),0))) | D25: =IF(IFERROR(MATCH(9,ChqRankU,0),0)=0,"",IF(INDEX(ChqAmt,IFERROR(MATCH(9,ChqRankU,0),0))=0,"",INDEX(ChqAmt,IFERROR(MATCH(9,ChqRankU,0),0)))) | E25: =IF(IFERROR(MATCH(9,ChqRankU,0),0)=0,"",INDEX(ChqStatus,IFERROR(MATCH(9,ChqRankU,0),0))) | F25: =IF(IFERROR(MATCH(9,ChqRankU,0),0)=0,"",IF(INDEX(ChqStatus,IFERROR(MATCH(9,ChqRankU,0),0))="پاس نشده","—",IF(INDEX(ChqClr,IFERROR(MATCH(9,ChqRankU,0),0))="","—",INDEX(ChqClr,IFERROR(MATCH(9,ChqRankU,0),0))))) | I25: =IF(9>NChq,"",INDEX(ChqNorm,9)) | J25: =IF($I25="","",IF(AND($I25>=$H$3,$I25<=$H$4,INDEX(ChqStatus,9)="پاس نشده"),1,0)) | K25: =IF($J25=0,"",INDEX(ChqKey,9)) | L25: =IF($K25="","",COUNTIFS($J$17:$J$516,1,$K$17:$K$516,"<"&$K25)+1)
A26: =IF(IFERROR(MATCH(10,ChqRankU,0),0)=0,"",10) | B26: =IF(IFERROR(MATCH(10,ChqRankU,0),0)=0,"",INDEX(ChqNorm,IFERROR(MATCH(10,ChqRankU,0),0))) | C26: =IF(IFERROR(MATCH(10,ChqRankU,0),0)=0,"",INDEX(ChqNo,IFERROR(MATCH(10,ChqRankU,0),0))) | D26: =IF(IFERROR(MATCH(10,ChqRankU,0),0)=0,"",IF(INDEX(ChqAmt,IFERROR(MATCH(10,ChqRankU,0),0))=0,"",INDEX(ChqAmt,IFERROR(MATCH(10,ChqRankU,0),0)))) | E26: =IF(IFERROR(MATCH(10,ChqRankU,0),0)=0,"",INDEX(ChqStatus,IFERROR(MATCH(10,ChqRankU,0),0))) | F26: =IF(IFERROR(MATCH(10,ChqRankU,0),0)=0,"",IF(INDEX(ChqStatus,IFERROR(MATCH(10,ChqRankU,0),0))="پاس نشده","—",IF(INDEX(ChqClr,IFERROR(MATCH(10,ChqRankU,0),0))="","—",INDEX(ChqClr,IFERROR(MATCH(10,ChqRankU,0),0))))) | I26: =IF(10>NChq,"",INDEX(ChqNorm,10)) | J26: =IF($I26="","",IF(AND($I26>=$H$3,$I26<=$H$4,INDEX(ChqStatus,10)="پاس نشده"),1,0)) | K26: =IF($J26=0,"",INDEX(ChqKey,10)) | L26: =IF($K26="","",COUNTIFS($J$17:$J$516,1,$K$17:$K$516,"<"&$K26)+1)
A27: =IF(IFERROR(MATCH(11,ChqRankU,0),0)=0,"",11) | B27: =IF(IFERROR(MATCH(11,ChqRankU,0),0)=0,"",INDEX(ChqNorm,IFERROR(MATCH(11,ChqRankU,0),0))) | C27: =IF(IFERROR(MATCH(11,ChqRankU,0),0)=0,"",INDEX(ChqNo,IFERROR(MATCH(11,ChqRankU,0),0))) | D27: =IF(IFERROR(MATCH(11,ChqRankU,0),0)=0,"",IF(INDEX(ChqAmt,IFERROR(MATCH(11,ChqRankU,0),0))=0,"",INDEX(ChqAmt,IFERROR(MATCH(11,ChqRankU,0),0)))) | E27: =IF(IFERROR(MATCH(11,ChqRankU,0),0)=0,"",INDEX(ChqStatus,IFERROR(MATCH(11,ChqRankU,0),0))) | F27: =IF(IFERROR(MATCH(11,ChqRankU,0),0)=0,"",IF(INDEX(ChqStatus,IFERROR(MATCH(11,ChqRankU,0),0))="پاس نشده","—",IF(INDEX(ChqClr,IFERROR(MATCH(11,ChqRankU,0),0))="","—",INDEX(ChqClr,IFERROR(MATCH(11,ChqRankU,0),0))))) | I27: =IF(11>NChq,"",INDEX(ChqNorm,11)) | J27: =IF($I27="","",IF(AND($I27>=$H$3,$I27<=$H$4,INDEX(ChqStatus,11)="پاس نشده"),1,0)) | K27: =IF($J27=0,"",INDEX(ChqKey,11)) | L27: =IF($K27="","",COUNTIFS($J$17:$J$516,1,$K$17:$K$516,"<"&$K27)+1)
A28: =IF(IFERROR(MATCH(12,ChqRankU,0),0)=0,"",12) | B28: =IF(IFERROR(MATCH(12,ChqRankU,0),0)=0,"",INDEX(ChqNorm,IFERROR(MATCH(12,ChqRankU,0),0))) | C28: =IF(IFERROR(MATCH(12,ChqRankU,0),0)=0,"",INDEX(ChqNo,IFERROR(MATCH(12,ChqRankU,0),0))) | D28: =IF(IFERROR(MATCH(12,ChqRankU,0),0)=0,"",IF(INDEX(ChqAmt,IFERROR(MATCH(12,ChqRankU,0),0))=0,"",INDEX(ChqAmt,IFERROR(MATCH(12,ChqRankU,0),0)))) | E28: =IF(IFERROR(MATCH(12,ChqRankU,0),0)=0,"",INDEX(ChqStatus,IFERROR(MATCH(12,ChqRankU,0),0))) | F28: =IF(IFERROR(MATCH(12,ChqRankU,0),0)=0,"",IF(INDEX(ChqStatus,IFERROR(MATCH(12,ChqRankU,0),0))="پاس نشده","—",IF(INDEX(ChqClr,IFERROR(MATCH(12,ChqRankU,0),0))="","—",INDEX(ChqClr,IFERROR(MATCH(12,ChqRankU,0),0))))) | I28: =IF(12>NChq,"",INDEX(ChqNorm,12)) | J28: =IF($I28="","",IF(AND($I28>=$H$3,$I28<=$H$4,INDEX(ChqStatus,12)="پاس نشده"),1,0)) | K28: =IF($J28=0,"",INDEX(ChqKey,12)) | L28: =IF($K28="","",COUNTIFS($J$17:$J$516,1,$K$17:$K$516,"<"&$K28)+1)
A29: =IF(IFERROR(MATCH(13,ChqRankU,0),0)=0,"",13) | B29: =IF(IFERROR(MATCH(13,ChqRankU,0),0)=0,"",INDEX(ChqNorm,IFERROR(MATCH(13,ChqRankU,0),0))) | C29: =IF(IFERROR(MATCH(13,ChqRankU,0),0)=0,"",INDEX(ChqNo,IFERROR(MATCH(13,ChqRankU,0),0))) | D29: =IF(IFERROR(MATCH(13,ChqRankU,0),0)=0,"",IF(INDEX(ChqAmt,IFERROR(MATCH(13,ChqRankU,0),0))=0,"",INDEX(ChqAmt,IFERROR(MATCH(13,ChqRankU,0),0)))) | E29: =IF(IFERROR(MATCH(13,ChqRankU,0),0)=0,"",INDEX(ChqStatus,IFERROR(MATCH(13,ChqRankU,0),0))) | F29: =IF(IFERROR(MATCH(13,ChqRankU,0),0)=0,"",IF(INDEX(ChqStatus,IFERROR(MATCH(13,ChqRankU,0),0))="پاس نشده","—",IF(INDEX(ChqClr,IFERROR(MATCH(13,ChqRankU,0),0))="","—",INDEX(ChqClr,IFERROR(MATCH(13,ChqRankU,0),0))))) | I29: =IF(13>NChq,"",INDEX(ChqNorm,13)) | J29: =IF($I29="","",IF(AND($I29>=$H$3,$I29<=$H$4,INDEX(ChqStatus,13)="پاس نشده"),1,0)) | K29: =IF($J29=0,"",INDEX(ChqKey,13)) | L29: =IF($K29="","",COUNTIFS($J$17:$J$516,1,$K$17:$K$516,"<"&$K29)+1)
A30: =IF(IFERROR(MATCH(14,ChqRankU,0),0)=0,"",14) | B30: =IF(IFERROR(MATCH(14,ChqRankU,0),0)=0,"",INDEX(ChqNorm,IFERROR(MATCH(14,ChqRankU,0),0))) | C30: =IF(IFERROR(MATCH(14,ChqRankU,0),0)=0,"",INDEX(ChqNo,IFERROR(MATCH(14,ChqRankU,0),0))) | D30: =IF(IFERROR(MATCH(14,ChqRankU,0),0)=0,"",IF(INDEX(ChqAmt,IFERROR(MATCH(14,ChqRankU,0),0))=0,"",INDEX(ChqAmt,IFERROR(MATCH(14,ChqRankU,0),0)))) | E30: =IF(IFERROR(MATCH(14,ChqRankU,0),0)=0,"",INDEX(ChqStatus,IFERROR(MATCH(14,ChqRankU,0),0))) | F30: =IF(IFERROR(MATCH(14,ChqRankU,0),0)=0,"",IF(INDEX(ChqStatus,IFERROR(MATCH(14,ChqRankU,0),0))="پاس نشده","—",IF(INDEX(ChqClr,IFERROR(MATCH(14,ChqRankU,0),0))="","—",INDEX(ChqClr,IFERROR(MATCH(14,ChqRankU,0),0))))) | I30: =IF(14>NChq,"",INDEX(ChqNorm,14)) | J30: =IF($I30="","",IF(AND($I30>=$H$3,$I30<=$H$4,INDEX(ChqStatus,14)="پاس نشده"),1,0)) | K30: =IF($J30=0,"",INDEX(ChqKey,14)) | L30: =IF($K30="","",COUNTIFS($J$17:$J$516,1,$K$17:$K$516,"<"&$K30)+1)
A31: =IF(IFERROR(MATCH(15,ChqRankU,0),0)=0,"",15) | B31: =IF(IFERROR(MATCH(15,ChqRankU,0),0)=0,"",INDEX(ChqNorm,IFERROR(MATCH(15,ChqRankU,0),0))) | C31: =IF(IFERROR(MATCH(15,ChqRankU,0),0)=0,"",INDEX(ChqNo,IFERROR(MATCH(15,ChqRankU,0),0))) | D31: =IF(IFERROR(MATCH(15,ChqRankU,0),0)=0,"",IF(INDEX(ChqAmt,IFERROR(MATCH(15,ChqRankU,0),0))=0,"",INDEX(ChqAmt,IFERROR(MATCH(15,ChqRankU,0),0)))) | E31: =IF(IFERROR(MATCH(15,ChqRankU,0),0)=0,"",INDEX(ChqStatus,IFERROR(MATCH(15,ChqRankU,0),0))) | F31: =IF(IFERROR(MATCH(15,ChqRankU,0),0)=0,"",IF(INDEX(ChqStatus,IFERROR(MATCH(15,ChqRankU,0),0))="پاس نشده","—",IF(INDEX(ChqClr,IFERROR(MATCH(15,ChqRankU,0),0))="","—",INDEX(ChqClr,IFERROR(MATCH(15,ChqRankU,0),0))))) | I31: =IF(15>NChq,"",INDEX(ChqNorm,15)) | J31: =IF($I31="","",IF(AND($I31>=$H$3,$I31<=$H$4,INDEX(ChqStatus,15)="پاس نشده"),1,0)) | K31: =IF($J31=0,"",INDEX(ChqKey,15)) | L31: =IF($K31="","",COUNTIFS($J$17:$J$516,1,$K$17:$K$516,"<"&$K31)+1)
A32: =IF(IFERROR(MATCH(16,ChqRankU,0),0)=0,"",16) | B32: =IF(IFERROR(MATCH(16,ChqRankU,0),0)=0,"",INDEX(ChqNorm,IFERROR(MATCH(16,ChqRankU,0),0))) | C32: =IF(IFERROR(MATCH(16,ChqRankU,0),0)=0,"",INDEX(ChqNo,IFERROR(MATCH(16,ChqRankU,0),0))) | D32: =IF(IFERROR(MATCH(16,ChqRankU,0),0)=0,"",IF(INDEX(ChqAmt,IFERROR(MATCH(16,ChqRankU,0),0))=0,"",INDEX(ChqAmt,IFERROR(MATCH(16,ChqRankU,0),0)))) | E32: =IF(IFERROR(MATCH(16,ChqRankU,0),0)=0,"",INDEX(ChqStatus,IFERROR(MATCH(16,ChqRankU,0),0))) | F32: =IF(IFERROR(MATCH(16,ChqRankU,0),0)=0,"",IF(INDEX(ChqStatus,IFERROR(MATCH(16,ChqRankU,0),0))="پاس نشده","—",IF(INDEX(ChqClr,IFERROR(MATCH(16,ChqRankU,0),0))="","—",INDEX(ChqClr,IFERROR(MATCH(16,ChqRankU,0),0))))) | I32: =IF(16>NChq,"",INDEX(ChqNorm,16)) | J32: =IF($I32="","",IF(AND($I32>=$H$3,$I32<=$H$4,INDEX(ChqStatus,16)="پاس نشده"),1,0)) | K32: =IF($J32=0,"",INDEX(ChqKey,16)) | L32: =IF($K32="","",COUNTIFS($J$17:$J$516,1,$K$17:$K$516,"<"&$K32)+1)
A33: =IF(IFERROR(MATCH(17,ChqRankU,0),0)=0,"",17) | B33: =IF(IFERROR(MATCH(17,ChqRankU,0),0)=0,"",INDEX(ChqNorm,IFERROR(MATCH(17,ChqRankU,0),0))) | C33: =IF(IFERROR(MATCH(17,ChqRankU,0),0)=0,"",INDEX(ChqNo,IFERROR(MATCH(17,ChqRankU,0),0))) | D33: =IF(IFERROR(MATCH(17,ChqRankU,0),0)=0,"",IF(INDEX(ChqAmt,IFERROR(MATCH(17,ChqRankU,0),0))=0,"",INDEX(ChqAmt,IFERROR(MATCH(17,ChqRankU,0),0)))) | E33: =IF(IFERROR(MATCH(17,ChqRankU,0),0)=0,"",INDEX(ChqStatus,IFERROR(MATCH(17,ChqRankU,0),0))) | F33: =IF(IFERROR(MATCH(17,ChqRankU,0),0)=0,"",IF(INDEX(ChqStatus,IFERROR(MATCH(17,ChqRankU,0),0))="پاس نشده","—",IF(INDEX(ChqClr,IFERROR(MATCH(17,ChqRankU,0),0))="","—",INDEX(ChqClr,IFERROR(MATCH(17,ChqRankU,0),0))))) | I33: =IF(17>NChq,"",INDEX(ChqNorm,17)) | J33: =IF($I33="","",IF(AND($I33>=$H$3,$I33<=$H$4,INDEX(ChqStatus,17)="پاس نشده"),1,0)) | K33: =IF($J33=0,"",INDEX(ChqKey,17)) | L33: =IF($K33="","",COUNTIFS($J$17:$J$516,1,$K$17:$K$516,"<"&$K33)+1)
A34: =IF(IFERROR(MATCH(18,ChqRankU,0),0)=0,"",18) | B34: =IF(IFERROR(MATCH(18,ChqRankU,0),0)=0,"",INDEX(ChqNorm,IFERROR(MATCH(18,ChqRankU,0),0))) | C34: =IF(IFERROR(MATCH(18,ChqRankU,0),0)=0,"",INDEX(ChqNo,IFERROR(MATCH(18,ChqRankU,0),0))) | D34: =IF(IFERROR(MATCH(18,ChqRankU,0),0)=0,"",IF(INDEX(ChqAmt,IFERROR(MATCH(18,ChqRankU,0),0))=0,"",INDEX(ChqAmt,IFERROR(MATCH(18,ChqRankU,0),0)))) | E34: =IF(IFERROR(MATCH(18,ChqRankU,0),0)=0,"",INDEX(ChqStatus,IFERROR(MATCH(18,ChqRankU,0),0))) | F34: =IF(IFERROR(MATCH(18,ChqRankU,0),0)=0,"",IF(INDEX(ChqStatus,IFERROR(MATCH(18,ChqRankU,0),0))="پاس نشده","—",IF(INDEX(ChqClr,IFERROR(MATCH(18,ChqRankU,0),0))="","—",INDEX(ChqClr,IFERROR(MATCH(18,ChqRankU,0),0))))) | I34: =IF(18>NChq,"",INDEX(ChqNorm,18)) | J34: =IF($I34="","",IF(AND($I34>=$H$3,$I34<=$H$4,INDEX(ChqStatus,18)="پاس نشده"),1,0)) | K34: =IF($J34=0,"",INDEX(ChqKey,18)) | L34: =IF($K34="","",COUNTIFS($J$17:$J$516,1,$K$17:$K$516,"<"&$K34)+1)
A35: =IF(IFERROR(MATCH(19,ChqRankU,0),0)=0,"",19) | B35: =IF(IFERROR(MATCH(19,ChqRankU,0),0)=0,"",INDEX(ChqNorm,IFERROR(MATCH(19,ChqRankU,0),0))) | C35: =IF(IFERROR(MATCH(19,ChqRankU,0),0)=0,"",INDEX(ChqNo,IFERROR(MATCH(19,ChqRankU,0),0))) | D35: =IF(IFERROR(MATCH(19,ChqRankU,0),0)=0,"",IF(INDEX(ChqAmt,IFERROR(MATCH(19,ChqRankU,0),0))=0,"",INDEX(ChqAmt,IFERROR(MATCH(19,ChqRankU,0),0)))) | E35: =IF(IFERROR(MATCH(19,ChqRankU,0),0)=0,"",INDEX(ChqStatus,IFERROR(MATCH(19,ChqRankU,0),0))) | F35: =IF(IFERROR(MATCH(19,ChqRankU,0),0)=0,"",IF(INDEX(ChqStatus,IFERROR(MATCH(19,ChqRankU,0),0))="پاس نشده","—",IF(INDEX(ChqClr,IFERROR(MATCH(19,ChqRankU,0),0))="","—",INDEX(ChqClr,IFERROR(MATCH(19,ChqRankU,0),0))))) | I35: =IF(19>NChq,"",INDEX(ChqNorm,19)) | J35: =IF($I35="","",IF(AND($I35>=$H$3,$I35<=$H$4,INDEX(ChqStatus,19)="پاس نشده"),1,0)) | K35: =IF($J35=0,"",INDEX(ChqKey,19)) | L35: =IF($K35="","",COUNTIFS($J$17:$J$516,1,$K$17:$K$516,"<"&$K35)+1)
A36: =IF(IFERROR(MATCH(20,ChqRankU,0),0)=0,"",20) | B36: =IF(IFERROR(MATCH(20,ChqRankU,0),0)=0,"",INDEX(ChqNorm,IFERROR(MATCH(20,ChqRankU,0),0))) | C36: =IF(IFERROR(MATCH(20,ChqRankU,0),0)=0,"",INDEX(ChqNo,IFERROR(MATCH(20,ChqRankU,0),0))) | D36: =IF(IFERROR(MATCH(20,ChqRankU,0),0)=0,"",IF(INDEX(ChqAmt,IFERROR(MATCH(20,ChqRankU,0),0))=0,"",INDEX(ChqAmt,IFERROR(MATCH(20,ChqRankU,0),0)))) | E36: =IF(IFERROR(MATCH(20,ChqRankU,0),0)=0,"",INDEX(ChqStatus,IFERROR(MATCH(20,ChqRankU,0),0))) | F36: =IF(IFERROR(MATCH(20,ChqRankU,0),0)=0,"",IF(INDEX(ChqStatus,IFERROR(MATCH(20,ChqRankU,0),0))="پاس نشده","—",IF(INDEX(ChqClr,IFERROR(MATCH(20,ChqRankU,0),0))="","—",INDEX(ChqClr,IFERROR(MATCH(20,ChqRankU,0),0))))) | I36: =IF(20>NChq,"",INDEX(ChqNorm,20)) | J36: =IF($I36="","",IF(AND($I36>=$H$3,$I36<=$H$4,INDEX(ChqStatus,20)="پاس نشده"),1,0)) | K36: =IF($J36=0,"",INDEX(ChqKey,20)) | L36: =IF($K36="","",COUNTIFS($J$17:$J$516,1,$K$17:$K$516,"<"&$K36)+1)
A37: =IF(IFERROR(MATCH(21,ChqRankU,0),0)=0,"",21) | B37: =IF(IFERROR(MATCH(21,ChqRankU,0),0)=0,"",INDEX(ChqNorm,IFERROR(MATCH(21,ChqRankU,0),0))) | C37: =IF(IFERROR(MATCH(21,ChqRankU,0),0)=0,"",INDEX(ChqNo,IFERROR(MATCH(21,ChqRankU,0),0))) | D37: =IF(IFERROR(MATCH(21,ChqRankU,0),0)=0,"",IF(INDEX(ChqAmt,IFERROR(MATCH(21,ChqRankU,0),0))=0,"",INDEX(ChqAmt,IFERROR(MATCH(21,ChqRankU,0),0)))) | E37: =IF(IFERROR(MATCH(21,ChqRankU,0),0)=0,"",INDEX(ChqStatus,IFERROR(MATCH(21,ChqRankU,0),0))) | F37: =IF(IFERROR(MATCH(21,ChqRankU,0),0)=0,"",IF(INDEX(ChqStatus,IFERROR(MATCH(21,ChqRankU,0),0))="پاس نشده","—",IF(INDEX(ChqClr,IFERROR(MATCH(21,ChqRankU,0),0))="","—",INDEX(ChqClr,IFERROR(MATCH(21,ChqRankU,0),0))))) | I37: =IF(21>NChq,"",INDEX(ChqNorm,21)) | J37: =IF($I37="","",IF(AND($I37>=$H$3,$I37<=$H$4,INDEX(ChqStatus,21)="پاس نشده"),1,0)) | K37: =IF($J37=0,"",INDEX(ChqKey,21)) | L37: =IF($K37="","",COUNTIFS($J$17:$J$516,1,$K$17:$K$516,"<"&$K37)+1)
A38: =IF(IFERROR(MATCH(22,ChqRankU,0),0)=0,"",22) | B38: =IF(IFERROR(MATCH(22,ChqRankU,0),0)=0,"",INDEX(ChqNorm,IFERROR(MATCH(22,ChqRankU,0),0))) | C38: =IF(IFERROR(MATCH(22,ChqRankU,0),0)=0,"",INDEX(ChqNo,IFERROR(MATCH(22,ChqRankU,0),0))) | D38: =IF(IFERROR(MATCH(22,ChqRankU,0),0)=0,"",IF(INDEX(ChqAmt,IFERROR(MATCH(22,ChqRankU,0),0))=0,"",INDEX(ChqAmt,IFERROR(MATCH(22,ChqRankU,0),0)))) | E38: =IF(IFERROR(MATCH(22,ChqRankU,0),0)=0,"",INDEX(ChqStatus,IFERROR(MATCH(22,ChqRankU,0),0))) | F38: =IF(IFERROR(MATCH(22,ChqRankU,0),0)=0,"",IF(INDEX(ChqStatus,IFERROR(MATCH(22,ChqRankU,0),0))="پاس نشده","—",IF(INDEX(ChqClr,IFERROR(MATCH(22,ChqRankU,0),0))="","—",INDEX(ChqClr,IFERROR(MATCH(22,ChqRankU,0),0))))) | I38: =IF(22>NChq,"",INDEX(ChqNorm,22)) | J38: =IF($I38="","",IF(AND($I38>=$H$3,$I38<=$H$4,INDEX(ChqStatus,22)="پاس نشده"),1,0)) | K38: =IF($J38=0,"",INDEX(ChqKey,22)) | L38: =IF($K38="","",COUNTIFS($J$17:$J$516,1,$K$17:$K$516,"<"&$K38)+1)
A39: =IF(IFERROR(MATCH(23,ChqRankU,0),0)=0,"",23) | B39: =IF(IFERROR(MATCH(23,ChqRankU,0),0)=0,"",INDEX(ChqNorm,IFERROR(MATCH(23,ChqRankU,0),0))) | C39: =IF(IFERROR(MATCH(23,ChqRankU,0),0)=0,"",INDEX(ChqNo,IFERROR(MATCH(23,ChqRankU,0),0))) | D39: =IF(IFERROR(MATCH(23,ChqRankU,0),0)=0,"",IF(INDEX(ChqAmt,IFERROR(MATCH(23,ChqRankU,0),0))=0,"",INDEX(ChqAmt,IFERROR(MATCH(23,ChqRankU,0),0)))) | E39: =IF(IFERROR(MATCH(23,ChqRankU,0),0)=0,"",INDEX(ChqStatus,IFERROR(MATCH(23,ChqRankU,0),0))) | F39: =IF(IFERROR(MATCH(23,ChqRankU,0),0)=0,"",IF(INDEX(ChqStatus,IFERROR(MATCH(23,ChqRankU,0),0))="پاس نشده","—",IF(INDEX(ChqClr,IFERROR(MATCH(23,ChqRankU,0),0))="","—",INDEX(ChqClr,IFERROR(MATCH(23,ChqRankU,0),0))))) | I39: =IF(23>NChq,"",INDEX(ChqNorm,23)) | J39: =IF($I39="","",IF(AND($I39>=$H$3,$I39<=$H$4,INDEX(ChqStatus,23)="پاس نشده"),1,0)) | K39: =IF($J39=0,"",INDEX(ChqKey,23)) | L39: =IF($K39="","",COUNTIFS($J$17:$J$516,1,$K$17:$K$516,"<"&$K39)+1)
A40: =IF(IFERROR(MATCH(24,ChqRankU,0),0)=0,"",24) | B40: =IF(IFERROR(MATCH(24,ChqRankU,0),0)=0,"",INDEX(ChqNorm,IFERROR(MATCH(24,ChqRankU,0),0))) | C40: =IF(IFERROR(MATCH(24,ChqRankU,0),0)=0,"",INDEX(ChqNo,IFERROR(MATCH(24,ChqRankU,0),0))) | D40: =IF(IFERROR(MATCH(24,ChqRankU,0),0)=0,"",IF(INDEX(ChqAmt,IFERROR(MATCH(24,ChqRankU,0),0))=0,"",INDEX(ChqAmt,IFERROR(MATCH(24,ChqRankU,0),0)))) | E40: =IF(IFERROR(MATCH(24,ChqRankU,0),0)=0,"",INDEX(ChqStatus,IFERROR(MATCH(24,ChqRankU,0),0))) | F40: =IF(IFERROR(MATCH(24,ChqRankU,0),0)=0,"",IF(INDEX(ChqStatus,IFERROR(MATCH(24,ChqRankU,0),0))="پاس نشده","—",IF(INDEX(ChqClr,IFERROR(MATCH(24,ChqRankU,0),0))="","—",INDEX(ChqClr,IFERROR(MATCH(24,ChqRankU,0),0))))) | I40: =IF(24>NChq,"",INDEX(ChqNorm,24)) | J40: =IF($I40="","",IF(AND($I40>=$H$3,$I40<=$H$4,INDEX(ChqStatus,24)="پاس نشده"),1,0)) | K40: =IF($J40=0,"",INDEX(ChqKey,24)) | L40: =IF($K40="","",COUNTIFS($J$17:$J$516,1,$K$17:$K$516,"<"&$K40)+1)
A41: =IF(IFERROR(MATCH(25,ChqRankU,0),0)=0,"",25) | B41: =IF(IFERROR(MATCH(25,ChqRankU,0),0)=0,"",INDEX(ChqNorm,IFERROR(MATCH(25,ChqRankU,0),0))) | C41: =IF(IFERROR(MATCH(25,ChqRankU,0),0)=0,"",INDEX(ChqNo,IFERROR(MATCH(25,ChqRankU,0),0))) | D41: =IF(IFERROR(MATCH(25,ChqRankU,0),0)=0,"",IF(INDEX(ChqAmt,IFERROR(MATCH(25,ChqRankU,0),0))=0,"",INDEX(ChqAmt,IFERROR(MATCH(25,ChqRankU,0),0)))) | E41: =IF(IFERROR(MATCH(25,ChqRankU,0),0)=0,"",INDEX(ChqStatus,IFERROR(MATCH(25,ChqRankU,0),0))) | F41: =IF(IFERROR(MATCH(25,ChqRankU,0),0)=0,"",IF(INDEX(ChqStatus,IFERROR(MATCH(25,ChqRankU,0),0))="پاس نشده","—",IF(INDEX(ChqClr,IFERROR(MATCH(25,ChqRankU,0),0))="","—",INDEX(ChqClr,IFERROR(MATCH(25,ChqRankU,0),0))))) | I41: =IF(25>NChq,"",INDEX(ChqNorm,25)) | J41: =IF($I41="","",IF(AND($I41>=$H$3,$I41<=$H$4,INDEX(ChqStatus,25)="پاس نشده"),1,0)) | K41: =IF($J41=0,"",INDEX(ChqKey,25)) | L41: =IF($K41="","",COUNTIFS($J$17:$J$516,1,$K$17:$K$516,"<"&$K41)+1)
A42: =IF(IFERROR(MATCH(26,ChqRankU,0),0)=0,"",26) | B42: =IF(IFERROR(MATCH(26,ChqRankU,0),0)=0,"",INDEX(ChqNorm,IFERROR(MATCH(26,ChqRankU,0),0))) | C42: =IF(IFERROR(MATCH(26,ChqRankU,0),0)=0,"",INDEX(ChqNo,IFERROR(MATCH(26,ChqRankU,0),0))) | D42: =IF(IFERROR(MATCH(26,ChqRankU,0),0)=0,"",IF(INDEX(ChqAmt,IFERROR(MATCH(26,ChqRankU,0),0))=0,"",INDEX(ChqAmt,IFERROR(MATCH(26,ChqRankU,0),0)))) | E42: =IF(IFERROR(MATCH(26,ChqRankU,0),0)=0,"",INDEX(ChqStatus,IFERROR(MATCH(26,ChqRankU,0),0))) | F42: =IF(IFERROR(MATCH(26,ChqRankU,0),0)=0,"",IF(INDEX(ChqStatus,IFERROR(MATCH(26,ChqRankU,0),0))="پاس نشده","—",IF(INDEX(ChqClr,IFERROR(MATCH(26,ChqRankU,0),0))="","—",INDEX(ChqClr,IFERROR(MATCH(26,ChqRankU,0),0))))) | I42: =IF(26>NChq,"",INDEX(ChqNorm,26)) | J42: =IF($I42="","",IF(AND($I42>=$H$3,$I42<=$H$4,INDEX(ChqStatus,26)="پاس نشده"),1,0)) | K42: =IF($J42=0,"",INDEX(ChqKey,26)) | L42: =IF($K42="","",COUNTIFS($J$17:$J$516,1,$K$17:$K$516,"<"&$K42)+1)
A43: =IF(IFERROR(MATCH(27,ChqRankU,0),0)=0,"",27) | B43: =IF(IFERROR(MATCH(27,ChqRankU,0),0)=0,"",INDEX(ChqNorm,IFERROR(MATCH(27,ChqRankU,0),0))) | C43: =IF(IFERROR(MATCH(27,ChqRankU,0),0)=0,"",INDEX(ChqNo,IFERROR(MATCH(27,ChqRankU,0),0))) | D43: =IF(IFERROR(MATCH(27,ChqRankU,0),0)=0,"",IF(INDEX(ChqAmt,IFERROR(MATCH(27,ChqRankU,0),0))=0,"",INDEX(ChqAmt,IFERROR(MATCH(27,ChqRankU,0),0)))) | E43: =IF(IFERROR(MATCH(27,ChqRankU,0),0)=0,"",INDEX(ChqStatus,IFERROR(MATCH(27,ChqRankU,0),0))) | F43: =IF(IFERROR(MATCH(27,ChqRankU,0),0)=0,"",IF(INDEX(ChqStatus,IFERROR(MATCH(27,ChqRankU,0),0))="پاس نشده","—",IF(INDEX(ChqClr,IFERROR(MATCH(27,ChqRankU,0),0))="","—",INDEX(ChqClr,IFERROR(MATCH(27,ChqRankU,0),0))))) | I43: =IF(27>NChq,"",INDEX(ChqNorm,27)) | J43: =IF($I43="","",IF(AND($I43>=$H$3,$I43<=$H$4,INDEX(ChqStatus,27)="پاس نشده"),1,0)) | K43: =IF($J43=0,"",INDEX(ChqKey,27)) | L43: =IF($K43="","",COUNTIFS($J$17:$J$516,1,$K$17:$K$516,"<"&$K43)+1)
A44: =IF(IFERROR(MATCH(28,ChqRankU,0),0)=0,"",28) | B44: =IF(IFERROR(MATCH(28,ChqRankU,0),0)=0,"",INDEX(ChqNorm,IFERROR(MATCH(28,ChqRankU,0),0))) | C44: =IF(IFERROR(MATCH(28,ChqRankU,0),0)=0,"",INDEX(ChqNo,IFERROR(MATCH(28,ChqRankU,0),0))) | D44: =IF(IFERROR(MATCH(28,ChqRankU,0),0)=0,"",IF(INDEX(ChqAmt,IFERROR(MATCH(28,ChqRankU,0),0))=0,"",INDEX(ChqAmt,IFERROR(MATCH(28,ChqRankU,0),0)))) | E44: =IF(IFERROR(MATCH(28,ChqRankU,0),0)=0,"",INDEX(ChqStatus,IFERROR(MATCH(28,ChqRankU,0),0))) | F44: =IF(IFERROR(MATCH(28,ChqRankU,0),0)=0,"",IF(INDEX(ChqStatus,IFERROR(MATCH(28,ChqRankU,0),0))="پاس نشده","—",IF(INDEX(ChqClr,IFERROR(MATCH(28,ChqRankU,0),0))="","—",INDEX(ChqClr,IFERROR(MATCH(28,ChqRankU,0),0))))) | I44: =IF(28>NChq,"",INDEX(ChqNorm,28)) | J44: =IF($I44="","",IF(AND($I44>=$H$3,$I44<=$H$4,INDEX(ChqStatus,28)="پاس نشده"),1,0)) | K44: =IF($J44=0,"",INDEX(ChqKey,28)) | L44: =IF($K44="","",COUNTIFS($J$17:$J$516,1,$K$17:$K$516,"<"&$K44)+1)
A45: =IF(IFERROR(MATCH(29,ChqRankU,0),0)=0,"",29) | B45: =IF(IFERROR(MATCH(29,ChqRankU,0),0)=0,"",INDEX(ChqNorm,IFERROR(MATCH(29,ChqRankU,0),0))) | C45: =IF(IFERROR(MATCH(29,ChqRankU,0),0)=0,"",INDEX(ChqNo,IFERROR(MATCH(29,ChqRankU,0),0))) | D45: =IF(IFERROR(MATCH(29,ChqRankU,0),0)=0,"",IF(INDEX(ChqAmt,IFERROR(MATCH(29,ChqRankU,0),0))=0,"",INDEX(ChqAmt,IFERROR(MATCH(29,ChqRankU,0),0)))) | E45: =IF(IFERROR(MATCH(29,ChqRankU,0),0)=0,"",INDEX(ChqStatus,IFERROR(MATCH(29,ChqRankU,0),0))) | F45: =IF(IFERROR(MATCH(29,ChqRankU,0),0)=0,"",IF(INDEX(ChqStatus,IFERROR(MATCH(29,ChqRankU,0),0))="پاس نشده","—",IF(INDEX(ChqClr,IFERROR(MATCH(29,ChqRankU,0),0))="","—",INDEX(ChqClr,IFERROR(MATCH(29,ChqRankU,0),0))))) | I45: =IF(29>NChq,"",INDEX(ChqNorm,29)) | J45: =IF($I45="","",IF(AND($I45>=$H$3,$I45<=$H$4,INDEX(ChqStatus,29)="پاس نشده"),1,0)) | K45: =IF($J45=0,"",INDEX(ChqKey,29)) | L45: =IF($K45="","",COUNTIFS($J$17:$J$516,1,$K$17:$K$516,"<"&$K45)+1)
A46: =IF(IFERROR(MATCH(30,ChqRankU,0),0)=0,"",30) | B46: =IF(IFERROR(MATCH(30,ChqRankU,0),0)=0,"",INDEX(ChqNorm,IFERROR(MATCH(30,ChqRankU,0),0))) | C46: =IF(IFERROR(MATCH(30,ChqRankU,0),0)=0,"",INDEX(ChqNo,IFERROR(MATCH(30,ChqRankU,0),0))) | D46: =IF(IFERROR(MATCH(30,ChqRankU,0),0)=0,"",IF(INDEX(ChqAmt,IFERROR(MATCH(30,ChqRankU,0),0))=0,"",INDEX(ChqAmt,IFERROR(MATCH(30,ChqRankU,0),0)))) | E46: =IF(IFERROR(MATCH(30,ChqRankU,0),0)=0,"",INDEX(ChqStatus,IFERROR(MATCH(30,ChqRankU,0),0))) | F46: =IF(IFERROR(MATCH(30,ChqRankU,0),0)=0,"",IF(INDEX(ChqStatus,IFERROR(MATCH(30,ChqRankU,0),0))="پاس نشده","—",IF(INDEX(ChqClr,IFERROR(MATCH(30,ChqRankU,0),0))="","—",INDEX(ChqClr,IFERROR(MATCH(30,ChqRankU,0),0))))) | I46: =IF(30>NChq,"",INDEX(ChqNorm,30)) | J46: =IF($I46="","",IF(AND($I46>=$H$3,$I46<=$H$4,INDEX(ChqStatus,30)="پاس نشده"),1,0)) | K46: =IF($J46=0,"",INDEX(ChqKey,30)) | L46: =IF($K46="","",COUNTIFS($J$17:$J$516,1,$K$17:$K$516,"<"&$K46)+1)
A47: =IF(IFERROR(MATCH(31,ChqRankU,0),0)=0,"",31) | B47: =IF(IFERROR(MATCH(31,ChqRankU,0),0)=0,"",INDEX(ChqNorm,IFERROR(MATCH(31,ChqRankU,0),0))) | C47: =IF(IFERROR(MATCH(31,ChqRankU,0),0)=0,"",INDEX(ChqNo,IFERROR(MATCH(31,ChqRankU,0),0))) | D47: =IF(IFERROR(MATCH(31,ChqRankU,0),0)=0,"",IF(INDEX(ChqAmt,IFERROR(MATCH(31,ChqRankU,0),0))=0,"",INDEX(ChqAmt,IFERROR(MATCH(31,ChqRankU,0),0)))) | E47: =IF(IFERROR(MATCH(31,ChqRankU,0),0)=0,"",INDEX(ChqStatus,IFERROR(MATCH(31,ChqRankU,0),0))) | F47: =IF(IFERROR(MATCH(31,ChqRankU,0),0)=0,"",IF(INDEX(ChqStatus,IFERROR(MATCH(31,ChqRankU,0),0))="پاس نشده","—",IF(INDEX(ChqClr,IFERROR(MATCH(31,ChqRankU,0),0))="","—",INDEX(ChqClr,IFERROR(MATCH(31,ChqRankU,0),0))))) | I47: =IF(31>NChq,"",INDEX(ChqNorm,31)) | J47: =IF($I47="","",IF(AND($I47>=$H$3,$I47<=$H$4,INDEX(ChqStatus,31)="پاس نشده"),1,0)) | K47: =IF($J47=0,"",INDEX(ChqKey,31)) | L47: =IF($K47="","",COUNTIFS($J$17:$J$516,1,$K$17:$K$516,"<"&$K47)+1)
A48: =IF(IFERROR(MATCH(32,ChqRankU,0),0)=0,"",32) | B48: =IF(IFERROR(MATCH(32,ChqRankU,0),0)=0,"",INDEX(ChqNorm,IFERROR(MATCH(32,ChqRankU,0),0))) | C48: =IF(IFERROR(MATCH(32,ChqRankU,0),0)=0,"",INDEX(ChqNo,IFERROR(MATCH(32,ChqRankU,0),0))) | D48: =IF(IFERROR(MATCH(32,ChqRankU,0),0)=0,"",IF(INDEX(ChqAmt,IFERROR(MATCH(32,ChqRankU,0),0))=0,"",INDEX(ChqAmt,IFERROR(MATCH(32,ChqRankU,0),0)))) | E48: =IF(IFERROR(MATCH(32,ChqRankU,0),0)=0,"",INDEX(ChqStatus,IFERROR(MATCH(32,ChqRankU,0),0))) | F48: =IF(IFERROR(MATCH(32,ChqRankU,0),0)=0,"",IF(INDEX(ChqStatus,IFERROR(MATCH(32,ChqRankU,0),0))="پاس نشده","—",IF(INDEX(ChqClr,IFERROR(MATCH(32,ChqRankU,0),0))="","—",INDEX(ChqClr,IFERROR(MATCH(32,ChqRankU,0),0))))) | I48: =IF(32>NChq,"",INDEX(ChqNorm,32)) | J48: =IF($I48="","",IF(AND($I48>=$H$3,$I48<=$H$4,INDEX(ChqStatus,32)="پاس نشده"),1,0)) | K48: =IF($J48=0,"",INDEX(ChqKey,32)) | L48: =IF($K48="","",COUNTIFS($J$17:$J$516,1,$K$17:$K$516,"<"&$K48)+1)
A49: =IF(IFERROR(MATCH(33,ChqRankU,0),0)=0,"",33) | B49: =IF(IFERROR(MATCH(33,ChqRankU,0),0)=0,"",INDEX(ChqNorm,IFERROR(MATCH(33,ChqRankU,0),0))) | C49: =IF(IFERROR(MATCH(33,ChqRankU,0),0)=0,"",INDEX(ChqNo,IFERROR(MATCH(33,ChqRankU,0),0))) | D49: =IF(IFERROR(MATCH(33,ChqRankU,0),0)=0,"",IF(INDEX(ChqAmt,IFERROR(MATCH(33,ChqRankU,0),0))=0,"",INDEX(ChqAmt,IFERROR(MATCH(33,ChqRankU,0),0)))) | E49: =IF(IFERROR(MATCH(33,ChqRankU,0),0)=0,"",INDEX(ChqStatus,IFERROR(MATCH(33,ChqRankU,0),0))) | F49: =IF(IFERROR(MATCH(33,ChqRankU,0),0)=0,"",IF(INDEX(ChqStatus,IFERROR(MATCH(33,ChqRankU,0),0))="پاس نشده","—",IF(INDEX(ChqClr,IFERROR(MATCH(33,ChqRankU,0),0))="","—",INDEX(ChqClr,IFERROR(MATCH(33,ChqRankU,0),0))))) | I49: =IF(33>NChq,"",INDEX(ChqNorm,33)) | J49: =IF($I49="","",IF(AND($I49>=$H$3,$I49<=$H$4,INDEX(ChqStatus,33)="پاس نشده"),1,0)) | K49: =IF($J49=0,"",INDEX(ChqKey,33)) | L49: =IF($K49="","",COUNTIFS($J$17:$J$516,1,$K$17:$K$516,"<"&$K49)+1)
A50: =IF(IFERROR(MATCH(34,ChqRankU,0),0)=0,"",34) | B50: =IF(IFERROR(MATCH(34,ChqRankU,0),0)=0,"",INDEX(ChqNorm,IFERROR(MATCH(34,ChqRankU,0),0))) | C50: =IF(IFERROR(MATCH(34,ChqRankU,0),0)=0,"",INDEX(ChqNo,IFERROR(MATCH(34,ChqRankU,0),0))) | D50: =IF(IFERROR(MATCH(34,ChqRankU,0),0)=0,"",IF(INDEX(ChqAmt,IFERROR(MATCH(34,ChqRankU,0),0))=0,"",INDEX(ChqAmt,IFERROR(MATCH(34,ChqRankU,0),0)))) | E50: =IF(IFERROR(MATCH(34,ChqRankU,0),0)=0,"",INDEX(ChqStatus,IFERROR(MATCH(34,ChqRankU,0),0))) | F50: =IF(IFERROR(MATCH(34,ChqRankU,0),0)=0,"",IF(INDEX(ChqStatus,IFERROR(MATCH(34,ChqRankU,0),0))="پاس نشده","—",IF(INDEX(ChqClr,IFERROR(MATCH(34,ChqRankU,0),0))="","—",INDEX(ChqClr,IFERROR(MATCH(34,ChqRankU,0),0))))) | I50: =IF(34>NChq,"",INDEX(ChqNorm,34)) | J50: =IF($I50="","",IF(AND($I50>=$H$3,$I50<=$H$4,INDEX(ChqStatus,34)="پاس نشده"),1,0)) | K50: =IF($J50=0,"",INDEX(ChqKey,34)) | L50: =IF($K50="","",COUNTIFS($J$17:$J$516,1,$K$17:$K$516,"<"&$K50)+1)
A51: =IF(IFERROR(MATCH(35,ChqRankU,0),0)=0,"",35) | B51: =IF(IFERROR(MATCH(35,ChqRankU,0),0)=0,"",INDEX(ChqNorm,IFERROR(MATCH(35,ChqRankU,0),0))) | C51: =IF(IFERROR(MATCH(35,ChqRankU,0),0)=0,"",INDEX(ChqNo,IFERROR(MATCH(35,ChqRankU,0),0))) | D51: =IF(IFERROR(MATCH(35,ChqRankU,0),0)=0,"",IF(INDEX(ChqAmt,IFERROR(MATCH(35,ChqRankU,0),0))=0,"",INDEX(ChqAmt,IFERROR(MATCH(35,ChqRankU,0),0)))) | E51: =IF(IFERROR(MATCH(35,ChqRankU,0),0)=0,"",INDEX(ChqStatus,IFERROR(MATCH(35,ChqRankU,0),0))) | F51: =IF(IFERROR(MATCH(35,ChqRankU,0),0)=0,"",IF(INDEX(ChqStatus,IFERROR(MATCH(35,ChqRankU,0),0))="پاس نشده","—",IF(INDEX(ChqClr,IFERROR(MATCH(35,ChqRankU,0),0))="","—",INDEX(ChqClr,IFERROR(MATCH(35,ChqRankU,0),0))))) | I51: =IF(35>NChq,"",INDEX(ChqNorm,35)) | J51: =IF($I51="","",IF(AND($I51>=$H$3,$I51<=$H$4,INDEX(ChqStatus,35)="پاس نشده"),1,0)) | K51: =IF($J51=0,"",INDEX(ChqKey,35)) | L51: =IF($K51="","",COUNTIFS($J$17:$J$516,1,$K$17:$K$516,"<"&$K51)+1)
A52: =IF(IFERROR(MATCH(36,ChqRankU,0),0)=0,"",36) | B52: =IF(IFERROR(MATCH(36,ChqRankU,0),0)=0,"",INDEX(ChqNorm,IFERROR(MATCH(36,ChqRankU,0),0))) | C52: =IF(IFERROR(MATCH(36,ChqRankU,0),0)=0,"",INDEX(ChqNo,IFERROR(MATCH(36,ChqRankU,0),0))) | D52: =IF(IFERROR(MATCH(36,ChqRankU,0),0)=0,"",IF(INDEX(ChqAmt,IFERROR(MATCH(36,ChqRankU,0),0))=0,"",INDEX(ChqAmt,IFERROR(MATCH(36,ChqRankU,0),0)))) | E52: =IF(IFERROR(MATCH(36,ChqRankU,0),0)=0,"",INDEX(ChqStatus,IFERROR(MATCH(36,ChqRankU,0),0))) | F52: =IF(IFERROR(MATCH(36,ChqRankU,0),0)=0,"",IF(INDEX(ChqStatus,IFERROR(MATCH(36,ChqRankU,0),0))="پاس نشده","—",IF(INDEX(ChqClr,IFERROR(MATCH(36,ChqRankU,0),0))="","—",INDEX(ChqClr,IFERROR(MATCH(36,ChqRankU,0),0))))) | I52: =IF(36>NChq,"",INDEX(ChqNorm,36)) | J52: =IF($I52="","",IF(AND($I52>=$H$3,$I52<=$H$4,INDEX(ChqStatus,36)="پاس نشده"),1,0)) | K52: =IF($J52=0,"",INDEX(ChqKey,36)) | L52: =IF($K52="","",COUNTIFS($J$17:$J$516,1,$K$17:$K$516,"<"&$K52)+1)
A53: =IF(IFERROR(MATCH(37,ChqRankU,0),0)=0,"",37) | B53: =IF(IFERROR(MATCH(37,ChqRankU,0),0)=0,"",INDEX(ChqNorm,IFERROR(MATCH(37,ChqRankU,0),0))) | C53: =IF(IFERROR(MATCH(37,ChqRankU,0),0)=0,"",INDEX(ChqNo,IFERROR(MATCH(37,ChqRankU,0),0))) | D53: =IF(IFERROR(MATCH(37,ChqRankU,0),0)=0,"",IF(INDEX(ChqAmt,IFERROR(MATCH(37,ChqRankU,0),0))=0,"",INDEX(ChqAmt,IFERROR(MATCH(37,ChqRankU,0),0)))) | E53: =IF(IFERROR(MATCH(37,ChqRankU,0),0)=0,"",INDEX(ChqStatus,IFERROR(MATCH(37,ChqRankU,0),0))) | F53: =IF(IFERROR(MATCH(37,ChqRankU,0),0)=0,"",IF(INDEX(ChqStatus,IFERROR(MATCH(37,ChqRankU,0),0))="پاس نشده","—",IF(INDEX(ChqClr,IFERROR(MATCH(37,ChqRankU,0),0))="","—",INDEX(ChqClr,IFERROR(MATCH(37,ChqRankU,0),0))))) | I53: =IF(37>NChq,"",INDEX(ChqNorm,37)) | J53: =IF($I53="","",IF(AND($I53>=$H$3,$I53<=$H$4,INDEX(ChqStatus,37)="پاس نشده"),1,0)) | K53: =IF($J53=0,"",INDEX(ChqKey,37)) | L53: =IF($K53="","",COUNTIFS($J$17:$J$516,1,$K$17:$K$516,"<"&$K53)+1)
A54: =IF(IFERROR(MATCH(38,ChqRankU,0),0)=0,"",38) | B54: =IF(IFERROR(MATCH(38,ChqRankU,0),0)=0,"",INDEX(ChqNorm,IFERROR(MATCH(38,ChqRankU,0),0))) | C54: =IF(IFERROR(MATCH(38,ChqRankU,0),0)=0,"",INDEX(ChqNo,IFERROR(MATCH(38,ChqRankU,0),0))) | D54: =IF(IFERROR(MATCH(38,ChqRankU,0),0)=0,"",IF(INDEX(ChqAmt,IFERROR(MATCH(38,ChqRankU,0),0))=0,"",INDEX(ChqAmt,IFERROR(MATCH(38,ChqRankU,0),0)))) | E54: =IF(IFERROR(MATCH(38,ChqRankU,0),0)=0,"",INDEX(ChqStatus,IFERROR(MATCH(38,ChqRankU,0),0))) | F54: =IF(IFERROR(MATCH(38,ChqRankU,0),0)=0,"",IF(INDEX(ChqStatus,IFERROR(MATCH(38,ChqRankU,0),0))="پاس نشده","—",IF(INDEX(ChqClr,IFERROR(MATCH(38,ChqRankU,0),0))="","—",INDEX(ChqClr,IFERROR(MATCH(38,ChqRankU,0),0))))) | I54: =IF(38>NChq,"",INDEX(ChqNorm,38)) | J54: =IF($I54="","",IF(AND($I54>=$H$3,$I54<=$H$4,INDEX(ChqStatus,38)="پاس نشده"),1,0)) | K54: =IF($J54=0,"",INDEX(ChqKey,38)) | L54: =IF($K54="","",COUNTIFS($J$17:$J$516,1,$K$17:$K$516,"<"&$K54)+1)
A55: =IF(IFERROR(MATCH(39,ChqRankU,0),0)=0,"",39) | B55: =IF(IFERROR(MATCH(39,ChqRankU,0),0)=0,"",INDEX(ChqNorm,IFERROR(MATCH(39,ChqRankU,0),0))) | C55: =IF(IFERROR(MATCH(39,ChqRankU,0),0)=0,"",INDEX(ChqNo,IFERROR(MATCH(39,ChqRankU,0),0))) | D55: =IF(IFERROR(MATCH(39,ChqRankU,0),0)=0,"",IF(INDEX(ChqAmt,IFERROR(MATCH(39,ChqRankU,0),0))=0,"",INDEX(ChqAmt,IFERROR(MATCH(39,ChqRankU,0),0)))) | E55: =IF(IFERROR(MATCH(39,ChqRankU,0),0)=0,"",INDEX(ChqStatus,IFERROR(MATCH(39,ChqRankU,0),0))) | F55: =IF(IFERROR(MATCH(39,ChqRankU,0),0)=0,"",IF(INDEX(ChqStatus,IFERROR(MATCH(39,ChqRankU,0),0))="پاس نشده","—",IF(INDEX(ChqClr,IFERROR(MATCH(39,ChqRankU,0),0))="","—",INDEX(ChqClr,IFERROR(MATCH(39,ChqRankU,0),0))))) | I55: =IF(39>NChq,"",INDEX(ChqNorm,39)) | J55: =IF($I55="","",IF(AND($I55>=$H$3,$I55<=$H$4,INDEX(ChqStatus,39)="پاس نشده"),1,0)) | K55: =IF($J55=0,"",INDEX(ChqKey,39)) | L55: =IF($K55="","",COUNTIFS($J$17:$J$516,1,$K$17:$K$516,"<"&$K55)+1)
A56: =IF(IFERROR(MATCH(40,ChqRankU,0),0)=0,"",40) | B56: =IF(IFERROR(MATCH(40,ChqRankU,0),0)=0,"",INDEX(ChqNorm,IFERROR(MATCH(40,ChqRankU,0),0))) | C56: =IF(IFERROR(MATCH(40,ChqRankU,0),0)=0,"",INDEX(ChqNo,IFERROR(MATCH(40,ChqRankU,0),0))) | D56: =IF(IFERROR(MATCH(40,ChqRankU,0),0)=0,"",IF(INDEX(ChqAmt,IFERROR(MATCH(40,ChqRankU,0),0))=0,"",INDEX(ChqAmt,IFERROR(MATCH(40,ChqRankU,0),0)))) | E56: =IF(IFERROR(MATCH(40,ChqRankU,0),0)=0,"",INDEX(ChqStatus,IFERROR(MATCH(40,ChqRankU,0),0))) | F56: =IF(IFERROR(MATCH(40,ChqRankU,0),0)=0,"",IF(INDEX(ChqStatus,IFERROR(MATCH(40,ChqRankU,0),0))="پاس نشده","—",IF(INDEX(ChqClr,IFERROR(MATCH(40,ChqRankU,0),0))="","—",INDEX(ChqClr,IFERROR(MATCH(40,ChqRankU,0),0))))) | I56: =IF(40>NChq,"",INDEX(ChqNorm,40)) | J56: =IF($I56="","",IF(AND($I56>=$H$3,$I56<=$H$4,INDEX(ChqStatus,40)="پاس نشده"),1,0)) | K56: =IF($J56=0,"",INDEX(ChqKey,40)) | L56: =IF($K56="","",COUNTIFS($J$17:$J$516,1,$K$17:$K$516,"<"&$K56)+1)
A57: =IF(IFERROR(MATCH(41,ChqRankU,0),0)=0,"",41) | B57: =IF(IFERROR(MATCH(41,ChqRankU,0),0)=0,"",INDEX(ChqNorm,IFERROR(MATCH(41,ChqRankU,0),0))) | C57: =IF(IFERROR(MATCH(41,ChqRankU,0),0)=0,"",INDEX(ChqNo,IFERROR(MATCH(41,ChqRankU,0),0))) | D57: =IF(IFERROR(MATCH(41,ChqRankU,0),0)=0,"",IF(INDEX(ChqAmt,IFERROR(MATCH(41,ChqRankU,0),0))=0,"",INDEX(ChqAmt,IFERROR(MATCH(41,ChqRankU,0),0)))) | E57: =IF(IFERROR(MATCH(41,ChqRankU,0),0)=0,"",INDEX(ChqStatus,IFERROR(MATCH(41,ChqRankU,0),0))) | F57: =IF(IFERROR(MATCH(41,ChqRankU,0),0)=0,"",IF(INDEX(ChqStatus,IFERROR(MATCH(41,ChqRankU,0),0))="پاس نشده","—",IF(INDEX(ChqClr,IFERROR(MATCH(41,ChqRankU,0),0))="","—",INDEX(ChqClr,IFERROR(MATCH(41,ChqRankU,0),0))))) | I57: =IF(41>NChq,"",INDEX(ChqNorm,41)) | J57: =IF($I57="","",IF(AND($I57>=$H$3,$I57<=$H$4,INDEX(ChqStatus,41)="پاس نشده"),1,0)) | K57: =IF($J57=0,"",INDEX(ChqKey,41)) | L57: =IF($K57="","",COUNTIFS($J$17:$J$516,1,$K$17:$K$516,"<"&$K57)+1)
A58: =IF(IFERROR(MATCH(42,ChqRankU,0),0)=0,"",42) | B58: =IF(IFERROR(MATCH(42,ChqRankU,0),0)=0,"",INDEX(ChqNorm,IFERROR(MATCH(42,ChqRankU,0),0))) | C58: =IF(IFERROR(MATCH(42,ChqRankU,0),0)=0,"",INDEX(ChqNo,IFERROR(MATCH(42,ChqRankU,0),0))) | D58: =IF(IFERROR(MATCH(42,ChqRankU,0),0)=0,"",IF(INDEX(ChqAmt,IFERROR(MATCH(42,ChqRankU,0),0))=0,"",INDEX(ChqAmt,IFERROR(MATCH(42,ChqRankU,0),0)))) | E58: =IF(IFERROR(MATCH(42,ChqRankU,0),0)=0,"",INDEX(ChqStatus,IFERROR(MATCH(42,ChqRankU,0),0))) | F58: =IF(IFERROR(MATCH(42,ChqRankU,0),0)=0,"",IF(INDEX(ChqStatus,IFERROR(MATCH(42,ChqRankU,0),0))="پاس نشده","—",IF(INDEX(ChqClr,IFERROR(MATCH(42,ChqRankU,0),0))="","—",INDEX(ChqClr,IFERROR(MATCH(42,ChqRankU,0),0))))) | I58: =IF(42>NChq,"",INDEX(ChqNorm,42)) | J58: =IF($I58="","",IF(AND($I58>=$H$3,$I58<=$H$4,INDEX(ChqStatus,42)="پاس نشده"),1,0)) | K58: =IF($J58=0,"",INDEX(ChqKey,42)) | L58: =IF($K58="","",COUNTIFS($J$17:$J$516,1,$K$17:$K$516,"<"&$K58)+1)
A59: =IF(IFERROR(MATCH(43,ChqRankU,0),0)=0,"",43) | B59: =IF(IFERROR(MATCH(43,ChqRankU,0),0)=0,"",INDEX(ChqNorm,IFERROR(MATCH(43,ChqRankU,0),0))) | C59: =IF(IFERROR(MATCH(43,ChqRankU,0),0)=0,"",INDEX(ChqNo,IFERROR(MATCH(43,ChqRankU,0),0))) | D59: =IF(IFERROR(MATCH(43,ChqRankU,0),0)=0,"",IF(INDEX(ChqAmt,IFERROR(MATCH(43,ChqRankU,0),0))=0,"",INDEX(ChqAmt,IFERROR(MATCH(43,ChqRankU,0),0)))) | E59: =IF(IFERROR(MATCH(43,ChqRankU,0),0)=0,"",INDEX(ChqStatus,IFERROR(MATCH(43,ChqRankU,0),0))) | F59: =IF(IFERROR(MATCH(43,ChqRankU,0),0)=0,"",IF(INDEX(ChqStatus,IFERROR(MATCH(43,ChqRankU,0),0))="پاس نشده","—",IF(INDEX(ChqClr,IFERROR(MATCH(43,ChqRankU,0),0))="","—",INDEX(ChqClr,IFERROR(MATCH(43,ChqRankU,0),0))))) | I59: =IF(43>NChq,"",INDEX(ChqNorm,43)) | J59: =IF($I59="","",IF(AND($I59>=$H$3,$I59<=$H$4,INDEX(ChqStatus,43)="پاس نشده"),1,0)) | K59: =IF($J59=0,"",INDEX(ChqKey,43)) | L59: =IF($K59="","",COUNTIFS($J$17:$J$516,1,$K$17:$K$516,"<"&$K59)+1)
A60: =IF(IFERROR(MATCH(44,ChqRankU,0),0)=0,"",44) | B60: =IF(IFERROR(MATCH(44,ChqRankU,0),0)=0,"",INDEX(ChqNorm,IFERROR(MATCH(44,ChqRankU,0),0))) | C60: =IF(IFERROR(MATCH(44,ChqRankU,0),0)=0,"",INDEX(ChqNo,IFERROR(MATCH(44,ChqRankU,0),0))) | D60: =IF(IFERROR(MATCH(44,ChqRankU,0),0)=0,"",IF(INDEX(ChqAmt,IFERROR(MATCH(44,ChqRankU,0),0))=0,"",INDEX(ChqAmt,IFERROR(MATCH(44,ChqRankU,0),0)))) | E60: =IF(IFERROR(MATCH(44,ChqRankU,0),0)=0,"",INDEX(ChqStatus,IFERROR(MATCH(44,ChqRankU,0),0))) | F60: =IF(IFERROR(MATCH(44,ChqRankU,0),0)=0,"",IF(INDEX(ChqStatus,IFERROR(MATCH(44,ChqRankU,0),0))="پاس نشده","—",IF(INDEX(ChqClr,IFERROR(MATCH(44,ChqRankU,0),0))="","—",INDEX(ChqClr,IFERROR(MATCH(44,ChqRankU,0),0))))) | I60: =IF(44>NChq,"",INDEX(ChqNorm,44)) | J60: =IF($I60="","",IF(AND($I60>=$H$3,$I60<=$H$4,INDEX(ChqStatus,44)="پاس نشده"),1,0)) | K60: =IF($J60=0,"",INDEX(ChqKey,44)) | L60: =IF($K60="","",COUNTIFS($J$17:$J$516,1,$K$17:$K$516,"<"&$K60)+1)
A61: =IF(IFERROR(MATCH(45,ChqRankU,0),0)=0,"",45) | B61: =IF(IFERROR(MATCH(45,ChqRankU,0),0)=0,"",INDEX(ChqNorm,IFERROR(MATCH(45,ChqRankU,0),0))) | C61: =IF(IFERROR(MATCH(45,ChqRankU,0),0)=0,"",INDEX(ChqNo,IFERROR(MATCH(45,ChqRankU,0),0))) | D61: =IF(IFERROR(MATCH(45,ChqRankU,0),0)=0,"",IF(INDEX(ChqAmt,IFERROR(MATCH(45,ChqRankU,0),0))=0,"",INDEX(ChqAmt,IFERROR(MATCH(45,ChqRankU,0),0)))) | E61: =IF(IFERROR(MATCH(45,ChqRankU,0),0)=0,"",INDEX(ChqStatus,IFERROR(MATCH(45,ChqRankU,0),0))) | F61: =IF(IFERROR(MATCH(45,ChqRankU,0),0)=0,"",IF(INDEX(ChqStatus,IFERROR(MATCH(45,ChqRankU,0),0))="پاس نشده","—",IF(INDEX(ChqClr,IFERROR(MATCH(45,ChqRankU,0),0))="","—",INDEX(ChqClr,IFERROR(MATCH(45,ChqRankU,0),0))))) | I61: =IF(45>NChq,"",INDEX(ChqNorm,45)) | J61: =IF($I61="","",IF(AND($I61>=$H$3,$I61<=$H$4,INDEX(ChqStatus,45)="پاس نشده"),1,0)) | K61: =IF($J61=0,"",INDEX(ChqKey,45)) | L61: =IF($K61="","",COUNTIFS($J$17:$J$516,1,$K$17:$K$516,"<"&$K61)+1)
A62: =IF(IFERROR(MATCH(46,ChqRankU,0),0)=0,"",46) | B62: =IF(IFERROR(MATCH(46,ChqRankU,0),0)=0,"",INDEX(ChqNorm,IFERROR(MATCH(46,ChqRankU,0),0))) | C62: =IF(IFERROR(MATCH(46,ChqRankU,0),0)=0,"",INDEX(ChqNo,IFERROR(MATCH(46,ChqRankU,0),0))) | D62: =IF(IFERROR(MATCH(46,ChqRankU,0),0)=0,"",IF(INDEX(ChqAmt,IFERROR(MATCH(46,ChqRankU,0),0))=0,"",INDEX(ChqAmt,IFERROR(MATCH(46,ChqRankU,0),0)))) | E62: =IF(IFERROR(MATCH(46,ChqRankU,0),0)=0,"",INDEX(ChqStatus,IFERROR(MATCH(46,ChqRankU,0),0))) | F62: =IF(IFERROR(MATCH(46,ChqRankU,0),0)=0,"",IF(INDEX(ChqStatus,IFERROR(MATCH(46,ChqRankU,0),0))="پاس نشده","—",IF(INDEX(ChqClr,IFERROR(MATCH(46,ChqRankU,0),0))="","—",INDEX(ChqClr,IFERROR(MATCH(46,ChqRankU,0),0))))) | I62: =IF(46>NChq,"",INDEX(ChqNorm,46)) | J62: =IF($I62="","",IF(AND($I62>=$H$3,$I62<=$H$4,INDEX(ChqStatus,46)="پاس نشده"),1,0)) | K62: =IF($J62=0,"",INDEX(ChqKey,46)) | L62: =IF($K62="","",COUNTIFS($J$17:$J$516,1,$K$17:$K$516,"<"&$K62)+1)
A63: =IF(IFERROR(MATCH(47,ChqRankU,0),0)=0,"",47) | B63: =IF(IFERROR(MATCH(47,ChqRankU,0),0)=0,"",INDEX(ChqNorm,IFERROR(MATCH(47,ChqRankU,0),0))) | C63: =IF(IFERROR(MATCH(47,ChqRankU,0),0)=0,"",INDEX(ChqNo,IFERROR(MATCH(47,ChqRankU,0),0))) | D63: =IF(IFERROR(MATCH(47,ChqRankU,0),0)=0,"",IF(INDEX(ChqAmt,IFERROR(MATCH(47,ChqRankU,0),0))=0,"",INDEX(ChqAmt,IFERROR(MATCH(47,ChqRankU,0),0)))) | E63: =IF(IFERROR(MATCH(47,ChqRankU,0),0)=0,"",INDEX(ChqStatus,IFERROR(MATCH(47,ChqRankU,0),0))) | F63: =IF(IFERROR(MATCH(47,ChqRankU,0),0)=0,"",IF(INDEX(ChqStatus,IFERROR(MATCH(47,ChqRankU,0),0))="پاس نشده","—",IF(INDEX(ChqClr,IFERROR(MATCH(47,ChqRankU,0),0))="","—",INDEX(ChqClr,IFERROR(MATCH(47,ChqRankU,0),0))))) | I63: =IF(47>NChq,"",INDEX(ChqNorm,47)) | J63: =IF($I63="","",IF(AND($I63>=$H$3,$I63<=$H$4,INDEX(ChqStatus,47)="پاس نشده"),1,0)) | K63: =IF($J63=0,"",INDEX(ChqKey,47)) | L63: =IF($K63="","",COUNTIFS($J$17:$J$516,1,$K$17:$K$516,"<"&$K63)+1)
A64: =IF(IFERROR(MATCH(48,ChqRankU,0),0)=0,"",48) | B64: =IF(IFERROR(MATCH(48,ChqRankU,0),0)=0,"",INDEX(ChqNorm,IFERROR(MATCH(48,ChqRankU,0),0))) | C64: =IF(IFERROR(MATCH(48,ChqRankU,0),0)=0,"",INDEX(ChqNo,IFERROR(MATCH(48,ChqRankU,0),0))) | D64: =IF(IFERROR(MATCH(48,ChqRankU,0),0)=0,"",IF(INDEX(ChqAmt,IFERROR(MATCH(48,ChqRankU,0),0))=0,"",INDEX(ChqAmt,IFERROR(MATCH(48,ChqRankU,0),0)))) | E64: =IF(IFERROR(MATCH(48,ChqRankU,0),0)=0,"",INDEX(ChqStatus,IFERROR(MATCH(48,ChqRankU,0),0))) | F64: =IF(IFERROR(MATCH(48,ChqRankU,0),0)=0,"",IF(INDEX(ChqStatus,IFERROR(MATCH(48,ChqRankU,0),0))="پاس نشده","—",IF(INDEX(ChqClr,IFERROR(MATCH(48,ChqRankU,0),0))="","—",INDEX(ChqClr,IFERROR(MATCH(48,ChqRankU,0),0))))) | I64: =IF(48>NChq,"",INDEX(ChqNorm,48)) | J64: =IF($I64="","",IF(AND($I64>=$H$3,$I64<=$H$4,INDEX(ChqStatus,48)="پاس نشده"),1,0)) | K64: =IF($J64=0,"",INDEX(ChqKey,48)) | L64: =IF($K64="","",COUNTIFS($J$17:$J$516,1,$K$17:$K$516,"<"&$K64)+1)
A65: =IF(IFERROR(MATCH(49,ChqRankU,0),0)=0,"",49) | B65: =IF(IFERROR(MATCH(49,ChqRankU,0),0)=0,"",INDEX(ChqNorm,IFERROR(MATCH(49,ChqRankU,0),0))) | C65: =IF(IFERROR(MATCH(49,ChqRankU,0),0)=0,"",INDEX(ChqNo,IFERROR(MATCH(49,ChqRankU,0),0))) | D65: =IF(IFERROR(MATCH(49,ChqRankU,0),0)=0,"",IF(INDEX(ChqAmt,IFERROR(MATCH(49,ChqRankU,0),0))=0,"",INDEX(ChqAmt,IFERROR(MATCH(49,ChqRankU,0),0)))) | E65: =IF(IFERROR(MATCH(49,ChqRankU,0),0)=0,"",INDEX(ChqStatus,IFERROR(MATCH(49,ChqRankU,0),0))) | F65: =IF(IFERROR(MATCH(49,ChqRankU,0),0)=0,"",IF(INDEX(ChqStatus,IFERROR(MATCH(49,ChqRankU,0),0))="پاس نشده","—",IF(INDEX(ChqClr,IFERROR(MATCH(49,ChqRankU,0),0))="","—",INDEX(ChqClr,IFERROR(MATCH(49,ChqRankU,0),0))))) | I65: =IF(49>NChq,"",INDEX(ChqNorm,49)) | J65: =IF($I65="","",IF(AND($I65>=$H$3,$I65<=$H$4,INDEX(ChqStatus,49)="پاس نشده"),1,0)) | K65: =IF($J65=0,"",INDEX(ChqKey,49)) | L65: =IF($K65="","",COUNTIFS($J$17:$J$516,1,$K$17:$K$516,"<"&$K65)+1)
A66: =IF(IFERROR(MATCH(50,ChqRankU,0),0)=0,"",50) | B66: =IF(IFERROR(MATCH(50,ChqRankU,0),0)=0,"",INDEX(ChqNorm,IFERROR(MATCH(50,ChqRankU,0),0))) | C66: =IF(IFERROR(MATCH(50,ChqRankU,0),0)=0,"",INDEX(ChqNo,IFERROR(MATCH(50,ChqRankU,0),0))) | D66: =IF(IFERROR(MATCH(50,ChqRankU,0),0)=0,"",IF(INDEX(ChqAmt,IFERROR(MATCH(50,ChqRankU,0),0))=0,"",INDEX(ChqAmt,IFERROR(MATCH(50,ChqRankU,0),0)))) | E66: =IF(IFERROR(MATCH(50,ChqRankU,0),0)=0,"",INDEX(ChqStatus,IFERROR(MATCH(50,ChqRankU,0),0))) | F66: =IF(IFERROR(MATCH(50,ChqRankU,0),0)=0,"",IF(INDEX(ChqStatus,IFERROR(MATCH(50,ChqRankU,0),0))="پاس نشده","—",IF(INDEX(ChqClr,IFERROR(MATCH(50,ChqRankU,0),0))="","—",INDEX(ChqClr,IFERROR(MATCH(50,ChqRankU,0),0))))) | I66: =IF(50>NChq,"",INDEX(ChqNorm,50)) | J66: =IF($I66="","",IF(AND($I66>=$H$3,$I66<=$H$4,INDEX(ChqStatus,50)="پاس نشده"),1,0)) | K66: =IF($J66=0,"",INDEX(ChqKey,50)) | L66: =IF($K66="","",COUNTIFS($J$17:$J$516,1,$K$17:$K$516,"<"&$K66)+1)
A67: =IF(IFERROR(MATCH(51,ChqRankU,0),0)=0,"",51) | B67: =IF(IFERROR(MATCH(51,ChqRankU,0),0)=0,"",INDEX(ChqNorm,IFERROR(MATCH(51,ChqRankU,0),0))) | C67: =IF(IFERROR(MATCH(51,ChqRankU,0),0)=0,"",INDEX(ChqNo,IFERROR(MATCH(51,ChqRankU,0),0))) | D67: =IF(IFERROR(MATCH(51,ChqRankU,0),0)=0,"",IF(INDEX(ChqAmt,IFERROR(MATCH(51,ChqRankU,0),0))=0,"",INDEX(ChqAmt,IFERROR(MATCH(51,ChqRankU,0),0)))) | E67: =IF(IFERROR(MATCH(51,ChqRankU,0),0)=0,"",INDEX(ChqStatus,IFERROR(MATCH(51,ChqRankU,0),0))) | F67: =IF(IFERROR(MATCH(51,ChqRankU,0),0)=0,"",IF(INDEX(ChqStatus,IFERROR(MATCH(51,ChqRankU,0),0))="پاس نشده","—",IF(INDEX(ChqClr,IFERROR(MATCH(51,ChqRankU,0),0))="","—",INDEX(ChqClr,IFERROR(MATCH(51,ChqRankU,0),0))))) | I67: =IF(51>NChq,"",INDEX(ChqNorm,51)) | J67: =IF($I67="","",IF(AND($I67>=$H$3,$I67<=$H$4,INDEX(ChqStatus,51)="پاس نشده"),1,0)) | K67: =IF($J67=0,"",INDEX(ChqKey,51)) | L67: =IF($K67="","",COUNTIFS($J$17:$J$516,1,$K$17:$K$516,"<"&$K67)+1)
A68: =IF(IFERROR(MATCH(52,ChqRankU,0),0)=0,"",52) | B68: =IF(IFERROR(MATCH(52,ChqRankU,0),0)=0,"",INDEX(ChqNorm,IFERROR(MATCH(52,ChqRankU,0),0))) | C68: =IF(IFERROR(MATCH(52,ChqRankU,0),0)=0,"",INDEX(ChqNo,IFERROR(MATCH(52,ChqRankU,0),0))) | D68: =IF(IFERROR(MATCH(52,ChqRankU,0),0)=0,"",IF(INDEX(ChqAmt,IFERROR(MATCH(52,ChqRankU,0),0))=0,"",INDEX(ChqAmt,IFERROR(MATCH(52,ChqRankU,0),0)))) | E68: =IF(IFERROR(MATCH(52,ChqRankU,0),0)=0,"",INDEX(ChqStatus,IFERROR(MATCH(52,ChqRankU,0),0))) | F68: =IF(IFERROR(MATCH(52,ChqRankU,0),0)=0,"",IF(INDEX(ChqStatus,IFERROR(MATCH(52,ChqRankU,0),0))="پاس نشده","—",IF(INDEX(ChqClr,IFERROR(MATCH(52,ChqRankU,0),0))="","—",INDEX(ChqClr,IFERROR(MATCH(52,ChqRankU,0),0))))) | I68: =IF(52>NChq,"",INDEX(ChqNorm,52)) | J68: =IF($I68="","",IF(AND($I68>=$H$3,$I68<=$H$4,INDEX(ChqStatus,52)="پاس نشده"),1,0)) | K68: =IF($J68=0,"",INDEX(ChqKey,52)) | L68: =IF($K68="","",COUNTIFS($J$17:$J$516,1,$K$17:$K$516,"<"&$K68)+1)
A69: =IF(IFERROR(MATCH(53,ChqRankU,0),0)=0,"",53) | B69: =IF(IFERROR(MATCH(53,ChqRankU,0),0)=0,"",INDEX(ChqNorm,IFERROR(MATCH(53,ChqRankU,0),0))) | C69: =IF(IFERROR(MATCH(53,ChqRankU,0),0)=0,"",INDEX(ChqNo,IFERROR(MATCH(53,ChqRankU,0),0))) | D69: =IF(IFERROR(MATCH(53,ChqRankU,0),0)=0,"",IF(INDEX(ChqAmt,IFERROR(MATCH(53,ChqRankU,0),0))=0,"",INDEX(ChqAmt,IFERROR(MATCH(53,ChqRankU,0),0)))) | E69: =IF(IFERROR(MATCH(53,ChqRankU,0),0)=0,"",INDEX(ChqStatus,IFERROR(MATCH(53,ChqRankU,0),0))) | F69: =IF(IFERROR(MATCH(53,ChqRankU,0),0)=0,"",IF(INDEX(ChqStatus,IFERROR(MATCH(53,ChqRankU,0),0))="پاس نشده","—",IF(INDEX(ChqClr,IFERROR(MATCH(53,ChqRankU,0),0))="","—",INDEX(ChqClr,IFERROR(MATCH(53,ChqRankU,0),0))))) | I69: =IF(53>NChq,"",INDEX(ChqNorm,53)) | J69: =IF($I69="","",IF(AND($I69>=$H$3,$I69<=$H$4,INDEX(ChqStatus,53)="پاس نشده"),1,0)) | K69: =IF($J69=0,"",INDEX(ChqKey,53)) | L69: =IF($K69="","",COUNTIFS($J$17:$J$516,1,$K$17:$K$516,"<"&$K69)+1)
A70: =IF(IFERROR(MATCH(54,ChqRankU,0),0)=0,"",54) | B70: =IF(IFERROR(MATCH(54,ChqRankU,0),0)=0,"",INDEX(ChqNorm,IFERROR(MATCH(54,ChqRankU,0),0))) | C70: =IF(IFERROR(MATCH(54,ChqRankU,0),0)=0,"",INDEX(ChqNo,IFERROR(MATCH(54,ChqRankU,0),0))) | D70: =IF(IFERROR(MATCH(54,ChqRankU,0),0)=0,"",IF(INDEX(ChqAmt,IFERROR(MATCH(54,ChqRankU,0),0))=0,"",INDEX(ChqAmt,IFERROR(MATCH(54,ChqRankU,0),0)))) | E70: =IF(IFERROR(MATCH(54,ChqRankU,0),0)=0,"",INDEX(ChqStatus,IFERROR(MATCH(54,ChqRankU,0),0))) | F70: =IF(IFERROR(MATCH(54,ChqRankU,0),0)=0,"",IF(INDEX(ChqStatus,IFERROR(MATCH(54,ChqRankU,0),0))="پاس نشده","—",IF(INDEX(ChqClr,IFERROR(MATCH(54,ChqRankU,0),0))="","—",INDEX(ChqClr,IFERROR(MATCH(54,ChqRankU,0),0))))) | I70: =IF(54>NChq,"",INDEX(ChqNorm,54)) | J70: =IF($I70="","",IF(AND($I70>=$H$3,$I70<=$H$4,INDEX(ChqStatus,54)="پاس نشده"),1,0)) | K70: =IF($J70=0,"",INDEX(ChqKey,54)) | L70: =IF($K70="","",COUNTIFS($J$17:$J$516,1,$K$17:$K$516,"<"&$K70)+1)
A71: =IF(IFERROR(MATCH(55,ChqRankU,0),0)=0,"",55) | B71: =IF(IFERROR(MATCH(55,ChqRankU,0),0)=0,"",INDEX(ChqNorm,IFERROR(MATCH(55,ChqRankU,0),0))) | C71: =IF(IFERROR(MATCH(55,ChqRankU,0),0)=0,"",INDEX(ChqNo,IFERROR(MATCH(55,ChqRankU,0),0))) | D71: =IF(IFERROR(MATCH(55,ChqRankU,0),0)=0,"",IF(INDEX(ChqAmt,IFERROR(MATCH(55,ChqRankU,0),0))=0,"",INDEX(ChqAmt,IFERROR(MATCH(55,ChqRankU,0),0)))) | E71: =IF(IFERROR(MATCH(55,ChqRankU,0),0)=0,"",INDEX(ChqStatus,IFERROR(MATCH(55,ChqRankU,0),0))) | F71: =IF(IFERROR(MATCH(55,ChqRankU,0),0)=0,"",IF(INDEX(ChqStatus,IFERROR(MATCH(55,ChqRankU,0),0))="پاس نشده","—",IF(INDEX(ChqClr,IFERROR(MATCH(55,ChqRankU,0),0))="","—",INDEX(ChqClr,IFERROR(MATCH(55,ChqRankU,0),0))))) | I71: =IF(55>NChq,"",INDEX(ChqNorm,55)) | J71: =IF($I71="","",IF(AND($I71>=$H$3,$I71<=$H$4,INDEX(ChqStatus,55)="پاس نشده"),1,0)) | K71: =IF($J71=0,"",INDEX(ChqKey,55)) | L71: =IF($K71="","",COUNTIFS($J$17:$J$516,1,$K$17:$K$516,"<"&$K71)+1)
A72: =IF(IFERROR(MATCH(56,ChqRankU,0),0)=0,"",56) | B72: =IF(IFERROR(MATCH(56,ChqRankU,0),0)=0,"",INDEX(ChqNorm,IFERROR(MATCH(56,ChqRankU,0),0))) | C72: =IF(IFERROR(MATCH(56,ChqRankU,0),0)=0,"",INDEX(ChqNo,IFERROR(MATCH(56,ChqRankU,0),0))) | D72: =IF(IFERROR(MATCH(56,ChqRankU,0),0)=0,"",IF(INDEX(ChqAmt,IFERROR(MATCH(56,ChqRankU,0),0))=0,"",INDEX(ChqAmt,IFERROR(MATCH(56,ChqRankU,0),0)))) | E72: =IF(IFERROR(MATCH(56,ChqRankU,0),0)=0,"",INDEX(ChqStatus,IFERROR(MATCH(56,ChqRankU,0),0))) | F72: =IF(IFERROR(MATCH(56,ChqRankU,0),0)=0,"",IF(INDEX(ChqStatus,IFERROR(MATCH(56,ChqRankU,0),0))="پاس نشده","—",IF(INDEX(ChqClr,IFERROR(MATCH(56,ChqRankU,0),0))="","—",INDEX(ChqClr,IFERROR(MATCH(56,ChqRankU,0),0))))) | I72: =IF(56>NChq,"",INDEX(ChqNorm,56)) | J72: =IF($I72="","",IF(AND($I72>=$H$3,$I72<=$H$4,INDEX(ChqStatus,56)="پاس نشده"),1,0)) | K72: =IF($J72=0,"",INDEX(ChqKey,56)) | L72: =IF($K72="","",COUNTIFS($J$17:$J$516,1,$K$17:$K$516,"<"&$K72)+1)
A73: =IF(IFERROR(MATCH(57,ChqRankU,0),0)=0,"",57) | B73: =IF(IFERROR(MATCH(57,ChqRankU,0),0)=0,"",INDEX(ChqNorm,IFERROR(MATCH(57,ChqRankU,0),0))) | C73: =IF(IFERROR(MATCH(57,ChqRankU,0),0)=0,"",INDEX(ChqNo,IFERROR(MATCH(57,ChqRankU,0),0))) | D73: =IF(IFERROR(MATCH(57,ChqRankU,0),0)=0,"",IF(INDEX(ChqAmt,IFERROR(MATCH(57,ChqRankU,0),0))=0,"",INDEX(ChqAmt,IFERROR(MATCH(57,ChqRankU,0),0)))) | E73: =IF(IFERROR(MATCH(57,ChqRankU,0),0)=0,"",INDEX(ChqStatus,IFERROR(MATCH(57,ChqRankU,0),0))) | F73: =IF(IFERROR(MATCH(57,ChqRankU,0),0)=0,"",IF(INDEX(ChqStatus,IFERROR(MATCH(57,ChqRankU,0),0))="پاس نشده","—",IF(INDEX(ChqClr,IFERROR(MATCH(57,ChqRankU,0),0))="","—",INDEX(ChqClr,IFERROR(MATCH(57,ChqRankU,0),0))))) | I73: =IF(57>NChq,"",INDEX(ChqNorm,57)) | J73: =IF($I73="","",IF(AND($I73>=$H$3,$I73<=$H$4,INDEX(ChqStatus,57)="پاس نشده"),1,0)) | K73: =IF($J73=0,"",INDEX(ChqKey,57)) | L73: =IF($K73="","",COUNTIFS($J$17:$J$516,1,$K$17:$K$516,"<"&$K73)+1)
A74: =IF(IFERROR(MATCH(58,ChqRankU,0),0)=0,"",58) | B74: =IF(IFERROR(MATCH(58,ChqRankU,0),0)=0,"",INDEX(ChqNorm,IFERROR(MATCH(58,ChqRankU,0),0))) | C74: =IF(IFERROR(MATCH(58,ChqRankU,0),0)=0,"",INDEX(ChqNo,IFERROR(MATCH(58,ChqRankU,0),0))) | D74: =IF(IFERROR(MATCH(58,ChqRankU,0),0)=0,"",IF(INDEX(ChqAmt,IFERROR(MATCH(58,ChqRankU,0),0))=0,"",INDEX(ChqAmt,IFERROR(MATCH(58,ChqRankU,0),0)))) | E74: =IF(IFERROR(MATCH(58,ChqRankU,0),0)=0,"",INDEX(ChqStatus,IFERROR(MATCH(58,ChqRankU,0),0))) | F74: =IF(IFERROR(MATCH(58,ChqRankU,0),0)=0,"",IF(INDEX(ChqStatus,IFERROR(MATCH(58,ChqRankU,0),0))="پاس نشده","—",IF(INDEX(ChqClr,IFERROR(MATCH(58,ChqRankU,0),0))="","—",INDEX(ChqClr,IFERROR(MATCH(58,ChqRankU,0),0))))) | I74: =IF(58>NChq,"",INDEX(ChqNorm,58)) | J74: =IF($I74="","",IF(AND($I74>=$H$3,$I74<=$H$4,INDEX(ChqStatus,58)="پاس نشده"),1,0)) | K74: =IF($J74=0,"",INDEX(ChqKey,58)) | L74: =IF($K74="","",COUNTIFS($J$17:$J$516,1,$K$17:$K$516,"<"&$K74)+1)
A75: =IF(IFERROR(MATCH(59,ChqRankU,0),0)=0,"",59) | B75: =IF(IFERROR(MATCH(59,ChqRankU,0),0)=0,"",INDEX(ChqNorm,IFERROR(MATCH(59,ChqRankU,0),0))) | C75: =IF(IFERROR(MATCH(59,ChqRankU,0),0)=0,"",INDEX(ChqNo,IFERROR(MATCH(59,ChqRankU,0),0))) | D75: =IF(IFERROR(MATCH(59,ChqRankU,0),0)=0,"",IF(INDEX(ChqAmt,IFERROR(MATCH(59,ChqRankU,0),0))=0,"",INDEX(ChqAmt,IFERROR(MATCH(59,ChqRankU,0),0)))) | E75: =IF(IFERROR(MATCH(59,ChqRankU,0),0)=0,"",INDEX(ChqStatus,IFERROR(MATCH(59,ChqRankU,0),0))) | F75: =IF(IFERROR(MATCH(59,ChqRankU,0),0)=0,"",IF(INDEX(ChqStatus,IFERROR(MATCH(59,ChqRankU,0),0))="پاس نشده","—",IF(INDEX(ChqClr,IFERROR(MATCH(59,ChqRankU,0),0))="","—",INDEX(ChqClr,IFERROR(MATCH(59,ChqRankU,0),0))))) | I75: =IF(59>NChq,"",INDEX(ChqNorm,59)) | J75: =IF($I75="","",IF(AND($I75>=$H$3,$I75<=$H$4,INDEX(ChqStatus,59)="پاس نشده"),1,0)) | K75: =IF($J75=0,"",INDEX(ChqKey,59)) | L75: =IF($K75="","",COUNTIFS($J$17:$J$516,1,$K$17:$K$516,"<"&$K75)+1)
A76: =IF(IFERROR(MATCH(60,ChqRankU,0),0)=0,"",60) | B76: =IF(IFERROR(MATCH(60,ChqRankU,0),0)=0,"",INDEX(ChqNorm,IFERROR(MATCH(60,ChqRankU,0),0))) | C76: =IF(IFERROR(MATCH(60,ChqRankU,0),0)=0,"",INDEX(ChqNo,IFERROR(MATCH(60,ChqRankU,0),0))) | D76: =IF(IFERROR(MATCH(60,ChqRankU,0),0)=0,"",IF(INDEX(ChqAmt,IFERROR(MATCH(60,ChqRankU,0),0))=0,"",INDEX(ChqAmt,IFERROR(MATCH(60,ChqRankU,0),0)))) | E76: =IF(IFERROR(MATCH(60,ChqRankU,0),0)=0,"",INDEX(ChqStatus,IFERROR(MATCH(60,ChqRankU,0),0))) | F76: =IF(IFERROR(MATCH(60,ChqRankU,0),0)=0,"",IF(INDEX(ChqStatus,IFERROR(MATCH(60,ChqRankU,0),0))="پاس نشده","—",IF(INDEX(ChqClr,IFERROR(MATCH(60,ChqRankU,0),0))="","—",INDEX(ChqClr,IFERROR(MATCH(60,ChqRankU,0),0))))) | I76: =IF(60>NChq,"",INDEX(ChqNorm,60)) | J76: =IF($I76="","",IF(AND($I76>=$H$3,$I76<=$H$4,INDEX(ChqStatus,60)="پاس نشده"),1,0)) | K76: =IF($J76=0,"",INDEX(ChqKey,60)) | L76: =IF($K76="","",COUNTIFS($J$17:$J$516,1,$K$17:$K$516,"<"&$K76)+1)
A77: =IF(IFERROR(MATCH(61,ChqRankU,0),0)=0,"",61) | B77: =IF(IFERROR(MATCH(61,ChqRankU,0),0)=0,"",INDEX(ChqNorm,IFERROR(MATCH(61,ChqRankU,0),0))) | C77: =IF(IFERROR(MATCH(61,ChqRankU,0),0)=0,"",INDEX(ChqNo,IFERROR(MATCH(61,ChqRankU,0),0))) | D77: =IF(IFERROR(MATCH(61,ChqRankU,0),0)=0,"",IF(INDEX(ChqAmt,IFERROR(MATCH(61,ChqRankU,0),0))=0,"",INDEX(ChqAmt,IFERROR(MATCH(61,ChqRankU,0),0)))) | E77: =IF(IFERROR(MATCH(61,ChqRankU,0),0)=0,"",INDEX(ChqStatus,IFERROR(MATCH(61,ChqRankU,0),0))) | F77: =IF(IFERROR(MATCH(61,ChqRankU,0),0)=0,"",IF(INDEX(ChqStatus,IFERROR(MATCH(61,ChqRankU,0),0))="پاس نشده","—",IF(INDEX(ChqClr,IFERROR(MATCH(61,ChqRankU,0),0))="","—",INDEX(ChqClr,IFERROR(MATCH(61,ChqRankU,0),0))))) | I77: =IF(61>NChq,"",INDEX(ChqNorm,61)) | J77: =IF($I77="","",IF(AND($I77>=$H$3,$I77<=$H$4,INDEX(ChqStatus,61)="پاس نشده"),1,0)) | K77: =IF($J77=0,"",INDEX(ChqKey,61)) | L77: =IF($K77="","",COUNTIFS($J$17:$J$516,1,$K$17:$K$516,"<"&$K77)+1)
A78: =IF(IFERROR(MATCH(62,ChqRankU,0),0)=0,"",62) | B78: =IF(IFERROR(MATCH(62,ChqRankU,0),0)=0,"",INDEX(ChqNorm,IFERROR(MATCH(62,ChqRankU,0),0))) | C78: =IF(IFERROR(MATCH(62,ChqRankU,0),0)=0,"",INDEX(ChqNo,IFERROR(MATCH(62,ChqRankU,0),0))) | D78: =IF(IFERROR(MATCH(62,ChqRankU,0),0)=0,"",IF(INDEX(ChqAmt,IFERROR(MATCH(62,ChqRankU,0),0))=0,"",INDEX(ChqAmt,IFERROR(MATCH(62,ChqRankU,0),0)))) | E78: =IF(IFERROR(MATCH(62,ChqRankU,0),0)=0,"",INDEX(ChqStatus,IFERROR(MATCH(62,ChqRankU,0),0))) | F78: =IF(IFERROR(MATCH(62,ChqRankU,0),0)=0,"",IF(INDEX(ChqStatus,IFERROR(MATCH(62,ChqRankU,0),0))="پاس نشده","—",IF(INDEX(ChqClr,IFERROR(MATCH(62,ChqRankU,0),0))="","—",INDEX(ChqClr,IFERROR(MATCH(62,ChqRankU,0),0))))) | I78: =IF(62>NChq,"",INDEX(ChqNorm,62)) | J78: =IF($I78="","",IF(AND($I78>=$H$3,$I78<=$H$4,INDEX(ChqStatus,62)="پاس نشده"),1,0)) | K78: =IF($J78=0,"",INDEX(ChqKey,62)) | L78: =IF($K78="","",COUNTIFS($J$17:$J$516,1,$K$17:$K$516,"<"&$K78)+1)
A79: =IF(IFERROR(MATCH(63,ChqRankU,0),0)=0,"",63) | B79: =IF(IFERROR(MATCH(63,ChqRankU,0),0)=0,"",INDEX(ChqNorm,IFERROR(MATCH(63,ChqRankU,0),0))) | C79: =IF(IFERROR(MATCH(63,ChqRankU,0),0)=0,"",INDEX(ChqNo,IFERROR(MATCH(63,ChqRankU,0),0))) | D79: =IF(IFERROR(MATCH(63,ChqRankU,0),0)=0,"",IF(INDEX(ChqAmt,IFERROR(MATCH(63,ChqRankU,0),0))=0,"",INDEX(ChqAmt,IFERROR(MATCH(63,ChqRankU,0),0)))) | E79: =IF(IFERROR(MATCH(63,ChqRankU,0),0)=0,"",INDEX(ChqStatus,IFERROR(MATCH(63,ChqRankU,0),0))) | F79: =IF(IFERROR(MATCH(63,ChqRankU,0),0)=0,"",IF(INDEX(ChqStatus,IFERROR(MATCH(63,ChqRankU,0),0))="پاس نشده","—",IF(INDEX(ChqClr,IFERROR(MATCH(63,ChqRankU,0),0))="","—",INDEX(ChqClr,IFERROR(MATCH(63,ChqRankU,0),0))))) | I79: =IF(63>NChq,"",INDEX(ChqNorm,63)) | J79: =IF($I79="","",IF(AND($I79>=$H$3,$I79<=$H$4,INDEX(ChqStatus,63)="پاس نشده"),1,0)) | K79: =IF($J79=0,"",INDEX(ChqKey,63)) | L79: =IF($K79="","",COUNTIFS($J$17:$J$516,1,$K$17:$K$516,"<"&$K79)+1)
A80: =IF(IFERROR(MATCH(64,ChqRankU,0),0)=0,"",64) | B80: =IF(IFERROR(MATCH(64,ChqRankU,0),0)=0,"",INDEX(ChqNorm,IFERROR(MATCH(64,ChqRankU,0),0))) | C80: =IF(IFERROR(MATCH(64,ChqRankU,0),0)=0,"",INDEX(ChqNo,IFERROR(MATCH(64,ChqRankU,0),0))) | D80: =IF(IFERROR(MATCH(64,ChqRankU,0),0)=0,"",IF(INDEX(ChqAmt,IFERROR(MATCH(64,ChqRankU,0),0))=0,"",INDEX(ChqAmt,IFERROR(MATCH(64,ChqRankU,0),0)))) | E80: =IF(IFERROR(MATCH(64,ChqRankU,0),0)=0,"",INDEX(ChqStatus,IFERROR(MATCH(64,ChqRankU,0),0))) | F80: =IF(IFERROR(MATCH(64,ChqRankU,0),0)=0,"",IF(INDEX(ChqStatus,IFERROR(MATCH(64,ChqRankU,0),0))="پاس نشده","—",IF(INDEX(ChqClr,IFERROR(MATCH(64,ChqRankU,0),0))="","—",INDEX(ChqClr,IFERROR(MATCH(64,ChqRankU,0),0))))) | I80: =IF(64>NChq,"",INDEX(ChqNorm,64)) | J80: =IF($I80="","",IF(AND($I80>=$H$3,$I80<=$H$4,INDEX(ChqStatus,64)="پاس نشده"),1,0)) | K80: =IF($J80=0,"",INDEX(ChqKey,64)) | L80: =IF($K80="","",COUNTIFS($J$17:$J$516,1,$K$17:$K$516,"<"&$K80)+1)
A81: =IF(IFERROR(MATCH(65,ChqRankU,0),0)=0,"",65) | B81: =IF(IFERROR(MATCH(65,ChqRankU,0),0)=0,"",INDEX(ChqNorm,IFERROR(MATCH(65,ChqRankU,0),0))) | C81: =IF(IFERROR(MATCH(65,ChqRankU,0),0)=0,"",INDEX(ChqNo,IFERROR(MATCH(65,ChqRankU,0),0))) | D81: =IF(IFERROR(MATCH(65,ChqRankU,0),0)=0,"",IF(INDEX(ChqAmt,IFERROR(MATCH(65,ChqRankU,0),0))=0,"",INDEX(ChqAmt,IFERROR(MATCH(65,ChqRankU,0),0)))) | E81: =IF(IFERROR(MATCH(65,ChqRankU,0),0)=0,"",INDEX(ChqStatus,IFERROR(MATCH(65,ChqRankU,0),0))) | F81: =IF(IFERROR(MATCH(65,ChqRankU,0),0)=0,"",IF(INDEX(ChqStatus,IFERROR(MATCH(65,ChqRankU,0),0))="پاس نشده","—",IF(INDEX(ChqClr,IFERROR(MATCH(65,ChqRankU,0),0))="","—",INDEX(ChqClr,IFERROR(MATCH(65,ChqRankU,0),0))))) | I81: =IF(65>NChq,"",INDEX(ChqNorm,65)) | J81: =IF($I81="","",IF(AND($I81>=$H$3,$I81<=$H$4,INDEX(ChqStatus,65)="پاس نشده"),1,0)) | K81: =IF($J81=0,"",INDEX(ChqKey,65)) | L81: =IF($K81="","",COUNTIFS($J$17:$J$516,1,$K$17:$K$516,"<"&$K81)+1)
A82: =IF(IFERROR(MATCH(66,ChqRankU,0),0)=0,"",66) | B82: =IF(IFERROR(MATCH(66,ChqRankU,0),0)=0,"",INDEX(ChqNorm,IFERROR(MATCH(66,ChqRankU,0),0))) | C82: =IF(IFERROR(MATCH(66,ChqRankU,0),0)=0,"",INDEX(ChqNo,IFERROR(MATCH(66,ChqRankU,0),0))) | D82: =IF(IFERROR(MATCH(66,ChqRankU,0),0)=0,"",IF(INDEX(ChqAmt,IFERROR(MATCH(66,ChqRankU,0),0))=0,"",INDEX(ChqAmt,IFERROR(MATCH(66,ChqRankU,0),0)))) | E82: =IF(IFERROR(MATCH(66,ChqRankU,0),0)=0,"",INDEX(ChqStatus,IFERROR(MATCH(66,ChqRankU,0),0))) | F82: =IF(IFERROR(MATCH(66,ChqRankU,0),0)=0,"",IF(INDEX(ChqStatus,IFERROR(MATCH(66,ChqRankU,0),0))="پاس نشده","—",IF(INDEX(ChqClr,IFERROR(MATCH(66,ChqRankU,0),0))="","—",INDEX(ChqClr,IFERROR(MATCH(66,ChqRankU,0),0))))) | I82: =IF(66>NChq,"",INDEX(ChqNorm,66)) | J82: =IF($I82="","",IF(AND($I82>=$H$3,$I82<=$H$4,INDEX(ChqStatus,66)="پاس نشده"),1,0)) | K82: =IF($J82=0,"",INDEX(ChqKey,66)) | L82: =IF($K82="","",COUNTIFS($J$17:$J$516,1,$K$17:$K$516,"<"&$K82)+1)
A83: =IF(IFERROR(MATCH(67,ChqRankU,0),0)=0,"",67) | B83: =IF(IFERROR(MATCH(67,ChqRankU,0),0)=0,"",INDEX(ChqNorm,IFERROR(MATCH(67,ChqRankU,0),0))) | C83: =IF(IFERROR(MATCH(67,ChqRankU,0),0)=0,"",INDEX(ChqNo,IFERROR(MATCH(67,ChqRankU,0),0))) | D83: =IF(IFERROR(MATCH(67,ChqRankU,0),0)=0,"",IF(INDEX(ChqAmt,IFERROR(MATCH(67,ChqRankU,0),0))=0,"",INDEX(ChqAmt,IFERROR(MATCH(67,ChqRankU,0),0)))) | E83: =IF(IFERROR(MATCH(67,ChqRankU,0),0)=0,"",INDEX(ChqStatus,IFERROR(MATCH(67,ChqRankU,0),0))) | F83: =IF(IFERROR(MATCH(67,ChqRankU,0),0)=0,"",IF(INDEX(ChqStatus,IFERROR(MATCH(67,ChqRankU,0),0))="پاس نشده","—",IF(INDEX(ChqClr,IFERROR(MATCH(67,ChqRankU,0),0))="","—",INDEX(ChqClr,IFERROR(MATCH(67,ChqRankU,0),0))))) | I83: =IF(67>NChq,"",INDEX(ChqNorm,67)) | J83: =IF($I83="","",IF(AND($I83>=$H$3,$I83<=$H$4,INDEX(ChqStatus,67)="پاس نشده"),1,0)) | K83: =IF($J83=0,"",INDEX(ChqKey,67)) | L83: =IF($K83="","",COUNTIFS($J$17:$J$516,1,$K$17:$K$516,"<"&$K83)+1)
A84: =IF(IFERROR(MATCH(68,ChqRankU,0),0)=0,"",68) | B84: =IF(IFERROR(MATCH(68,ChqRankU,0),0)=0,"",INDEX(ChqNorm,IFERROR(MATCH(68,ChqRankU,0),0))) | C84: =IF(IFERROR(MATCH(68,ChqRankU,0),0)=0,"",INDEX(ChqNo,IFERROR(MATCH(68,ChqRankU,0),0))) | D84: =IF(IFERROR(MATCH(68,ChqRankU,0),0)=0,"",IF(INDEX(ChqAmt,IFERROR(MATCH(68,ChqRankU,0),0))=0,"",INDEX(ChqAmt,IFERROR(MATCH(68,ChqRankU,0),0)))) | E84: =IF(IFERROR(MATCH(68,ChqRankU,0),0)=0,"",INDEX(ChqStatus,IFERROR(MATCH(68,ChqRankU,0),0))) | F84: =IF(IFERROR(MATCH(68,ChqRankU,0),0)=0,"",IF(INDEX(ChqStatus,IFERROR(MATCH(68,ChqRankU,0),0))="پاس نشده","—",IF(INDEX(ChqClr,IFERROR(MATCH(68,ChqRankU,0),0))="","—",INDEX(ChqClr,IFERROR(MATCH(68,ChqRankU,0),0))))) | I84: =IF(68>NChq,"",INDEX(ChqNorm,68)) | J84: =IF($I84="","",IF(AND($I84>=$H$3,$I84<=$H$4,INDEX(ChqStatus,68)="پاس نشده"),1,0)) | K84: =IF($J84=0,"",INDEX(ChqKey,68)) | L84: =IF($K84="","",COUNTIFS($J$17:$J$516,1,$K$17:$K$516,"<"&$K84)+1)
A85: =IF(IFERROR(MATCH(69,ChqRankU,0),0)=0,"",69) | B85: =IF(IFERROR(MATCH(69,ChqRankU,0),0)=0,"",INDEX(ChqNorm,IFERROR(MATCH(69,ChqRankU,0),0))) | C85: =IF(IFERROR(MATCH(69,ChqRankU,0),0)=0,"",INDEX(ChqNo,IFERROR(MATCH(69,ChqRankU,0),0))) | D85: =IF(IFERROR(MATCH(69,ChqRankU,0),0)=0,"",IF(INDEX(ChqAmt,IFERROR(MATCH(69,ChqRankU,0),0))=0,"",INDEX(ChqAmt,IFERROR(MATCH(69,ChqRankU,0),0)))) | E85: =IF(IFERROR(MATCH(69,ChqRankU,0),0)=0,"",INDEX(ChqStatus,IFERROR(MATCH(69,ChqRankU,0),0))) | F85: =IF(IFERROR(MATCH(69,ChqRankU,0),0)=0,"",IF(INDEX(ChqStatus,IFERROR(MATCH(69,ChqRankU,0),0))="پاس نشده","—",IF(INDEX(ChqClr,IFERROR(MATCH(69,ChqRankU,0),0))="","—",INDEX(ChqClr,IFERROR(MATCH(69,ChqRankU,0),0))))) | I85: =IF(69>NChq,"",INDEX(ChqNorm,69)) | J85: =IF($I85="","",IF(AND($I85>=$H$3,$I85<=$H$4,INDEX(ChqStatus,69)="پاس نشده"),1,0)) | K85: =IF($J85=0,"",INDEX(ChqKey,69)) | L85: =IF($K85="","",COUNTIFS($J$17:$J$516,1,$K$17:$K$516,"<"&$K85)+1)
A86: =IF(IFERROR(MATCH(70,ChqRankU,0),0)=0,"",70) | B86: =IF(IFERROR(MATCH(70,ChqRankU,0),0)=0,"",INDEX(ChqNorm,IFERROR(MATCH(70,ChqRankU,0),0))) | C86: =IF(IFERROR(MATCH(70,ChqRankU,0),0)=0,"",INDEX(ChqNo,IFERROR(MATCH(70,ChqRankU,0),0))) | D86: =IF(IFERROR(MATCH(70,ChqRankU,0),0)=0,"",IF(INDEX(ChqAmt,IFERROR(MATCH(70,ChqRankU,0),0))=0,"",INDEX(ChqAmt,IFERROR(MATCH(70,ChqRankU,0),0)))) | E86: =IF(IFERROR(MATCH(70,ChqRankU,0),0)=0,"",INDEX(ChqStatus,IFERROR(MATCH(70,ChqRankU,0),0))) | F86: =IF(IFERROR(MATCH(70,ChqRankU,0),0)=0,"",IF(INDEX(ChqStatus,IFERROR(MATCH(70,ChqRankU,0),0))="پاس نشده","—",IF(INDEX(ChqClr,IFERROR(MATCH(70,ChqRankU,0),0))="","—",INDEX(ChqClr,IFERROR(MATCH(70,ChqRankU,0),0))))) | I86: =IF(70>NChq,"",INDEX(ChqNorm,70)) | J86: =IF($I86="","",IF(AND($I86>=$H$3,$I86<=$H$4,INDEX(ChqStatus,70)="پاس نشده"),1,0)) | K86: =IF($J86=0,"",INDEX(ChqKey,70)) | L86: =IF($K86="","",COUNTIFS($J$17:$J$516,1,$K$17:$K$516,"<"&$K86)+1)
A87: =IF(IFERROR(MATCH(71,ChqRankU,0),0)=0,"",71) | B87: =IF(IFERROR(MATCH(71,ChqRankU,0),0)=0,"",INDEX(ChqNorm,IFERROR(MATCH(71,ChqRankU,0),0))) | C87: =IF(IFERROR(MATCH(71,ChqRankU,0),0)=0,"",INDEX(ChqNo,IFERROR(MATCH(71,ChqRankU,0),0))) | D87: =IF(IFERROR(MATCH(71,ChqRankU,0),0)=0,"",IF(INDEX(ChqAmt,IFERROR(MATCH(71,ChqRankU,0),0))=0,"",INDEX(ChqAmt,IFERROR(MATCH(71,ChqRankU,0),0)))) | E87: =IF(IFERROR(MATCH(71,ChqRankU,0),0)=0,"",INDEX(ChqStatus,IFERROR(MATCH(71,ChqRankU,0),0))) | F87: =IF(IFERROR(MATCH(71,ChqRankU,0),0)=0,"",IF(INDEX(ChqStatus,IFERROR(MATCH(71,ChqRankU,0),0))="پاس نشده","—",IF(INDEX(ChqClr,IFERROR(MATCH(71,ChqRankU,0),0))="","—",INDEX(ChqClr,IFERROR(MATCH(71,ChqRankU,0),0))))) | I87: =IF(71>NChq,"",INDEX(ChqNorm,71)) | J87: =IF($I87="","",IF(AND($I87>=$H$3,$I87<=$H$4,INDEX(ChqStatus,71)="پاس نشده"),1,0)) | K87: =IF($J87=0,"",INDEX(ChqKey,71)) | L87: =IF($K87="","",COUNTIFS($J$17:$J$516,1,$K$17:$K$516,"<"&$K87)+1)
A88: =IF(IFERROR(MATCH(72,ChqRankU,0),0)=0,"",72) | B88: =IF(IFERROR(MATCH(72,ChqRankU,0),0)=0,"",INDEX(ChqNorm,IFERROR(MATCH(72,ChqRankU,0),0))) | C88: =IF(IFERROR(MATCH(72,ChqRankU,0),0)=0,"",INDEX(ChqNo,IFERROR(MATCH(72,ChqRankU,0),0))) | D88: =IF(IFERROR(MATCH(72,ChqRankU,0),0)=0,"",IF(INDEX(ChqAmt,IFERROR(MATCH(72,ChqRankU,0),0))=0,"",INDEX(ChqAmt,IFERROR(MATCH(72,ChqRankU,0),0)))) | E88: =IF(IFERROR(MATCH(72,ChqRankU,0),0)=0,"",INDEX(ChqStatus,IFERROR(MATCH(72,ChqRankU,0),0))) | F88: =IF(IFERROR(MATCH(72,ChqRankU,0),0)=0,"",IF(INDEX(ChqStatus,IFERROR(MATCH(72,ChqRankU,0),0))="پاس نشده","—",IF(INDEX(ChqClr,IFERROR(MATCH(72,ChqRankU,0),0))="","—",INDEX(ChqClr,IFERROR(MATCH(72,ChqRankU,0),0))))) | I88: =IF(72>NChq,"",INDEX(ChqNorm,72)) | J88: =IF($I88="","",IF(AND($I88>=$H$3,$I88<=$H$4,INDEX(ChqStatus,72)="پاس نشده"),1,0)) | K88: =IF($J88=0,"",INDEX(ChqKey,72)) | L88: =IF($K88="","",COUNTIFS($J$17:$J$516,1,$K$17:$K$516,"<"&$K88)+1)
A89: =IF(IFERROR(MATCH(73,ChqRankU,0),0)=0,"",73) | B89: =IF(IFERROR(MATCH(73,ChqRankU,0),0)=0,"",INDEX(ChqNorm,IFERROR(MATCH(73,ChqRankU,0),0))) | C89: =IF(IFERROR(MATCH(73,ChqRankU,0),0)=0,"",INDEX(ChqNo,IFERROR(MATCH(73,ChqRankU,0),0))) | D89: =IF(IFERROR(MATCH(73,ChqRankU,0),0)=0,"",IF(INDEX(ChqAmt,IFERROR(MATCH(73,ChqRankU,0),0))=0,"",INDEX(ChqAmt,IFERROR(MATCH(73,ChqRankU,0),0)))) | E89: =IF(IFERROR(MATCH(73,ChqRankU,0),0)=0,"",INDEX(ChqStatus,IFERROR(MATCH(73,ChqRankU,0),0))) | F89: =IF(IFERROR(MATCH(73,ChqRankU,0),0)=0,"",IF(INDEX(ChqStatus,IFERROR(MATCH(73,ChqRankU,0),0))="پاس نشده","—",IF(INDEX(ChqClr,IFERROR(MATCH(73,ChqRankU,0),0))="","—",INDEX(ChqClr,IFERROR(MATCH(73,ChqRankU,0),0))))) | I89: =IF(73>NChq,"",INDEX(ChqNorm,73)) | J89: =IF($I89="","",IF(AND($I89>=$H$3,$I89<=$H$4,INDEX(ChqStatus,73)="پاس نشده"),1,0)) | K89: =IF($J89=0,"",INDEX(ChqKey,73)) | L89: =IF($K89="","",COUNTIFS($J$17:$J$516,1,$K$17:$K$516,"<"&$K89)+1)
A90: =IF(IFERROR(MATCH(74,ChqRankU,0),0)=0,"",74) | B90: =IF(IFERROR(MATCH(74,ChqRankU,0),0)=0,"",INDEX(ChqNorm,IFERROR(MATCH(74,ChqRankU,0),0))) | C90: =IF(IFERROR(MATCH(74,ChqRankU,0),0)=0,"",INDEX(ChqNo,IFERROR(MATCH(74,ChqRankU,0),0))) | D90: =IF(IFERROR(MATCH(74,ChqRankU,0),0)=0,"",IF(INDEX(ChqAmt,IFERROR(MATCH(74,ChqRankU,0),0))=0,"",INDEX(ChqAmt,IFERROR(MATCH(74,ChqRankU,0),0)))) | E90: =IF(IFERROR(MATCH(74,ChqRankU,0),0)=0,"",INDEX(ChqStatus,IFERROR(MATCH(74,ChqRankU,0),0))) | F90: =IF(IFERROR(MATCH(74,ChqRankU,0),0)=0,"",IF(INDEX(ChqStatus,IFERROR(MATCH(74,ChqRankU,0),0))="پاس نشده","—",IF(INDEX(ChqClr,IFERROR(MATCH(74,ChqRankU,0),0))="","—",INDEX(ChqClr,IFERROR(MATCH(74,ChqRankU,0),0))))) | I90: =IF(74>NChq,"",INDEX(ChqNorm,74)) | J90: =IF($I90="","",IF(AND($I90>=$H$3,$I90<=$H$4,INDEX(ChqStatus,74)="پاس نشده"),1,0)) | K90: =IF($J90=0,"",INDEX(ChqKey,74)) | L90: =IF($K90="","",COUNTIFS($J$17:$J$516,1,$K$17:$K$516,"<"&$K90)+1)
A91: =IF(IFERROR(MATCH(75,ChqRankU,0),0)=0,"",75) | B91: =IF(IFERROR(MATCH(75,ChqRankU,0),0)=0,"",INDEX(ChqNorm,IFERROR(MATCH(75,ChqRankU,0),0))) | C91: =IF(IFERROR(MATCH(75,ChqRankU,0),0)=0,"",INDEX(ChqNo,IFERROR(MATCH(75,ChqRankU,0),0))) | D91: =IF(IFERROR(MATCH(75,ChqRankU,0),0)=0,"",IF(INDEX(ChqAmt,IFERROR(MATCH(75,ChqRankU,0),0))=0,"",INDEX(ChqAmt,IFERROR(MATCH(75,ChqRankU,0),0)))) | E91: =IF(IFERROR(MATCH(75,ChqRankU,0),0)=0,"",INDEX(ChqStatus,IFERROR(MATCH(75,ChqRankU,0),0))) | F91: =IF(IFERROR(MATCH(75,ChqRankU,0),0)=0,"",IF(INDEX(ChqStatus,IFERROR(MATCH(75,ChqRankU,0),0))="پاس نشده","—",IF(INDEX(ChqClr,IFERROR(MATCH(75,ChqRankU,0),0))="","—",INDEX(ChqClr,IFERROR(MATCH(75,ChqRankU,0),0))))) | I91: =IF(75>NChq,"",INDEX(ChqNorm,75)) | J91: =IF($I91="","",IF(AND($I91>=$H$3,$I91<=$H$4,INDEX(ChqStatus,75)="پاس نشده"),1,0)) | K91: =IF($J91=0,"",INDEX(ChqKey,75)) | L91: =IF($K91="","",COUNTIFS($J$17:$J$516,1,$K$17:$K$516,"<"&$K91)+1)
A92: =IF(IFERROR(MATCH(76,ChqRankU,0),0)=0,"",76) | B92: =IF(IFERROR(MATCH(76,ChqRankU,0),0)=0,"",INDEX(ChqNorm,IFERROR(MATCH(76,ChqRankU,0),0))) | C92: =IF(IFERROR(MATCH(76,ChqRankU,0),0)=0,"",INDEX(ChqNo,IFERROR(MATCH(76,ChqRankU,0),0))) | D92: =IF(IFERROR(MATCH(76,ChqRankU,0),0)=0,"",IF(INDEX(ChqAmt,IFERROR(MATCH(76,ChqRankU,0),0))=0,"",INDEX(ChqAmt,IFERROR(MATCH(76,ChqRankU,0),0)))) | E92: =IF(IFERROR(MATCH(76,ChqRankU,0),0)=0,"",INDEX(ChqStatus,IFERROR(MATCH(76,ChqRankU,0),0))) | F92: =IF(IFERROR(MATCH(76,ChqRankU,0),0)=0,"",IF(INDEX(ChqStatus,IFERROR(MATCH(76,ChqRankU,0),0))="پاس نشده","—",IF(INDEX(ChqClr,IFERROR(MATCH(76,ChqRankU,0),0))="","—",INDEX(ChqClr,IFERROR(MATCH(76,ChqRankU,0),0))))) | I92: =IF(76>NChq,"",INDEX(ChqNorm,76)) | J92: =IF($I92="","",IF(AND($I92>=$H$3,$I92<=$H$4,INDEX(ChqStatus,76)="پاس نشده"),1,0)) | K92: =IF($J92=0,"",INDEX(ChqKey,76)) | L92: =IF($K92="","",COUNTIFS($J$17:$J$516,1,$K$17:$K$516,"<"&$K92)+1)
A93: =IF(IFERROR(MATCH(77,ChqRankU,0),0)=0,"",77) | B93: =IF(IFERROR(MATCH(77,ChqRankU,0),0)=0,"",INDEX(ChqNorm,IFERROR(MATCH(77,ChqRankU,0),0))) | C93: =IF(IFERROR(MATCH(77,ChqRankU,0),0)=0,"",INDEX(ChqNo,IFERROR(MATCH(77,ChqRankU,0),0))) | D93: =IF(IFERROR(MATCH(77,ChqRankU,0),0)=0,"",IF(INDEX(ChqAmt,IFERROR(MATCH(77,ChqRankU,0),0))=0,"",INDEX(ChqAmt,IFERROR(MATCH(77,ChqRankU,0),0)))) | E93: =IF(IFERROR(MATCH(77,ChqRankU,0),0)=0,"",INDEX(ChqStatus,IFERROR(MATCH(77,ChqRankU,0),0))) | F93: =IF(IFERROR(MATCH(77,ChqRankU,0),0)=0,"",IF(INDEX(ChqStatus,IFERROR(MATCH(77,ChqRankU,0),0))="پاس نشده","—",IF(INDEX(ChqClr,IFERROR(MATCH(77,ChqRankU,0),0))="","—",INDEX(ChqClr,IFERROR(MATCH(77,ChqRankU,0),0))))) | I93: =IF(77>NChq,"",INDEX(ChqNorm,77)) | J93: =IF($I93="","",IF(AND($I93>=$H$3,$I93<=$H$4,INDEX(ChqStatus,77)="پاس نشده"),1,0)) | K93: =IF($J93=0,"",INDEX(ChqKey,77)) | L93: =IF($K93="","",COUNTIFS($J$17:$J$516,1,$K$17:$K$516,"<"&$K93)+1)
A94: =IF(IFERROR(MATCH(78,ChqRankU,0),0)=0,"",78) | B94: =IF(IFERROR(MATCH(78,ChqRankU,0),0)=0,"",INDEX(ChqNorm,IFERROR(MATCH(78,ChqRankU,0),0))) | C94: =IF(IFERROR(MATCH(78,ChqRankU,0),0)=0,"",INDEX(ChqNo,IFERROR(MATCH(78,ChqRankU,0),0))) | D94: =IF(IFERROR(MATCH(78,ChqRankU,0),0)=0,"",IF(INDEX(ChqAmt,IFERROR(MATCH(78,ChqRankU,0),0))=0,"",INDEX(ChqAmt,IFERROR(MATCH(78,ChqRankU,0),0)))) | E94: =IF(IFERROR(MATCH(78,ChqRankU,0),0)=0,"",INDEX(ChqStatus,IFERROR(MATCH(78,ChqRankU,0),0))) | F94: =IF(IFERROR(MATCH(78,ChqRankU,0),0)=0,"",IF(INDEX(ChqStatus,IFERROR(MATCH(78,ChqRankU,0),0))="پاس نشده","—",IF(INDEX(ChqClr,IFERROR(MATCH(78,ChqRankU,0),0))="","—",INDEX(ChqClr,IFERROR(MATCH(78,ChqRankU,0),0))))) | I94: =IF(78>NChq,"",INDEX(ChqNorm,78)) | J94: =IF($I94="","",IF(AND($I94>=$H$3,$I94<=$H$4,INDEX(ChqStatus,78)="پاس نشده"),1,0)) | K94: =IF($J94=0,"",INDEX(ChqKey,78)) | L94: =IF($K94="","",COUNTIFS($J$17:$J$516,1,$K$17:$K$516,"<"&$K94)+1)
A95: =IF(IFERROR(MATCH(79,ChqRankU,0),0)=0,"",79) | B95: =IF(IFERROR(MATCH(79,ChqRankU,0),0)=0,"",INDEX(ChqNorm,IFERROR(MATCH(79,ChqRankU,0),0))) | C95: =IF(IFERROR(MATCH(79,ChqRankU,0),0)=0,"",INDEX(ChqNo,IFERROR(MATCH(79,ChqRankU,0),0))) | D95: =IF(IFERROR(MATCH(79,ChqRankU,0),0)=0,"",IF(INDEX(ChqAmt,IFERROR(MATCH(79,ChqRankU,0),0))=0,"",INDEX(ChqAmt,IFERROR(MATCH(79,ChqRankU,0),0)))) | E95: =IF(IFERROR(MATCH(79,ChqRankU,0),0)=0,"",INDEX(ChqStatus,IFERROR(MATCH(79,ChqRankU,0),0))) | F95: =IF(IFERROR(MATCH(79,ChqRankU,0),0)=0,"",IF(INDEX(ChqStatus,IFERROR(MATCH(79,ChqRankU,0),0))="پاس نشده","—",IF(INDEX(ChqClr,IFERROR(MATCH(79,ChqRankU,0),0))="","—",INDEX(ChqClr,IFERROR(MATCH(79,ChqRankU,0),0))))) | I95: =IF(79>NChq,"",INDEX(ChqNorm,79)) | J95: =IF($I95="","",IF(AND($I95>=$H$3,$I95<=$H$4,INDEX(ChqStatus,79)="پاس نشده"),1,0)) | K95: =IF($J95=0,"",INDEX(ChqKey,79)) | L95: =IF($K95="","",COUNTIFS($J$17:$J$516,1,$K$17:$K$516,"<"&$K95)+1)
A96: =IF(IFERROR(MATCH(80,ChqRankU,0),0)=0,"",80) | B96: =IF(IFERROR(MATCH(80,ChqRankU,0),0)=0,"",INDEX(ChqNorm,IFERROR(MATCH(80,ChqRankU,0),0))) | C96: =IF(IFERROR(MATCH(80,ChqRankU,0),0)=0,"",INDEX(ChqNo,IFERROR(MATCH(80,ChqRankU,0),0))) | D96: =IF(IFERROR(MATCH(80,ChqRankU,0),0)=0,"",IF(INDEX(ChqAmt,IFERROR(MATCH(80,ChqRankU,0),0))=0,"",INDEX(ChqAmt,IFERROR(MATCH(80,ChqRankU,0),0)))) | E96: =IF(IFERROR(MATCH(80,ChqRankU,0),0)=0,"",INDEX(ChqStatus,IFERROR(MATCH(80,ChqRankU,0),0))) | F96: =IF(IFERROR(MATCH(80,ChqRankU,0),0)=0,"",IF(INDEX(ChqStatus,IFERROR(MATCH(80,ChqRankU,0),0))="پاس نشده","—",IF(INDEX(ChqClr,IFERROR(MATCH(80,ChqRankU,0),0))="","—",INDEX(ChqClr,IFERROR(MATCH(80,ChqRankU,0),0))))) | I96: =IF(80>NChq,"",INDEX(ChqNorm,80)) | J96: =IF($I96="","",IF(AND($I96>=$H$3,$I96<=$H$4,INDEX(ChqStatus,80)="پاس نشده"),1,0)) | K96: =IF($J96=0,"",INDEX(ChqKey,80)) | L96: =IF($K96="","",COUNTIFS($J$17:$J$516,1,$K$17:$K$516,"<"&$K96)+1)
A97: =IF(IFERROR(MATCH(81,ChqRankU,0),0)=0,"",81) | B97: =IF(IFERROR(MATCH(81,ChqRankU,0),0)=0,"",INDEX(ChqNorm,IFERROR(MATCH(81,ChqRankU,0),0))) | C97: =IF(IFERROR(MATCH(81,ChqRankU,0),0)=0,"",INDEX(ChqNo,IFERROR(MATCH(81,ChqRankU,0),0))) | D97: =IF(IFERROR(MATCH(81,ChqRankU,0),0)=0,"",IF(INDEX(ChqAmt,IFERROR(MATCH(81,ChqRankU,0),0))=0,"",INDEX(ChqAmt,IFERROR(MATCH(81,ChqRankU,0),0)))) | E97: =IF(IFERROR(MATCH(81,ChqRankU,0),0)=0,"",INDEX(ChqStatus,IFERROR(MATCH(81,ChqRankU,0),0))) | F97: =IF(IFERROR(MATCH(81,ChqRankU,0),0)=0,"",IF(INDEX(ChqStatus,IFERROR(MATCH(81,ChqRankU,0),0))="پاس نشده","—",IF(INDEX(ChqClr,IFERROR(MATCH(81,ChqRankU,0),0))="","—",INDEX(ChqClr,IFERROR(MATCH(81,ChqRankU,0),0))))) | I97: =IF(81>NChq,"",INDEX(ChqNorm,81)) | J97: =IF($I97="","",IF(AND($I97>=$H$3,$I97<=$H$4,INDEX(ChqStatus,81)="پاس نشده"),1,0)) | K97: =IF($J97=0,"",INDEX(ChqKey,81)) | L97: =IF($K97="","",COUNTIFS($J$17:$J$516,1,$K$17:$K$516,"<"&$K97)+1)
A98: =IF(IFERROR(MATCH(82,ChqRankU,0),0)=0,"",82) | B98: =IF(IFERROR(MATCH(82,ChqRankU,0),0)=0,"",INDEX(ChqNorm,IFERROR(MATCH(82,ChqRankU,0),0))) | C98: =IF(IFERROR(MATCH(82,ChqRankU,0),0)=0,"",INDEX(ChqNo,IFERROR(MATCH(82,ChqRankU,0),0))) | D98: =IF(IFERROR(MATCH(82,ChqRankU,0),0)=0,"",IF(INDEX(ChqAmt,IFERROR(MATCH(82,ChqRankU,0),0))=0,"",INDEX(ChqAmt,IFERROR(MATCH(82,ChqRankU,0),0)))) | E98: =IF(IFERROR(MATCH(82,ChqRankU,0),0)=0,"",INDEX(ChqStatus,IFERROR(MATCH(82,ChqRankU,0),0))) | F98: =IF(IFERROR(MATCH(82,ChqRankU,0),0)=0,"",IF(INDEX(ChqStatus,IFERROR(MATCH(82,ChqRankU,0),0))="پاس نشده","—",IF(INDEX(ChqClr,IFERROR(MATCH(82,ChqRankU,0),0))="","—",INDEX(ChqClr,IFERROR(MATCH(82,ChqRankU,0),0))))) | I98: =IF(82>NChq,"",INDEX(ChqNorm,82)) | J98: =IF($I98="","",IF(AND($I98>=$H$3,$I98<=$H$4,INDEX(ChqStatus,82)="پاس نشده"),1,0)) | K98: =IF($J98=0,"",INDEX(ChqKey,82)) | L98: =IF($K98="","",COUNTIFS($J$17:$J$516,1,$K$17:$K$516,"<"&$K98)+1)
A99: =IF(IFERROR(MATCH(83,ChqRankU,0),0)=0,"",83) | B99: =IF(IFERROR(MATCH(83,ChqRankU,0),0)=0,"",INDEX(ChqNorm,IFERROR(MATCH(83,ChqRankU,0),0))) | C99: =IF(IFERROR(MATCH(83,ChqRankU,0),0)=0,"",INDEX(ChqNo,IFERROR(MATCH(83,ChqRankU,0),0))) | D99: =IF(IFERROR(MATCH(83,ChqRankU,0),0)=0,"",IF(INDEX(ChqAmt,IFERROR(MATCH(83,ChqRankU,0),0))=0,"",INDEX(ChqAmt,IFERROR(MATCH(83,ChqRankU,0),0)))) | E99: =IF(IFERROR(MATCH(83,ChqRankU,0),0)=0,"",INDEX(ChqStatus,IFERROR(MATCH(83,ChqRankU,0),0))) | F99: =IF(IFERROR(MATCH(83,ChqRankU,0),0)=0,"",IF(INDEX(ChqStatus,IFERROR(MATCH(83,ChqRankU,0),0))="پاس نشده","—",IF(INDEX(ChqClr,IFERROR(MATCH(83,ChqRankU,0),0))="","—",INDEX(ChqClr,IFERROR(MATCH(83,ChqRankU,0),0))))) | I99: =IF(83>NChq,"",INDEX(ChqNorm,83)) | J99: =IF($I99="","",IF(AND($I99>=$H$3,$I99<=$H$4,INDEX(ChqStatus,83)="پاس نشده"),1,0)) | K99: =IF($J99=0,"",INDEX(ChqKey,83)) | L99: =IF($K99="","",COUNTIFS($J$17:$J$516,1,$K$17:$K$516,"<"&$K99)+1)
A100: =IF(IFERROR(MATCH(84,ChqRankU,0),0)=0,"",84) | B100: =IF(IFERROR(MATCH(84,ChqRankU,0),0)=0,"",INDEX(ChqNorm,IFERROR(MATCH(84,ChqRankU,0),0))) | C100: =IF(IFERROR(MATCH(84,ChqRankU,0),0)=0,"",INDEX(ChqNo,IFERROR(MATCH(84,ChqRankU,0),0))) | D100: =IF(IFERROR(MATCH(84,ChqRankU,0),0)=0,"",IF(INDEX(ChqAmt,IFERROR(MATCH(84,ChqRankU,0),0))=0,"",INDEX(ChqAmt,IFERROR(MATCH(84,ChqRankU,0),0)))) | E100: =IF(IFERROR(MATCH(84,ChqRankU,0),0)=0,"",INDEX(ChqStatus,IFERROR(MATCH(84,ChqRankU,0),0))) | F100: =IF(IFERROR(MATCH(84,ChqRankU,0),0)=0,"",IF(INDEX(ChqStatus,IFERROR(MATCH(84,ChqRankU,0),0))="پاس نشده","—",IF(INDEX(ChqClr,IFERROR(MATCH(84,ChqRankU,0),0))="","—",INDEX(ChqClr,IFERROR(MATCH(84,ChqRankU,0),0))))) | I100: =IF(84>NChq,"",INDEX(ChqNorm,84)) | J100: =IF($I100="","",IF(AND($I100>=$H$3,$I100<=$H$4,INDEX(ChqStatus,84)="پاس نشده"),1,0)) | K100: =IF($J100=0,"",INDEX(ChqKey,84)) | L100: =IF($K100="","",COUNTIFS($J$17:$J$516,1,$K$17:$K$516,"<"&$K100)+1)
A101: =IF(IFERROR(MATCH(85,ChqRankU,0),0)=0,"",85) | B101: =IF(IFERROR(MATCH(85,ChqRankU,0),0)=0,"",INDEX(ChqNorm,IFERROR(MATCH(85,ChqRankU,0),0))) | C101: =IF(IFERROR(MATCH(85,ChqRankU,0),0)=0,"",INDEX(ChqNo,IFERROR(MATCH(85,ChqRankU,0),0))) | D101: =IF(IFERROR(MATCH(85,ChqRankU,0),0)=0,"",IF(INDEX(ChqAmt,IFERROR(MATCH(85,ChqRankU,0),0))=0,"",INDEX(ChqAmt,IFERROR(MATCH(85,ChqRankU,0),0)))) | E101: =IF(IFERROR(MATCH(85,ChqRankU,0),0)=0,"",INDEX(ChqStatus,IFERROR(MATCH(85,ChqRankU,0),0))) | F101: =IF(IFERROR(MATCH(85,ChqRankU,0),0)=0,"",IF(INDEX(ChqStatus,IFERROR(MATCH(85,ChqRankU,0),0))="پاس نشده","—",IF(INDEX(ChqClr,IFERROR(MATCH(85,ChqRankU,0),0))="","—",INDEX(ChqClr,IFERROR(MATCH(85,ChqRankU,0),0))))) | I101: =IF(85>NChq,"",INDEX(ChqNorm,85)) | J101: =IF($I101="","",IF(AND($I101>=$H$3,$I101<=$H$4,INDEX(ChqStatus,85)="پاس نشده"),1,0)) | K101: =IF($J101=0,"",INDEX(ChqKey,85)) | L101: =IF($K101="","",COUNTIFS($J$17:$J$516,1,$K$17:$K$516,"<"&$K101)+1)
A102: =IF(IFERROR(MATCH(86,ChqRankU,0),0)=0,"",86) | B102: =IF(IFERROR(MATCH(86,ChqRankU,0),0)=0,"",INDEX(ChqNorm,IFERROR(MATCH(86,ChqRankU,0),0))) | C102: =IF(IFERROR(MATCH(86,ChqRankU,0),0)=0,"",INDEX(ChqNo,IFERROR(MATCH(86,ChqRankU,0),0))) | D102: =IF(IFERROR(MATCH(86,ChqRankU,0),0)=0,"",IF(INDEX(ChqAmt,IFERROR(MATCH(86,ChqRankU,0),0))=0,"",INDEX(ChqAmt,IFERROR(MATCH(86,ChqRankU,0),0)))) | E102: =IF(IFERROR(MATCH(86,ChqRankU,0),0)=0,"",INDEX(ChqStatus,IFERROR(MATCH(86,ChqRankU,0),0))) | F102: =IF(IFERROR(MATCH(86,ChqRankU,0),0)=0,"",IF(INDEX(ChqStatus,IFERROR(MATCH(86,ChqRankU,0),0))="پاس نشده","—",IF(INDEX(ChqClr,IFERROR(MATCH(86,ChqRankU,0),0))="","—",INDEX(ChqClr,IFERROR(MATCH(86,ChqRankU,0),0))))) | I102: =IF(86>NChq,"",INDEX(ChqNorm,86)) | J102: =IF($I102="","",IF(AND($I102>=$H$3,$I102<=$H$4,INDEX(ChqStatus,86)="پاس نشده"),1,0)) | K102: =IF($J102=0,"",INDEX(ChqKey,86)) | L102: =IF($K102="","",COUNTIFS($J$17:$J$516,1,$K$17:$K$516,"<"&$K102)+1)
A103: =IF(IFERROR(MATCH(87,ChqRankU,0),0)=0,"",87) | B103: =IF(IFERROR(MATCH(87,ChqRankU,0),0)=0,"",INDEX(ChqNorm,IFERROR(MATCH(87,ChqRankU,0),0))) | C103: =IF(IFERROR(MATCH(87,ChqRankU,0),0)=0,"",INDEX(ChqNo,IFERROR(MATCH(87,ChqRankU,0),0))) | D103: =IF(IFERROR(MATCH(87,ChqRankU,0),0)=0,"",IF(INDEX(ChqAmt,IFERROR(MATCH(87,ChqRankU,0),0))=0,"",INDEX(ChqAmt,IFERROR(MATCH(87,ChqRankU,0),0)))) | E103: =IF(IFERROR(MATCH(87,ChqRankU,0),0)=0,"",INDEX(ChqStatus,IFERROR(MATCH(87,ChqRankU,0),0))) | F103: =IF(IFERROR(MATCH(87,ChqRankU,0),0)=0,"",IF(INDEX(ChqStatus,IFERROR(MATCH(87,ChqRankU,0),0))="پاس نشده","—",IF(INDEX(ChqClr,IFERROR(MATCH(87,ChqRankU,0),0))="","—",INDEX(ChqClr,IFERROR(MATCH(87,ChqRankU,0),0))))) | I103: =IF(87>NChq,"",INDEX(ChqNorm,87)) | J103: =IF($I103="","",IF(AND($I103>=$H$3,$I103<=$H$4,INDEX(ChqStatus,87)="پاس نشده"),1,0)) | K103: =IF($J103=0,"",INDEX(ChqKey,87)) | L103: =IF($K103="","",COUNTIFS($J$17:$J$516,1,$K$17:$K$516,"<"&$K103)+1)
A104: =IF(IFERROR(MATCH(88,ChqRankU,0),0)=0,"",88) | B104: =IF(IFERROR(MATCH(88,ChqRankU,0),0)=0,"",INDEX(ChqNorm,IFERROR(MATCH(88,ChqRankU,0),0))) | C104: =IF(IFERROR(MATCH(88,ChqRankU,0),0)=0,"",INDEX(ChqNo,IFERROR(MATCH(88,ChqRankU,0),0))) | D104: =IF(IFERROR(MATCH(88,ChqRankU,0),0)=0,"",IF(INDEX(ChqAmt,IFERROR(MATCH(88,ChqRankU,0),0))=0,"",INDEX(ChqAmt,IFERROR(MATCH(88,ChqRankU,0),0)))) | E104: =IF(IFERROR(MATCH(88,ChqRankU,0),0)=0,"",INDEX(ChqStatus,IFERROR(MATCH(88,ChqRankU,0),0))) | F104: =IF(IFERROR(MATCH(88,ChqRankU,0),0)=0,"",IF(INDEX(ChqStatus,IFERROR(MATCH(88,ChqRankU,0),0))="پاس نشده","—",IF(INDEX(ChqClr,IFERROR(MATCH(88,ChqRankU,0),0))="","—",INDEX(ChqClr,IFERROR(MATCH(88,ChqRankU,0),0))))) | I104: =IF(88>NChq,"",INDEX(ChqNorm,88)) | J104: =IF($I104="","",IF(AND($I104>=$H$3,$I104<=$H$4,INDEX(ChqStatus,88)="پاس نشده"),1,0)) | K104: =IF($J104=0,"",INDEX(ChqKey,88)) | L104: =IF($K104="","",COUNTIFS($J$17:$J$516,1,$K$17:$K$516,"<"&$K104)+1)
A105: =IF(IFERROR(MATCH(89,ChqRankU,0),0)=0,"",89) | B105: =IF(IFERROR(MATCH(89,ChqRankU,0),0)=0,"",INDEX(ChqNorm,IFERROR(MATCH(89,ChqRankU,0),0))) | C105: =IF(IFERROR(MATCH(89,ChqRankU,0),0)=0,"",INDEX(ChqNo,IFERROR(MATCH(89,ChqRankU,0),0))) | D105: =IF(IFERROR(MATCH(89,ChqRankU,0),0)=0,"",IF(INDEX(ChqAmt,IFERROR(MATCH(89,ChqRankU,0),0))=0,"",INDEX(ChqAmt,IFERROR(MATCH(89,ChqRankU,0),0)))) | E105: =IF(IFERROR(MATCH(89,ChqRankU,0),0)=0,"",INDEX(ChqStatus,IFERROR(MATCH(89,ChqRankU,0),0))) | F105: =IF(IFERROR(MATCH(89,ChqRankU,0),0)=0,"",IF(INDEX(ChqStatus,IFERROR(MATCH(89,ChqRankU,0),0))="پاس نشده","—",IF(INDEX(ChqClr,IFERROR(MATCH(89,ChqRankU,0),0))="","—",INDEX(ChqClr,IFERROR(MATCH(89,ChqRankU,0),0))))) | I105: =IF(89>NChq,"",INDEX(ChqNorm,89)) | J105: =IF($I105="","",IF(AND($I105>=$H$3,$I105<=$H$4,INDEX(ChqStatus,89)="پاس نشده"),1,0)) | K105: =IF($J105=0,"",INDEX(ChqKey,89)) | L105: =IF($K105="","",COUNTIFS($J$17:$J$516,1,$K$17:$K$516,"<"&$K105)+1)
A106: =IF(IFERROR(MATCH(90,ChqRankU,0),0)=0,"",90) | B106: =IF(IFERROR(MATCH(90,ChqRankU,0),0)=0,"",INDEX(ChqNorm,IFERROR(MATCH(90,ChqRankU,0),0))) | C106: =IF(IFERROR(MATCH(90,ChqRankU,0),0)=0,"",INDEX(ChqNo,IFERROR(MATCH(90,ChqRankU,0),0))) | D106: =IF(IFERROR(MATCH(90,ChqRankU,0),0)=0,"",IF(INDEX(ChqAmt,IFERROR(MATCH(90,ChqRankU,0),0))=0,"",INDEX(ChqAmt,IFERROR(MATCH(90,ChqRankU,0),0)))) | E106: =IF(IFERROR(MATCH(90,ChqRankU,0),0)=0,"",INDEX(ChqStatus,IFERROR(MATCH(90,ChqRankU,0),0))) | F106: =IF(IFERROR(MATCH(90,ChqRankU,0),0)=0,"",IF(INDEX(ChqStatus,IFERROR(MATCH(90,ChqRankU,0),0))="پاس نشده","—",IF(INDEX(ChqClr,IFERROR(MATCH(90,ChqRankU,0),0))="","—",INDEX(ChqClr,IFERROR(MATCH(90,ChqRankU,0),0))))) | I106: =IF(90>NChq,"",INDEX(ChqNorm,90)) | J106: =IF($I106="","",IF(AND($I106>=$H$3,$I106<=$H$4,INDEX(ChqStatus,90)="پاس نشده"),1,0)) | K106: =IF($J106=0,"",INDEX(ChqKey,90)) | L106: =IF($K106="","",COUNTIFS($J$17:$J$516,1,$K$17:$K$516,"<"&$K106)+1)
A107: =IF(IFERROR(MATCH(91,ChqRankU,0),0)=0,"",91) | B107: =IF(IFERROR(MATCH(91,ChqRankU,0),0)=0,"",INDEX(ChqNorm,IFERROR(MATCH(91,ChqRankU,0),0))) | C107: =IF(IFERROR(MATCH(91,ChqRankU,0),0)=0,"",INDEX(ChqNo,IFERROR(MATCH(91,ChqRankU,0),0))) | D107: =IF(IFERROR(MATCH(91,ChqRankU,0),0)=0,"",IF(INDEX(ChqAmt,IFERROR(MATCH(91,ChqRankU,0),0))=0,"",INDEX(ChqAmt,IFERROR(MATCH(91,ChqRankU,0),0)))) | E107: =IF(IFERROR(MATCH(91,ChqRankU,0),0)=0,"",INDEX(ChqStatus,IFERROR(MATCH(91,ChqRankU,0),0))) | F107: =IF(IFERROR(MATCH(91,ChqRankU,0),0)=0,"",IF(INDEX(ChqStatus,IFERROR(MATCH(91,ChqRankU,0),0))="پاس نشده","—",IF(INDEX(ChqClr,IFERROR(MATCH(91,ChqRankU,0),0))="","—",INDEX(ChqClr,IFERROR(MATCH(91,ChqRankU,0),0))))) | I107: =IF(91>NChq,"",INDEX(ChqNorm,91)) | J107: =IF($I107="","",IF(AND($I107>=$H$3,$I107<=$H$4,INDEX(ChqStatus,91)="پاس نشده"),1,0)) | K107: =IF($J107=0,"",INDEX(ChqKey,91)) | L107: =IF($K107="","",COUNTIFS($J$17:$J$516,1,$K$17:$K$516,"<"&$K107)+1)
...

Sheet Sync
A1: مازندشت — سورتینگ و بسته‌بندی مرکبات
A2: باغدشت، بخش مرکزی، شهرستان قائم‌شهر، استان مازندران، ایران | MAZANDASHT · CITRUS SORTING & PACKING
A3: برگه فنی — آینه‌ی دفتر چک مادر (INFO) و فایل واریز/برداشت (Transactions) برای وضعیت چک‌ها. فرمول‌ها را تغییر ندهید. اگر همه سلول‌ها خالی شدند یعنی لینک به‌روز نشده: Data ← Edit Links ← Update Values.
A5: Cheques · No. | E5: Acct · Code | F5: · Nature | G5: · Sub | H5: · Name | J5: Company | L5: Entry · C | M5: Entry · J | N5: Entry · M | O5: Entry · N | P5: Entry · S
A6: =IF([1]Cheques!$A$7="","",[1]Cheques!$A$7) | E6: =IF([1]Accounts!$D$7="","",[1]Accounts!$A$7) | F6: =IF([1]Accounts!$D$7="","",[1]Accounts!$B$7) | G6: =IF([1]Accounts!$D$7="","",[1]Accounts!$C$7) | H6: =IF([1]Accounts!$D$7="","",[1]Accounts!$D$7) | J6: =IF([1]Company!$C$5="","",[1]Company!$C$5) | L6: =IF([2]Entry!$C$9="","",[2]Entry!$C$9) | M6: =IF([2]Entry!$J$9="","",[2]Entry!$J$9) | N6: =IF([2]Entry!$M$9="","",[2]Entry!$M$9) | O6: =IF([2]Entry!$N$9="","",[2]Entry!$N$9) | P6: =IF([2]Entry!$S$9="","",[2]Entry!$S$9)
A7: =IF([1]Cheques!$A$8="","",[1]Cheques!$A$8) | E7: =IF([1]Accounts!$D$8="","",[1]Accounts!$A$8) | F7: =IF([1]Accounts!$D$8="","",[1]Accounts!$B$8) | G7: =IF([1]Accounts!$D$8="","",[1]Accounts!$C$8) | H7: =IF([1]Accounts!$D$8="","",[1]Accounts!$D$8) | J7: =IF([1]Company!$C$8="","",[1]Company!$C$8) | L7: =IF([2]Entry!$C$10="","",[2]Entry!$C$10) | M7: =IF([2]Entry!$J$10="","",[2]Entry!$J$10) | N7: =IF([2]Entry!$M$10="","",[2]Entry!$M$10) | O7: =IF([2]Entry!$N$10="","",[2]Entry!$N$10) | P7: =IF([2]Entry!$S$10="","",[2]Entry!$S$10)
A8: =IF([1]Cheques!$A$9="","",[1]Cheques!$A$9) | E8: =IF([1]Accounts!$D$9="","",[1]Accounts!$A$9) | F8: =IF([1]Accounts!$D$9="","",[1]Accounts!$B$9) | G8: =IF([1]Accounts!$D$9="","",[1]Accounts!$C$9) | H8: =IF([1]Accounts!$D$9="","",[1]Accounts!$D$9) | J8: =IF([1]Company!$C$9="","",[1]Company!$C$9) | L8: =IF([2]Entry!$C$11="","",[2]Entry!$C$11) | M8: =IF([2]Entry!$J$11="","",[2]Entry!$J$11) | N8: =IF([2]Entry!$M$11="","",[2]Entry!$M$11) | O8: =IF([2]Entry!$N$11="","",[2]Entry!$N$11) | P8: =IF([2]Entry!$S$11="","",[2]Entry!$S$11)
A9: =IF([1]Cheques!$A$10="","",[1]Cheques!$A$10) | E9: =IF([1]Accounts!$D$10="","",[1]Accounts!$A$10) | F9: =IF([1]Accounts!$D$10="","",[1]Accounts!$B$10) | G9: =IF([1]Accounts!$D$10="","",[1]Accounts!$C$10) | H9: =IF([1]Accounts!$D$10="","",[1]Accounts!$D$10) | J9: =IF([1]Company!$C$7="","",[1]Company!$C$7) | L9: =IF([2]Entry!$C$12="","",[2]Entry!$C$12) | M9: =IF([2]Entry!$J$12="","",[2]Entry!$J$12) | N9: =IF([2]Entry!$M$12="","",[2]Entry!$M$12) | O9: =IF([2]Entry!$N$12="","",[2]Entry!$N$12) | P9: =IF([2]Entry!$S$12="","",[2]Entry!$S$12)
A10: =IF([1]Cheques!$A$11="","",[1]Cheques!$A$11) | E10: =IF([1]Accounts!$D$11="","",[1]Accounts!$A$11) | F10: =IF([1]Accounts!$D$11="","",[1]Accounts!$B$11) | G10: =IF([1]Accounts!$D$11="","",[1]Accounts!$C$11) | H10: =IF([1]Accounts!$D$11="","",[1]Accounts!$D$11) | L10: =IF([2]Entry!$C$13="","",[2]Entry!$C$13) | M10: =IF([2]Entry!$J$13="","",[2]Entry!$J$13) | N10: =IF([2]Entry!$M$13="","",[2]Entry!$M$13) | O10: =IF([2]Entry!$N$13="","",[2]Entry!$N$13) | P10: =IF([2]Entry!$S$13="","",[2]Entry!$S$13)
A11: =IF([1]Cheques!$A$12="","",[1]Cheques!$A$12) | E11: =IF([1]Accounts!$D$12="","",[1]Accounts!$A$12) | F11: =IF([1]Accounts!$D$12="","",[1]Accounts!$B$12) | G11: =IF([1]Accounts!$D$12="","",[1]Accounts!$C$12) | H11: =IF([1]Accounts!$D$12="","",[1]Accounts!$D$12) | L11: =IF([2]Entry!$C$14="","",[2]Entry!$C$14) | M11: =IF([2]Entry!$J$14="","",[2]Entry!$J$14) | N11: =IF([2]Entry!$M$14="","",[2]Entry!$M$14) | O11: =IF([2]Entry!$N$14="","",[2]Entry!$N$14) | P11: =IF([2]Entry!$S$14="","",[2]Entry!$S$14)
A12: =IF([1]Cheques!$A$13="","",[1]Cheques!$A$13) | E12: =IF([1]Accounts!$D$13="","",[1]Accounts!$A$13) | F12: =IF([1]Accounts!$D$13="","",[1]Accounts!$B$13) | G12: =IF([1]Accounts!$D$13="","",[1]Accounts!$C$13) | H12: =IF([1]Accounts!$D$13="","",[1]Accounts!$D$13) | L12: =IF([2]Entry!$C$15="","",[2]Entry!$C$15) | M12: =IF([2]Entry!$J$15="","",[2]Entry!$J$15) | N12: =IF([2]Entry!$M$15="","",[2]Entry!$M$15) | O12: =IF([2]Entry!$N$15="","",[2]Entry!$N$15) | P12: =IF([2]Entry!$S$15="","",[2]Entry!$S$15)
A13: =IF([1]Cheques!$A$14="","",[1]Cheques!$A$14) | E13: =IF([1]Accounts!$D$14="","",[1]Accounts!$A$14) | F13: =IF([1]Accounts!$D$14="","",[1]Accounts!$B$14) | G13: =IF([1]Accounts!$D$14="","",[1]Accounts!$C$14) | H13: =IF([1]Accounts!$D$14="","",[1]Accounts!$D$14) | L13: =IF([2]Entry!$C$16="","",[2]Entry!$C$16) | M13: =IF([2]Entry!$J$16="","",[2]Entry!$J$16) | N13: =IF([2]Entry!$M$16="","",[2]Entry!$M$16) | O13: =IF([2]Entry!$N$16="","",[2]Entry!$N$16) | P13: =IF([2]Entry!$S$16="","",[2]Entry!$S$16)
A14: =IF([1]Cheques!$A$15="","",[1]Cheques!$A$15) | E14: =IF([1]Accounts!$D$15="","",[1]Accounts!$A$15) | F14: =IF([1]Accounts!$D$15="","",[1]Accounts!$B$15) | G14: =IF([1]Accounts!$D$15="","",[1]Accounts!$C$15) | H14: =IF([1]Accounts!$D$15="","",[1]Accounts!$D$15) | L14: =IF([2]Entry!$C$17="","",[2]Entry!$C$17) | M14: =IF([2]Entry!$J$17="","",[2]Entry!$J$17) | N14: =IF([2]Entry!$M$17="","",[2]Entry!$M$17) | O14: =IF([2]Entry!$N$17="","",[2]Entry!$N$17) | P14: =IF([2]Entry!$S$17="","",[2]Entry!$S$17)
A15: =IF([1]Cheques!$A$16="","",[1]Cheques!$A$16) | E15: =IF([1]Accounts!$D$16="","",[1]Accounts!$A$16) | F15: =IF([1]Accounts!$D$16="","",[1]Accounts!$B$16) | G15: =IF([1]Accounts!$D$16="","",[1]Accounts!$C$16) | H15: =IF([1]Accounts!$D$16="","",[1]Accounts!$D$16) | L15: =IF([2]Entry!$C$18="","",[2]Entry!$C$18) | M15: =IF([2]Entry!$J$18="","",[2]Entry!$J$18) | N15: =IF([2]Entry!$M$18="","",[2]Entry!$M$18) | O15: =IF([2]Entry!$N$18="","",[2]Entry!$N$18) | P15: =IF([2]Entry!$S$18="","",[2]Entry!$S$18)
A16: =IF([1]Cheques!$A$17="","",[1]Cheques!$A$17) | E16: =IF([1]Accounts!$D$17="","",[1]Accounts!$A$17) | F16: =IF([1]Accounts!$D$17="","",[1]Accounts!$B$17) | G16: =IF([1]Accounts!$D$17="","",[1]Accounts!$C$17) | H16: =IF([1]Accounts!$D$17="","",[1]Accounts!$D$17) | L16: =IF([2]Entry!$C$19="","",[2]Entry!$C$19) | M16: =IF([2]Entry!$J$19="","",[2]Entry!$J$19) | N16: =IF([2]Entry!$M$19="","",[2]Entry!$M$19) | O16: =IF([2]Entry!$N$19="","",[2]Entry!$N$19) | P16: =IF([2]Entry!$S$19="","",[2]Entry!$S$19)
A17: =IF([1]Cheques!$A$18="","",[1]Cheques!$A$18) | E17: =IF([1]Accounts!$D$18="","",[1]Accounts!$A$18) | F17: =IF([1]Accounts!$D$18="","",[1]Accounts!$B$18) | G17: =IF([1]Accounts!$D$18="","",[1]Accounts!$C$18) | H17: =IF([1]Accounts!$D$18="","",[1]Accounts!$D$18) | L17: =IF([2]Entry!$C$20="","",[2]Entry!$C$20) | M17: =IF([2]Entry!$J$20="","",[2]Entry!$J$20) | N17: =IF([2]Entry!$M$20="","",[2]Entry!$M$20) | O17: =IF([2]Entry!$N$20="","",[2]Entry!$N$20) | P17: =IF([2]Entry!$S$20="","",[2]Entry!$S$20)
A18: =IF([1]Cheques!$A$19="","",[1]Cheques!$A$19) | E18: =IF([1]Accounts!$D$19="","",[1]Accounts!$A$19) | F18: =IF([1]Accounts!$D$19="","",[1]Accounts!$B$19) | G18: =IF([1]Accounts!$D$19="","",[1]Accounts!$C$19) | H18: =IF([1]Accounts!$D$19="","",[1]Accounts!$D$19) | L18: =IF([2]Entry!$C$21="","",[2]Entry!$C$21) | M18: =IF([2]Entry!$J$21="","",[2]Entry!$J$21) | N18: =IF([2]Entry!$M$21="","",[2]Entry!$M$21) | O18: =IF([2]Entry!$N$21="","",[2]Entry!$N$21) | P18: =IF([2]Entry!$S$21="","",[2]Entry!$S$21)
A19: =IF([1]Cheques!$A$20="","",[1]Cheques!$A$20) | E19: =IF([1]Accounts!$D$20="","",[1]Accounts!$A$20) | F19: =IF([1]Accounts!$D$20="","",[1]Accounts!$B$20) | G19: =IF([1]Accounts!$D$20="","",[1]Accounts!$C$20) | H19: =IF([1]Accounts!$D$20="","",[1]Accounts!$D$20) | L19: =IF([2]Entry!$C$22="","",[2]Entry!$C$22) | M19: =IF([2]Entry!$J$22="","",[2]Entry!$J$22) | N19: =IF([2]Entry!$M$22="","",[2]Entry!$M$22) | O19: =IF([2]Entry!$N$22="","",[2]Entry!$N$22) | P19: =IF([2]Entry!$S$22="","",[2]Entry!$S$22)
A20: =IF([1]Cheques!$A$21="","",[1]Cheques!$A$21) | E20: =IF([1]Accounts!$D$21="","",[1]Accounts!$A$21) | F20: =IF([1]Accounts!$D$21="","",[1]Accounts!$B$21) | G20: =IF([1]Accounts!$D$21="","",[1]Accounts!$C$21) | H20: =IF([1]Accounts!$D$21="","",[1]Accounts!$D$21) | L20: =IF([2]Entry!$C$23="","",[2]Entry!$C$23) | M20: =IF([2]Entry!$J$23="","",[2]Entry!$J$23) | N20: =IF([2]Entry!$M$23="","",[2]Entry!$M$23) | O20: =IF([2]Entry!$N$23="","",[2]Entry!$N$23) | P20: =IF([2]Entry!$S$23="","",[2]Entry!$S$23)
A21: =IF([1]Cheques!$A$22="","",[1]Cheques!$A$22) | E21: =IF([1]Accounts!$D$22="","",[1]Accounts!$A$22) | F21: =IF([1]Accounts!$D$22="","",[1]Accounts!$B$22) | G21: =IF([1]Accounts!$D$22="","",[1]Accounts!$C$22) | H21: =IF([1]Accounts!$D$22="","",[1]Accounts!$D$22) | L21: =IF([2]Entry!$C$24="","",[2]Entry!$C$24) | M21: =IF([2]Entry!$J$24="","",[2]Entry!$J$24) | N21: =IF([2]Entry!$M$24="","",[2]Entry!$M$24) | O21: =IF([2]Entry!$N$24="","",[2]Entry!$N$24) | P21: =IF([2]Entry!$S$24="","",[2]Entry!$S$24)
A22: =IF([1]Cheques!$A$23="","",[1]Cheques!$A$23) | E22: =IF([1]Accounts!$D$23="","",[1]Accounts!$A$23) | F22: =IF([1]Accounts!$D$23="","",[1]Accounts!$B$23) | G22: =IF([1]Accounts!$D$23="","",[1]Accounts!$C$23) | H22: =IF([1]Accounts!$D$23="","",[1]Accounts!$D$23) | L22: =IF([2]Entry!$C$25="","",[2]Entry!$C$25) | M22: =IF([2]Entry!$J$25="","",[2]Entry!$J$25) | N22: =IF([2]Entry!$M$25="","",[2]Entry!$M$25) | O22: =IF([2]Entry!$N$25="","",[2]Entry!$N$25) | P22: =IF([2]Entry!$S$25="","",[2]Entry!$S$25)
A23: =IF([1]Cheques!$A$24="","",[1]Cheques!$A$24) | E23: =IF([1]Accounts!$D$24="","",[1]Accounts!$A$24) | F23: =IF([1]Accounts!$D$24="","",[1]Accounts!$B$24) | G23: =IF([1]Accounts!$D$24="","",[1]Accounts!$C$24) | H23: =IF([1]Accounts!$D$24="","",[1]Accounts!$D$24) | L23: =IF([2]Entry!$C$26="","",[2]Entry!$C$26) | M23: =IF([2]Entry!$J$26="","",[2]Entry!$J$26) | N23: =IF([2]Entry!$M$26="","",[2]Entry!$M$26) | O23: =IF([2]Entry!$N$26="","",[2]Entry!$N$26) | P23: =IF([2]Entry!$S$26="","",[2]Entry!$S$26)
A24: =IF([1]Cheques!$A$25="","",[1]Cheques!$A$25) | E24: =IF([1]Accounts!$D$25="","",[1]Accounts!$A$25) | F24: =IF([1]Accounts!$D$25="","",[1]Accounts!$B$25) | G24: =IF([1]Accounts!$D$25="","",[1]Accounts!$C$25) | H24: =IF([1]Accounts!$D$25="","",[1]Accounts!$D$25) | L24: =IF([2]Entry!$C$27="","",[2]Entry!$C$27) | M24: =IF([2]Entry!$J$27="","",[2]Entry!$J$27) | N24: =IF([2]Entry!$M$27="","",[2]Entry!$M$27) | O24: =IF([2]Entry!$N$27="","",[2]Entry!$N$27) | P24: =IF([2]Entry!$S$27="","",[2]Entry!$S$27)
A25: =IF([1]Cheques!$A$26="","",[1]Cheques!$A$26) | E25: =IF([1]Accounts!$D$26="","",[1]Accounts!$A$26) | F25: =IF([1]Accounts!$D$26="","",[1]Accounts!$B$26) | G25: =IF([1]Accounts!$D$26="","",[1]Accounts!$C$26) | H25: =IF([1]Accounts!$D$26="","",[1]Accounts!$D$26) | L25: =IF([2]Entry!$C$28="","",[2]Entry!$C$28) | M25: =IF([2]Entry!$J$28="","",[2]Entry!$J$28) | N25: =IF([2]Entry!$M$28="","",[2]Entry!$M$28) | O25: =IF([2]Entry!$N$28="","",[2]Entry!$N$28) | P25: =IF([2]Entry!$S$28="","",[2]Entry!$S$28)
A26: =IF([1]Cheques!$A$27="","",[1]Cheques!$A$27) | E26: =IF([1]Accounts!$D$27="","",[1]Accounts!$A$27) | F26: =IF([1]Accounts!$D$27="","",[1]Accounts!$B$27) | G26: =IF([1]Accounts!$D$27="","",[1]Accounts!$C$27) | H26: =IF([1]Accounts!$D$27="","",[1]Accounts!$D$27) | L26: =IF([2]Entry!$C$29="","",[2]Entry!$C$29) | M26: =IF([2]Entry!$J$29="","",[2]Entry!$J$29) | N26: =IF([2]Entry!$M$29="","",[2]Entry!$M$29) | O26: =IF([2]Entry!$N$29="","",[2]Entry!$N$29) | P26: =IF([2]Entry!$S$29="","",[2]Entry!$S$29)
A27: =IF([1]Cheques!$A$28="","",[1]Cheques!$A$28) | E27: =IF([1]Accounts!$D$28="","",[1]Accounts!$A$28) | F27: =IF([1]Accounts!$D$28="","",[1]Accounts!$B$28) | G27: =IF([1]Accounts!$D$28="","",[1]Accounts!$C$28) | H27: =IF([1]Accounts!$D$28="","",[1]Accounts!$D$28) | L27: =IF([2]Entry!$C$30="","",[2]Entry!$C$30) | M27: =IF([2]Entry!$J$30="","",[2]Entry!$J$30) | N27: =IF([2]Entry!$M$30="","",[2]Entry!$M$30) | O27: =IF([2]Entry!$N$30="","",[2]Entry!$N$30) | P27: =IF([2]Entry!$S$30="","",[2]Entry!$S$30)
A28: =IF([1]Cheques!$A$29="","",[1]Cheques!$A$29) | E28: =IF([1]Accounts!$D$29="","",[1]Accounts!$A$29) | F28: =IF([1]Accounts!$D$29="","",[1]Accounts!$B$29) | G28: =IF([1]Accounts!$D$29="","",[1]Accounts!$C$29) | H28: =IF([1]Accounts!$D$29="","",[1]Accounts!$D$29) | L28: =IF([2]Entry!$C$31="","",[2]Entry!$C$31) | M28: =IF([2]Entry!$J$31="","",[2]Entry!$J$31) | N28: =IF([2]Entry!$M$31="","",[2]Entry!$M$31) | O28: =IF([2]Entry!$N$31="","",[2]Entry!$N$31) | P28: =IF([2]Entry!$S$31="","",[2]Entry!$S$31)
A29: =IF([1]Cheques!$A$30="","",[1]Cheques!$A$30) | E29: =IF([1]Accounts!$D$30="","",[1]Accounts!$A$30) | F29: =IF([1]Accounts!$D$30="","",[1]Accounts!$B$30) | G29: =IF([1]Accounts!$D$30="","",[1]Accounts!$C$30) | H29: =IF([1]Accounts!$D$30="","",[1]Accounts!$D$30) | L29: =IF([2]Entry!$C$32="","",[2]Entry!$C$32) | M29: =IF([2]Entry!$J$32="","",[2]Entry!$J$32) | N29: =IF([2]Entry!$M$32="","",[2]Entry!$M$32) | O29: =IF([2]Entry!$N$32="","",[2]Entry!$N$32) | P29: =IF([2]Entry!$S$32="","",[2]Entry!$S$32)
A30: =IF([1]Cheques!$A$31="","",[1]Cheques!$A$31) | E30: =IF([1]Accounts!$D$31="","",[1]Accounts!$A$31) | F30: =IF([1]Accounts!$D$31="","",[1]Accounts!$B$31) | G30: =IF([1]Accounts!$D$31="","",[1]Accounts!$C$31) | H30: =IF([1]Accounts!$D$31="","",[1]Accounts!$D$31) | L30: =IF([2]Entry!$C$33="","",[2]Entry!$C$33) | M30: =IF([2]Entry!$J$33="","",[2]Entry!$J$33) | N30: =IF([2]Entry!$M$33="","",[2]Entry!$M$33) | O30: =IF([2]Entry!$N$33="","",[2]Entry!$N$33) | P30: =IF([2]Entry!$S$33="","",[2]Entry!$S$33)
A31: =IF([1]Cheques!$A$32="","",[1]Cheques!$A$32) | E31: =IF([1]Accounts!$D$32="","",[1]Accounts!$A$32) | F31: =IF([1]Accounts!$D$32="","",[1]Accounts!$B$32) | G31: =IF([1]Accounts!$D$32="","",[1]Accounts!$C$32) | H31: =IF([1]Accounts!$D$32="","",[1]Accounts!$D$32) | L31: =IF([2]Entry!$C$34="","",[2]Entry!$C$34) | M31: =IF([2]Entry!$J$34="","",[2]Entry!$J$34) | N31: =IF([2]Entry!$M$34="","",[2]Entry!$M$34) | O31: =IF([2]Entry!$N$34="","",[2]Entry!$N$34) | P31: =IF([2]Entry!$S$34="","",[2]Entry!$S$34)
A32: =IF([1]Cheques!$A$33="","",[1]Cheques!$A$33) | E32: =IF([1]Accounts!$D$33="","",[1]Accounts!$A$33) | F32: =IF([1]Accounts!$D$33="","",[1]Accounts!$B$33) | G32: =IF([1]Accounts!$D$33="","",[1]Accounts!$C$33) | H32: =IF([1]Accounts!$D$33="","",[1]Accounts!$D$33) | L32: =IF([2]Entry!$C$35="","",[2]Entry!$C$35) | M32: =IF([2]Entry!$J$35="","",[2]Entry!$J$35) | N32: =IF([2]Entry!$M$35="","",[2]Entry!$M$35) | O32: =IF([2]Entry!$N$35="","",[2]Entry!$N$35) | P32: =IF([2]Entry!$S$35="","",[2]Entry!$S$35)
A33: =IF([1]Cheques!$A$34="","",[1]Cheques!$A$34) | E33: =IF([1]Accounts!$D$34="","",[1]Accounts!$A$34) | F33: =IF([1]Accounts!$D$34="","",[1]Accounts!$B$34) | G33: =IF([1]Accounts!$D$34="","",[1]Accounts!$C$34) | H33: =IF([1]Accounts!$D$34="","",[1]Accounts!$D$34) | L33: =IF([2]Entry!$C$36="","",[2]Entry!$C$36) | M33: =IF([2]Entry!$J$36="","",[2]Entry!$J$36) | N33: =IF([2]Entry!$M$36="","",[2]Entry!$M$36) | O33: =IF([2]Entry!$N$36="","",[2]Entry!$N$36) | P33: =IF([2]Entry!$S$36="","",[2]Entry!$S$36)
A34: =IF([1]Cheques!$A$35="","",[1]Cheques!$A$35) | E34: =IF([1]Accounts!$D$35="","",[1]Accounts!$A$35) | F34: =IF([1]Accounts!$D$35="","",[1]Accounts!$B$35) | G34: =IF([1]Accounts!$D$35="","",[1]Accounts!$C$35) | H34: =IF([1]Accounts!$D$35="","",[1]Accounts!$D$35) | L34: =IF([2]Entry!$C$37="","",[2]Entry!$C$37) | M34: =IF([2]Entry!$J$37="","",[2]Entry!$J$37) | N34: =IF([2]Entry!$M$37="","",[2]Entry!$M$37) | O34: =IF([2]Entry!$N$37="","",[2]Entry!$N$37) | P34: =IF([2]Entry!$S$37="","",[2]Entry!$S$37)
A35: =IF([1]Cheques!$A$36="","",[1]Cheques!$A$36) | E35: =IF([1]Accounts!$D$36="","",[1]Accounts!$A$36) | F35: =IF([1]Accounts!$D$36="","",[1]Accounts!$B$36) | G35: =IF([1]Accounts!$D$36="","",[1]Accounts!$C$36) | H35: =IF([1]Accounts!$D$36="","",[1]Accounts!$D$36) | L35: =IF([2]Entry!$C$38="","",[2]Entry!$C$38) | M35: =IF([2]Entry!$J$38="","",[2]Entry!$J$38) | N35: =IF([2]Entry!$M$38="","",[2]Entry!$M$38) | O35: =IF([2]Entry!$N$38="","",[2]Entry!$N$38) | P35: =IF([2]Entry!$S$38="","",[2]Entry!$S$38)
A36: =IF([1]Cheques!$A$37="","",[1]Cheques!$A$37) | E36: =IF([1]Accounts!$D$37="","",[1]Accounts!$A$37) | F36: =IF([1]Accounts!$D$37="","",[1]Accounts!$B$37) | G36: =IF([1]Accounts!$D$37="","",[1]Accounts!$C$37) | H36: =IF([1]Accounts!$D$37="","",[1]Accounts!$D$37) | L36: =IF([2]Entry!$C$39="","",[2]Entry!$C$39) | M36: =IF([2]Entry!$J$39="","",[2]Entry!$J$39) | N36: =IF([2]Entry!$M$39="","",[2]Entry!$M$39) | O36: =IF([2]Entry!$N$39="","",[2]Entry!$N$39) | P36: =IF([2]Entry!$S$39="","",[2]Entry!$S$39)
A37: =IF([1]Cheques!$A$38="","",[1]Cheques!$A$38) | E37: =IF([1]Accounts!$D$38="","",[1]Accounts!$A$38) | F37: =IF([1]Accounts!$D$38="","",[1]Accounts!$B$38) | G37: =IF([1]Accounts!$D$38="","",[1]Accounts!$C$38) | H37: =IF([1]Accounts!$D$38="","",[1]Accounts!$D$38) | L37: =IF([2]Entry!$C$40="","",[2]Entry!$C$40) | M37: =IF([2]Entry!$J$40="","",[2]Entry!$J$40) | N37: =IF([2]Entry!$M$40="","",[2]Entry!$M$40) | O37: =IF([2]Entry!$N$40="","",[2]Entry!$N$40) | P37: =IF([2]Entry!$S$40="","",[2]Entry!$S$40)
A38: =IF([1]Cheques!$A$39="","",[1]Cheques!$A$39) | E38: =IF([1]Accounts!$D$39="","",[1]Accounts!$A$39) | F38: =IF([1]Accounts!$D$39="","",[1]Accounts!$B$39) | G38: =IF([1]Accounts!$D$39="","",[1]Accounts!$C$39) | H38: =IF([1]Accounts!$D$39="","",[1]Accounts!$D$39) | L38: =IF([2]Entry!$C$41="","",[2]Entry!$C$41) | M38: =IF([2]Entry!$J$41="","",[2]Entry!$J$41) | N38: =IF([2]Entry!$M$41="","",[2]Entry!$M$41) | O38: =IF([2]Entry!$N$41="","",[2]Entry!$N$41) | P38: =IF([2]Entry!$S$41="","",[2]Entry!$S$41)
A39: =IF([1]Cheques!$A$40="","",[1]Cheques!$A$40) | E39: =IF([1]Accounts!$D$40="","",[1]Accounts!$A$40) | F39: =IF([1]Accounts!$D$40="","",[1]Accounts!$B$40) | G39: =IF([1]Accounts!$D$40="","",[1]Accounts!$C$40) | H39: =IF([1]Accounts!$D$40="","",[1]Accounts!$D$40) | L39: =IF([2]Entry!$C$42="","",[2]Entry!$C$42) | M39: =IF([2]Entry!$J$42="","",[2]Entry!$J$42) | N39: =IF([2]Entry!$M$42="","",[2]Entry!$M$42) | O39: =IF([2]Entry!$N$42="","",[2]Entry!$N$42) | P39: =IF([2]Entry!$S$42="","",[2]Entry!$S$42)
A40: =IF([1]Cheques!$A$41="","",[1]Cheques!$A$41) | E40: =IF([1]Accounts!$D$41="","",[1]Accounts!$A$41) | F40: =IF([1]Accounts!$D$41="","",[1]Accounts!$B$41) | G40: =IF([1]Accounts!$D$41="","",[1]Accounts!$C$41) | H40: =IF([1]Accounts!$D$41="","",[1]Accounts!$D$41) | L40: =IF([2]Entry!$C$43="","",[2]Entry!$C$43) | M40: =IF([2]Entry!$J$43="","",[2]Entry!$J$43) | N40: =IF([2]Entry!$M$43="","",[2]Entry!$M$43) | O40: =IF([2]Entry!$N$43="","",[2]Entry!$N$43) | P40: =IF([2]Entry!$S$43="","",[2]Entry!$S$43)
A41: =IF([1]Cheques!$A$42="","",[1]Cheques!$A$42) | E41: =IF([1]Accounts!$D$42="","",[1]Accounts!$A$42) | F41: =IF([1]Accounts!$D$42="","",[1]Accounts!$B$42) | G41: =IF([1]Accounts!$D$42="","",[1]Accounts!$C$42) | H41: =IF([1]Accounts!$D$42="","",[1]Accounts!$D$42) | L41: =IF([2]Entry!$C$44="","",[2]Entry!$C$44) | M41: =IF([2]Entry!$J$44="","",[2]Entry!$J$44) | N41: =IF([2]Entry!$M$44="","",[2]Entry!$M$44) | O41: =IF([2]Entry!$N$44="","",[2]Entry!$N$44) | P41: =IF([2]Entry!$S$44="","",[2]Entry!$S$44)
A42: =IF([1]Cheques!$A$43="","",[1]Cheques!$A$43) | E42: =IF([1]Accounts!$D$43="","",[1]Accounts!$A$43) | F42: =IF([1]Accounts!$D$43="","",[1]Accounts!$B$43) | G42: =IF([1]Accounts!$D$43="","",[1]Accounts!$C$43) | H42: =IF([1]Accounts!$D$43="","",[1]Accounts!$D$43) | L42: =IF([2]Entry!$C$45="","",[2]Entry!$C$45) | M42: =IF([2]Entry!$J$45="","",[2]Entry!$J$45) | N42: =IF([2]Entry!$M$45="","",[2]Entry!$M$45) | O42: =IF([2]Entry!$N$45="","",[2]Entry!$N$45) | P42: =IF([2]Entry!$S$45="","",[2]Entry!$S$45)
A43: =IF([1]Cheques!$A$44="","",[1]Cheques!$A$44) | E43: =IF([1]Accounts!$D$44="","",[1]Accounts!$A$44) | F43: =IF([1]Accounts!$D$44="","",[1]Accounts!$B$44) | G43: =IF([1]Accounts!$D$44="","",[1]Accounts!$C$44) | H43: =IF([1]Accounts!$D$44="","",[1]Accounts!$D$44) | L43: =IF([2]Entry!$C$46="","",[2]Entry!$C$46) | M43: =IF([2]Entry!$J$46="","",[2]Entry!$J$46) | N43: =IF([2]Entry!$M$46="","",[2]Entry!$M$46) | O43: =IF([2]Entry!$N$46="","",[2]Entry!$N$46) | P43: =IF([2]Entry!$S$46="","",[2]Entry!$S$46)
A44: =IF([1]Cheques!$A$45="","",[1]Cheques!$A$45) | E44: =IF([1]Accounts!$D$45="","",[1]Accounts!$A$45) | F44: =IF([1]Accounts!$D$45="","",[1]Accounts!$B$45) | G44: =IF([1]Accounts!$D$45="","",[1]Accounts!$C$45) | H44: =IF([1]Accounts!$D$45="","",[1]Accounts!$D$45) | L44: =IF([2]Entry!$C$47="","",[2]Entry!$C$47) | M44: =IF([2]Entry!$J$47="","",[2]Entry!$J$47) | N44: =IF([2]Entry!$M$47="","",[2]Entry!$M$47) | O44: =IF([2]Entry!$N$47="","",[2]Entry!$N$47) | P44: =IF([2]Entry!$S$47="","",[2]Entry!$S$47)
A45: =IF([1]Cheques!$A$46="","",[1]Cheques!$A$46) | E45: =IF([1]Accounts!$D$46="","",[1]Accounts!$A$46) | F45: =IF([1]Accounts!$D$46="","",[1]Accounts!$B$46) | G45: =IF([1]Accounts!$D$46="","",[1]Accounts!$C$46) | H45: =IF([1]Accounts!$D$46="","",[1]Accounts!$D$46) | L45: =IF([2]Entry!$C$48="","",[2]Entry!$C$48) | M45: =IF([2]Entry!$J$48="","",[2]Entry!$J$48) | N45: =IF([2]Entry!$M$48="","",[2]Entry!$M$48) | O45: =IF([2]Entry!$N$48="","",[2]Entry!$N$48) | P45: =IF([2]Entry!$S$48="","",[2]Entry!$S$48)
A46: =IF([1]Cheques!$A$47="","",[1]Cheques!$A$47) | E46: =IF([1]Accounts!$D$47="","",[1]Accounts!$A$47) | F46: =IF([1]Accounts!$D$47="","",[1]Accounts!$B$47) | G46: =IF([1]Accounts!$D$47="","",[1]Accounts!$C$47) | H46: =IF([1]Accounts!$D$47="","",[1]Accounts!$D$47) | L46: =IF([2]Entry!$C$49="","",[2]Entry!$C$49) | M46: =IF([2]Entry!$J$49="","",[2]Entry!$J$49) | N46: =IF([2]Entry!$M$49="","",[2]Entry!$M$49) | O46: =IF([2]Entry!$N$49="","",[2]Entry!$N$49) | P46: =IF([2]Entry!$S$49="","",[2]Entry!$S$49)
A47: =IF([1]Cheques!$A$48="","",[1]Cheques!$A$48) | E47: =IF([1]Accounts!$D$48="","",[1]Accounts!$A$48) | F47: =IF([1]Accounts!$D$48="","",[1]Accounts!$B$48) | G47: =IF([1]Accounts!$D$48="","",[1]Accounts!$C$48) | H47: =IF([1]Accounts!$D$48="","",[1]Accounts!$D$48) | L47: =IF([2]Entry!$C$50="","",[2]Entry!$C$50) | M47: =IF([2]Entry!$J$50="","",[2]Entry!$J$50) | N47: =IF([2]Entry!$M$50="","",[2]Entry!$M$50) | O47: =IF([2]Entry!$N$50="","",[2]Entry!$N$50) | P47: =IF([2]Entry!$S$50="","",[2]Entry!$S$50)
A48: =IF([1]Cheques!$A$49="","",[1]Cheques!$A$49) | E48: =IF([1]Accounts!$D$49="","",[1]Accounts!$A$49) | F48: =IF([1]Accounts!$D$49="","",[1]Accounts!$B$49) | G48: =IF([1]Accounts!$D$49="","",[1]Accounts!$C$49) | H48: =IF([1]Accounts!$D$49="","",[1]Accounts!$D$49) | L48: =IF([2]Entry!$C$51="","",[2]Entry!$C$51) | M48: =IF([2]Entry!$J$51="","",[2]Entry!$J$51) | N48: =IF([2]Entry!$M$51="","",[2]Entry!$M$51) | O48: =IF([2]Entry!$N$51="","",[2]Entry!$N$51) | P48: =IF([2]Entry!$S$51="","",[2]Entry!$S$51)
A49: =IF([1]Cheques!$A$50="","",[1]Cheques!$A$50) | E49: =IF([1]Accounts!$D$50="","",[1]Accounts!$A$50) | F49: =IF([1]Accounts!$D$50="","",[1]Accounts!$B$50) | G49: =IF([1]Accounts!$D$50="","",[1]Accounts!$C$50) | H49: =IF([1]Accounts!$D$50="","",[1]Accounts!$D$50) | L49: =IF([2]Entry!$C$52="","",[2]Entry!$C$52) | M49: =IF([2]Entry!$J$52="","",[2]Entry!$J$52) | N49: =IF([2]Entry!$M$52="","",[2]Entry!$M$52) | O49: =IF([2]Entry!$N$52="","",[2]Entry!$N$52) | P49: =IF([2]Entry!$S$52="","",[2]Entry!$S$52)
A50: =IF([1]Cheques!$A$51="","",[1]Cheques!$A$51) | E50: =IF([1]Accounts!$D$51="","",[1]Accounts!$A$51) | F50: =IF([1]Accounts!$D$51="","",[1]Accounts!$B$51) | G50: =IF([1]Accounts!$D$51="","",[1]Accounts!$C$51) | H50: =IF([1]Accounts!$D$51="","",[1]Accounts!$D$51) | L50: =IF([2]Entry!$C$53="","",[2]Entry!$C$53) | M50: =IF([2]Entry!$J$53="","",[2]Entry!$J$53) | N50: =IF([2]Entry!$M$53="","",[2]Entry!$M$53) | O50: =IF([2]Entry!$N$53="","",[2]Entry!$N$53) | P50: =IF([2]Entry!$S$53="","",[2]Entry!$S$53)
A51: =IF([1]Cheques!$A$52="","",[1]Cheques!$A$52) | E51: =IF([1]Accounts!$D$52="","",[1]Accounts!$A$52) | F51: =IF([1]Accounts!$D$52="","",[1]Accounts!$B$52) | G51: =IF([1]Accounts!$D$52="","",[1]Accounts!$C$52) | H51: =IF([1]Accounts!$D$52="","",[1]Accounts!$D$52) | L51: =IF([2]Entry!$C$54="","",[2]Entry!$C$54) | M51: =IF([2]Entry!$J$54="","",[2]Entry!$J$54) | N51: =IF([2]Entry!$M$54="","",[2]Entry!$M$54) | O51: =IF([2]Entry!$N$54="","",[2]Entry!$N$54) | P51: =IF([2]Entry!$S$54="","",[2]Entry!$S$54)
