Workbook
Name AcctTbl: Sync!$A$6:$F$565
Name AcctCodes: Sync!$A$6:$A$565
Name OpTbl: Sync!$I$6:$K$25
Name ParamTbl: Sync!$O$6:$Q$17
Name PkAcctAll: Sync!$AS$6:$AS$565
Name NAcctAll: Sync!$AR$565
Name CalcNormDate: Calc!$E$9:$E$2008
Name CalcYM: Calc!$F$9:$F$2008
Name CalcParty: Calc!$G$9:$G$2008
Name CalcOp: Calc!$H$9:$H$2008
Name CalcGroup: Calc!$I$9:$I$2008
Name CalcSub: Calc!$J$9:$J$2008
Name CalcCitrus: Calc!$K$9:$K$2008
Name CalcScale: Calc!$L$9:$L$2008
Name CalcBaskets: Calc!$M$9:$M$2008
Name CalcNet: Calc!$N$9:$N$2008
Name CalcAmount: Calc!$O$9:$O$2008
Name PCNormDate: Calc!$E$9:$E$2008
Name PCOp: Calc!$H$9:$H$2008
Name PCCitrus: Calc!$K$9:$K$2008
Name PCScale: Calc!$L$9:$L$2008
Name PCBaskets: Calc!$M$9:$M$2008
Name PCNet: Calc!$N$9:$N$2008
Name PCAmount: Calc!$O$9:$O$2008
Name PCDoc: Calc!$P$9:$P$2008
Name PCNotes: Calc!$Q$9:$Q$2008
Name LdgPartyA: Ledger!$A$6:$A$2005
Name LdgKeyA: Ledger!$B$6:$B$2005
Name LdgRankKeyA: Ledger!$D$6:$D$2005
Name LdgPartyB: Ledger!$F$6:$F$2005
Name LdgKeyB: Ledger!$K$6:$K$2005
Name LdgRankKeyB: Ledger!$M$6:$M$2005
Name LdgDateB: Ledger!$J$6:$J$2005
Name TxnDepB: Sync!$AM$6:$AM$2005
Name TxnWitB: Sync!$AN$6:$AN$2005
Name LdgBankB: Sync!$AI$6:$AI$2005
Name LdgNoteB: Sync!$AO$6:$AO$2005

Sheet Report
A1: =IF(Sync!$N$6="","مازندشت",Sync!$N$6)&" — "&IF(Sync!$N$9="","سورتینگ و بسته‌بندی مرکبات",Sync!$N$9)
A2: =IF(Sync!$N$7="","باغدشت، بخش مرکزی، شهرستان قائم‌شهر، استان مازندران، ایران",Sync!$N$7)&" | MAZANDASHT · CITRUS SORTING & PACKING"
A3: ="گزارش خرید — "&IFERROR(IF(VLOOKUP($C$5,AcctTbl,4,0)="","(بدون عنوان)",VLOOKUP($C$5,AcctTbl,4,0)),"کد را وارد کنید")
A5: کد حساب (ورود دستی): | C5: S001 | E5: کد را از فایل INFO (شیت Accounts) وارد کنید — همه‌چیز این شیت خودکار به‌روز می‌شود. برای حساب دیگر، همین شیت را کپی و کد را عوض کنید.
A6: نام صاحب حساب: | C6: =IFERROR(IF(VLOOKUP($C$5,AcctTbl,4,0)="","(بدون عنوان)",VLOOKUP($C$5,AcctTbl,4,0)),"—")
A7: نوع حساب: | C7: =IFERROR(IF(VLOOKUP($C$5,AcctTbl,3,0)="",IF(VLOOKUP($C$5,AcctTbl,2,0)="","—",VLOOKUP($C$5,AcctTbl,2,0)),VLOOKUP($C$5,AcctTbl,3,0)),"—")
A8: گروه حسابداری: | C8: =IFERROR(IF(VLOOKUP($C$5,AcctTbl,5,0)="","—",VLOOKUP($C$5,AcctTbl,5,0)),"—")
A9: گروه حسابرسی: | C9: =IFERROR(IF(VLOOKUP($C$5,AcctTbl,6,0)="","—",VLOOKUP($C$5,AcctTbl,6,0)),"—")
A10: مانده اولیه بدهی (دستی): | C10: 0 | E10: اگر از قبل بدهی دارید (مثبت = بدهکار ما) اینجا بنویسید — در مانده‌ها اثر می‌گذارد.
A11: جمع وزن خالص خرید (kg) | C11: جمع وزن باسکول (kg) | E11: جمع مبلغ خرید (ریال) | G11: مانده نهایی بدهی | J11: وضعیت
A12: =SUM($H$17:$H$2016) | C12: =SUM($F$17:$F$2016) | E12: =SUM($I$17:$I$2016) | G12: =IFERROR(LOOKUP(9.99E+307,$K$17:$K$2016),$C$10) | J12: =IF($G$12>0,"● بدهکار — به او بدهکاریم",IF($G$12<0,"● بستانکار — به ما بدهکار است","= تسویه شده"))
A13: تعداد توزین خرید | C13: تعداد پرداخت/دریافت | E13: جمع پرداخت‌ها (ریال) | G13: جمع تعداد سبد | J13: آخرین تراکنش
A14: =COUNTIF($C$17:$C$2016,"خرید مرکبات")+COUNTIF($C$17:$C$2016,"مرجوعی خرید") | C14: =COUNTIF($C$17:$C$2016,"پرداخت بانکی")+COUNTIF($C$17:$C$2016,"دریافت بانکی") | E14: =SUM($J$17:$J$2016) | G14: =SUM($G$17:$G$2016) | J14: =IF(COUNT($K$17:$K$2016)=0,"—",INDEX($B$17:$B$2016,COUNT($K$17:$K$2016)))
A15: ردیف | B15: تاریخ | C15: نوع عملیات | D15: سند | E15: نوع مرکبات | F15: باسکول (kg) | G15: سبد | H15: خالص (kg) | I15: بدهکار (ریال) | J15: بستانکار (ریال) | K15: مانده (ریال) | L15: توضیحات
A16: No. | B16: Date | C16: Type | D16: Doc | E16: Citrus | F16: Scale | G16: Baskets | H16: Net | I16: Debit | J16: Credit | K16: Balance | L16: Notes
A17: 1 | B17: =IF(AND($N17="",$O17=""),"",IF($N17<>"",INDEX(PCNormDate,$N17),INDEX(LdgDateB,$O17))) | C17: =IF($N17<>"",INDEX(PCOp,$N17),IF($O17<>"",IF(N(INDEX(TxnDepB,$O17))>0,"دریافت بانکی","پرداخت بانکی"),"")) | D17: =IF($N17<>"",IF(INDEX(PCDoc,$N17)="","—",INDEX(PCDoc,$N17)),IF($O17<>"",INDEX(LdgBankB,$O17),"")) | E17: =IF($N17<>"",IF(INDEX(PCCitrus,$N17)="","—",INDEX(PCCitrus,$N17)),"") | F17: =IF($N17<>"",IF(INDEX(PCScale,$N17)=0,"",INDEX(PCScale,$N17)),"") | G17: =IF($N17<>"",IF(INDEX(PCBaskets,$N17)=0,"",INDEX(PCBaskets,$N17)),"") | H17: =IF($N17<>"",IF(INDEX(PCNet,$N17)=0,"",INDEX(PCNet,$N17)),"") | I17: =IF($N17<>"",IF(INDEX(PCOp,$N17)="مرجوعی خرید","",IF(INDEX(PCAmount,$N17)<=0,"",INDEX(PCAmount,$N17))),IF($O17<>"",IF(INDEX(TxnDepB,$O17)=0,"",INDEX(TxnDepB,$O17)),"")) | J17: =IF($N17<>"",IF(INDEX(PCOp,$N17)="مرجوعی خرید",IF(INDEX(PCAmount,$N17)=0,"",-INDEX(PCAmount,$N17)),""),IF($O17<>"",IF(INDEX(TxnWitB,$O17)=0,"",INDEX(TxnWitB,$O17)),"")) | K17: =IF($B17="","",$C$10+IF($I17="",0,$I17)-IF($J17="",0,$J17)) | L17: =IF($N17<>"",IF(INDEX(PCNotes,$N17)="","—",INDEX(PCNotes,$N17)),IF($O17<>"",IF(INDEX(LdgNoteB,$O17)="","—",INDEX(LdgNoteB,$O17)),"")) | N17: =IFERROR(MATCH($C$5&"|"&RIGHT("000000"&1,6),LdgRankKeyA,0),"") | O17: =IFERROR(MATCH($C$5&"|"&RIGHT("000000"&1,6),LdgRankKeyB,0),"")
A18: 2 | B18: =IF(AND($N18="",$O18=""),"",IF($N18<>"",INDEX(PCNormDate,$N18),INDEX(LdgDateB,$O18))) | C18: =IF($N18<>"",INDEX(PCOp,$N18),IF($O18<>"",IF(N(INDEX(TxnDepB,$O18))>0,"دریافت بانکی","پرداخت بانکی"),"")) | D18: =IF($N18<>"",IF(INDEX(PCDoc,$N18)="","—",INDEX(PCDoc,$N18)),IF($O18<>"",INDEX(LdgBankB,$O18),"")) | E18: =IF($N18<>"",IF(INDEX(PCCitrus,$N18)="","—",INDEX(PCCitrus,$N18)),"") | F18: =IF($N18<>"",IF(INDEX(PCScale,$N18)=0,"",INDEX(PCScale,$N18)),"") | G18: =IF($N18<>"",IF(INDEX(PCBaskets,$N18)=0,"",INDEX(PCBaskets,$N18)),"") | H18: =IF($N18<>"",IF(INDEX(PCNet,$N18)=0,"",INDEX(PCNet,$N18)),"") | I18: =IF($N18<>"",IF(INDEX(PCOp,$N18)="مرجوعی خرید","",IF(INDEX(PCAmount,$N18)<=0,"",INDEX(PCAmount,$N18))),IF($O18<>"",IF(INDEX(TxnDepB,$O18)=0,"",INDEX(TxnDepB,$O18)),"")) | J18: =IF($N18<>"",IF(INDEX(PCOp,$N18)="مرجوعی خرید",IF(INDEX(PCAmount,$N18)=0,"",-INDEX(PCAmount,$N18)),""),IF($O18<>"",IF(INDEX(TxnWitB,$O18)=0,"",INDEX(TxnWitB,$O18)),"")) | K18: =IF($B18="","",IF($K17="",$C$10,$K17)+IF($I18="",0,$I18)-IF($J18="",0,$J18)) | L18: =IF($N18<>"",IF(INDEX(PCNotes,$N18)="","—",INDEX(PCNotes,$N18)),IF($O18<>"",IF(INDEX(LdgNoteB,$O18)="","—",INDEX(LdgNoteB,$O18)),"")) | N18: =IFERROR(MATCH($C$5&"|"&RIGHT("000000"&2,6),LdgRankKeyA,0),"") | O18: =IFERROR(MATCH($C$5&"|"&RIGHT("000000"&2,6),LdgRankKeyB,0),"")
A19: 3 | B19: =IF(AND($N19="",$O19=""),"",IF($N19<>"",INDEX(PCNormDate,$N19),INDEX(LdgDateB,$O19))) | C19: =IF($N19<>"",INDEX(PCOp,$N19),IF($O19<>"",IF(N(INDEX(TxnDepB,$O19))>0,"دریافت بانکی","پرداخت بانکی"),"")) | D19: =IF($N19<>"",IF(INDEX(PCDoc,$N19)="","—",INDEX(PCDoc,$N19)),IF($O19<>"",INDEX(LdgBankB,$O19),"")) | E19: =IF($N19<>"",IF(INDEX(PCCitrus,$N19)="","—",INDEX(PCCitrus,$N19)),"") | F19: =IF($N19<>"",IF(INDEX(PCScale,$N19)=0,"",INDEX(PCScale,$N19)),"") | G19: =IF($N19<>"",IF(INDEX(PCBaskets,$N19)=0,"",INDEX(PCBaskets,$N19)),"") | H19: =IF($N19<>"",IF(INDEX(PCNet,$N19)=0,"",INDEX(PCNet,$N19)),"") | I19: =IF($N19<>"",IF(INDEX(PCOp,$N19)="مرجوعی خرید","",IF(INDEX(PCAmount,$N19)<=0,"",INDEX(PCAmount,$N19))),IF($O19<>"",IF(INDEX(TxnDepB,$O19)=0,"",INDEX(TxnDepB,$O19)),"")) | J19: =IF($N19<>"",IF(INDEX(PCOp,$N19)="مرجوعی خرید",IF(INDEX(PCAmount,$N19)=0,"",-INDEX(PCAmount,$N19)),""),IF($O19<>"",IF(INDEX(TxnWitB,$O19)=0,"",INDEX(TxnWitB,$O19)),"")) | K19: =IF($B19="","",IF($K18="",$C$10,$K18)+IF($I19="",0,$I19)-IF($J19="",0,$J19)) | L19: =IF($N19<>"",IF(INDEX(PCNotes,$N19)="","—",INDEX(PCNotes,$N19)),IF($O19<>"",IF(INDEX(LdgNoteB,$O19)="","—",INDEX(LdgNoteB,$O19)),"")) | N19: =IFERROR(MATCH($C$5&"|"&RIGHT("000000"&3,6),LdgRankKeyA,0),"") | O19: =IFERROR(MATCH($C$5&"|"&RIGHT("000000"&3,6),LdgRankKeyB,0),"")
A20: 4 | B20: =IF(AND($N20="",$O20=""),"",IF($N20<>"",INDEX(PCNormDate,$N20),INDEX(LdgDateB,$O20))) | C20: =IF($N20<>"",INDEX(PCOp,$N20),IF($O20<>"",IF(N(INDEX(TxnDepB,$O20))>0,"دریافت بانکی","پرداخت بانکی"),"")) | D20: =IF($N20<>"",IF(INDEX(PCDoc,$N20)="","—",INDEX(PCDoc,$N20)),IF($O20<>"",INDEX(LdgBankB,$O20),"")) | E20: =IF($N20<>"",IF(INDEX(PCCitrus,$N20)="","—",INDEX(PCCitrus,$N20)),"") | F20: =IF($N20<>"",IF(INDEX(PCScale,$N20)=0,"",INDEX(PCScale,$N20)),"") | G20: =IF($N20<>"",IF(INDEX(PCBaskets,$N20)=0,"",INDEX(PCBaskets,$N20)),"") | H20: =IF($N20<>"",IF(INDEX(PCNet,$N20)=0,"",INDEX(PCNet,$N20)),"") | I20: =IF($N20<>"",IF(INDEX(PCOp,$N20)="مرجوعی خرید","",IF(INDEX(PCAmount,$N20)<=0,"",INDEX(PCAmount,$N20))),IF($O20<>"",IF(INDEX(TxnDepB,$O20)=0,"",INDEX(TxnDepB,$O20)),"")) | J20: =IF($N20<>"",IF(INDEX(PCOp,$N20)="مرجوعی خرید",IF(INDEX(PCAmount,$N20)=0,"",-INDEX(PCAmount,$N20)),""),IF($O20<>"",IF(INDEX(TxnWitB,$O20)=0,"",INDEX(TxnWitB,$O20)),"")) | K20: =IF($B20="","",IF($K19="",$C$10,$K19)+IF($I20="",0,$I20)-IF($J20="",0,$J20)) | L20: =IF($N20<>"",IF(INDEX(PCNotes,$N20)="","—",INDEX(PCNotes,$N20)),IF($O20<>"",IF(INDEX(LdgNoteB,$O20)="","—",INDEX(LdgNoteB,$O20)),"")) | N20: =IFERROR(MATCH($C$5&"|"&RIGHT("000000"&4,6),LdgRankKeyA,0),"") | O20: =IFERROR(MATCH($C$5&"|"&RIGHT("000000"&4,6),LdgRankKeyB,0),"")
A21: 5 | B21: =IF(AND($N21="",$O21=""),"",IF($N21<>"",INDEX(PCNormDate,$N21),INDEX(LdgDateB,$O21))) | C21: =IF($N21<>"",INDEX(PCOp,$N21),IF($O21<>"",IF(N(INDEX(TxnDepB,$O21))>0,"دریافت بانکی","پرداخت بانکی"),"")) | D21: =IF($N21<>"",IF(INDEX(PCDoc,$N21)="","—",INDEX(PCDoc,$N21)),IF($O21<>"",INDEX(LdgBankB,$O21),"")) | E21: =IF($N21<>"",IF(INDEX(PCCitrus,$N21)="","—",INDEX(PCCitrus,$N21)),"") | F21: =IF($N21<>"",IF(INDEX(PCScale,$N21)=0,"",INDEX(PCScale,$N21)),"") | G21: =IF($N21<>"",IF(INDEX(PCBaskets,$N21)=0,"",INDEX(PCBaskets,$N21)),"") | H21: =IF($N21<>"",IF(INDEX(PCNet,$N21)=0,"",INDEX(PCNet,$N21)),"") | I21: =IF($N21<>"",IF(INDEX(PCOp,$N21)="مرجوعی خرید","",IF(INDEX(PCAmount,$N21)<=0,"",INDEX(PCAmount,$N21))),IF($O21<>"",IF(INDEX(TxnDepB,$O21)=0,"",INDEX(TxnDepB,$O21)),"")) | J21: =IF($N21<>"",IF(INDEX(PCOp,$N21)="مرجوعی خرید",IF(INDEX(PCAmount,$N21)=0,"",-INDEX(PCAmount,$N21)),""),IF($O21<>"",IF(INDEX(TxnWitB,$O21)=0,"",INDEX(TxnWitB,$O21)),"")) | K21: =IF($B21="","",IF($K20="",$C$10,$K20)+IF($I21="",0,$I21)-IF($J21="",0,$J21)) | L21: =IF($N21<>"",IF(INDEX(PCNotes,$N21)="","—",INDEX(PCNotes,$N21)),IF($O21<>"",IF(INDEX(LdgNoteB,$O21)="","—",INDEX(LdgNoteB,$O21)),"")) | N21: =IFERROR(MATCH($C$5&"|"&RIGHT("000000"&5,6),LdgRankKeyA,0),"") | O21: =IFERROR(MATCH($C$5&"|"&RIGHT("000000"&5,6),LdgRankKeyB,0),"")
A22: 6 | B22: =IF(AND($N22="",$O22=""),"",IF($N22<>"",INDEX(PCNormDate,$N22),INDEX(LdgDateB,$O22))) | C22: =IF($N22<>"",INDEX(PCOp,$N22),IF($O22<>"",IF(N(INDEX(TxnDepB,$O22))>0,"دریافت بانکی","پرداخت بانکی"),"")) | D22: =IF($N22<>"",IF(INDEX(PCDoc,$N22)="","—",INDEX(PCDoc,$N22)),IF($O22<>"",INDEX(LdgBankB,$O22),"")) | E22: =IF($N22<>"",IF(INDEX(PCCitrus,$N22)="","—",INDEX(PCCitrus,$N22)),"") | F22: =IF($N22<>"",IF(INDEX(PCScale,$N22)=0,"",INDEX(PCScale,$N22)),"") | G22: =IF($N22<>"",IF(INDEX(PCBaskets,$N22)=0,"",INDEX(PCBaskets,$N22)),"") | H22: =IF($N22<>"",IF(INDEX(PCNet,$N22)=0,"",INDEX(PCNet,$N22)),"") | I22: =IF($N22<>"",IF(INDEX(PCOp,$N22)="مرجوعی خرید","",IF(INDEX(PCAmount,$N22)<=0,"",INDEX(PCAmount,$N22))),IF($O22<>"",IF(INDEX(TxnDepB,$O22)=0,"",INDEX(TxnDepB,$O22)),"")) | J22: =IF($N22<>"",IF(INDEX(PCOp,$N22)="مرجوعی خرید",IF(INDEX(PCAmount,$N22)=0,"",-INDEX(PCAmount,$N22)),""),IF($O22<>"",IF(INDEX(TxnWitB,$O22)=0,"",INDEX(TxnWitB,$O22)),"")) | K22: =IF($B22="","",IF($K21="",$C$10,$K21)+IF($I22="",0,$I22)-IF($J22="",0,$J22)) | L22: =IF($N22<>"",IF(INDEX(PCNotes,$N22)="","—",INDEX(PCNotes,$N22)),IF($O22<>"",IF(INDEX(LdgNoteB,$O22)="","—",INDEX(LdgNoteB,$O22)),"")) | N22: =IFERROR(MATCH($C$5&"|"&RIGHT("000000"&6,6),LdgRankKeyA,0),"") | O22: =IFERROR(MATCH($C$5&"|"&RIGHT("000000"&6,6),LdgRankKeyB,0),"")
A23: 7 | B23: =IF(AND($N23="",$O23=""),"",IF($N23<>"",INDEX(PCNormDate,$N23),INDEX(LdgDateB,$O23))) | C23: =IF($N23<>"",INDEX(PCOp,$N23),IF($O23<>"",IF(N(INDEX(TxnDepB,$O23))>0,"دریافت بانکی","پرداخت بانکی"),"")) | D23: =IF($N23<>"",IF(INDEX(PCDoc,$N23)="","—",INDEX(PCDoc,$N23)),IF($O23<>"",INDEX(LdgBankB,$O23),"")) | E23: =IF($N23<>"",IF(INDEX(PCCitrus,$N23)="","—",INDEX(PCCitrus,$N23)),"") | F23: =IF($N23<>"",IF(INDEX(PCScale,$N23)=0,"",INDEX(PCScale,$N23)),"") | G23: =IF($N23<>"",IF(INDEX(PCBaskets,$N23)=0,"",INDEX(PCBaskets,$N23)),"") | H23: =IF($N23<>"",IF(INDEX(PCNet,$N23)=0,"",INDEX(PCNet,$N23)),"") | I23: =IF($N23<>"",IF(INDEX(PCOp,$N23)="مرجوعی خرید","",IF(INDEX(PCAmount,$N23)<=0,"",INDEX(PCAmount,$N23))),IF($O23<>"",IF(INDEX(TxnDepB,$O23)=0,"",INDEX(TxnDepB,$O23)),"")) | J23: =IF($N23<>"",IF(INDEX(PCOp,$N23)="مرجوعی خرید",IF(INDEX(PCAmount,$N23)=0,"",-INDEX(PCAmount,$N23)),""),IF($O23<>"",IF(INDEX(TxnWitB,$O23)=0,"",INDEX(TxnWitB,$O23)),"")) | K23: =IF($B23="","",IF($K22="",$C$10,$K22)+IF($I23="",0,$I23)-IF($J23="",0,$J23)) | L23: =IF($N23<>"",IF(INDEX(PCNotes,$N23)="","—",INDEX(PCNotes,$N23)),IF($O23<>"",IF(INDEX(LdgNoteB,$O23)="","—",INDEX(LdgNoteB,$O23)),"")) | N23: =IFERROR(MATCH($C$5&"|"&RIGHT("000000"&7,6),LdgRankKeyA,0),"") | O23: =IFERROR(MATCH($C$5&"|"&RIGHT("000000"&7,6),LdgRankKeyB,0),"")
A24: 8 | B24: =IF(AND($N24="",$O24=""),"",IF($N24<>"",INDEX(PCNormDate,$N24),INDEX(LdgDateB,$O24))) | C24: =IF($N24<>"",INDEX(PCOp,$N24),IF($O24<>"",IF(N(INDEX(TxnDepB,$O24))>0,"دریافت بانکی","پرداخت بانکی"),"")) | D24: =IF($N24<>"",IF(INDEX(PCDoc,$N24)="","—",INDEX(PCDoc,$N24)),IF($O24<>"",INDEX(LdgBankB,$O24),"")) | E24: =IF($N24<>"",IF(INDEX(PCCitrus,$N24)="","—",INDEX(PCCitrus,$N24)),"") | F24: =IF($N24<>"",IF(INDEX(PCScale,$N24)=0,"",INDEX(PCScale,$N24)),"") | G24: =IF($N24<>"",IF(INDEX(PCBaskets,$N24)=0,"",INDEX(PCBaskets,$N24)),"") | H24: =IF($N24<>"",IF(INDEX(PCNet,$N24)=0,"",INDEX(PCNet,$N24)),"") | I24: =IF($N24<>"",IF(INDEX(PCOp,$N24)="مرجوعی خرید","",IF(INDEX(PCAmount,$N24)<=0,"",INDEX(PCAmount,$N24))),IF($O24<>"",IF(INDEX(TxnDepB,$O24)=0,"",INDEX(TxnDepB,$O24)),"")) | J24: =IF($N24<>"",IF(INDEX(PCOp,$N24)="مرجوعی خرید",IF(INDEX(PCAmount,$N24)=0,"",-INDEX(PCAmount,$N24)),""),IF($O24<>"",IF(INDEX(TxnWitB,$O24)=0,"",INDEX(TxnWitB,$O24)),"")) | K24: =IF($B24="","",IF($K23="",$C$10,$K23)+IF($I24="",0,$I24)-IF($J24="",0,$J24)) | L24: =IF($N24<>"",IF(INDEX(PCNotes,$N24)="","—",INDEX(PCNotes,$N24)),IF($O24<>"",IF(INDEX(LdgNoteB,$O24)="","—",INDEX(LdgNoteB,$O24)),"")) | N24: =IFERROR(MATCH($C$5&"|"&RIGHT("000000"&8,6),LdgRankKeyA,0),"") | O24: =IFERROR(MATCH($C$5&"|"&RIGHT("000000"&8,6),LdgRankKeyB,0),"")
A25: 9 | B25: =IF(AND($N25="",$O25=""),"",IF($N25<>"",INDEX(PCNormDate,$N25),INDEX(LdgDateB,$O25))) | C25: =IF($N25<>"",INDEX(PCOp,$N25),IF($O25<>"",IF(N(INDEX(TxnDepB,$O25))>0,"دریافت بانکی","پرداخت بانکی"),"")) | D25: =IF($N25<>"",IF(INDEX(PCDoc,$N25)="","—",INDEX(PCDoc,$N25)),IF($O25<>"",INDEX(LdgBankB,$O25),"")) | E25: =IF($N25<>"",IF(INDEX(PCCitrus,$N25)="","—",INDEX(PCCitrus,$N25)),"") | F25: =IF($N25<>"",IF(INDEX(PCScale,$N25)=0,"",INDEX(PCScale,$N25)),"") | G25: =IF($N25<>"",IF(INDEX(PCBaskets,$N25)=0,"",INDEX(PCBaskets,$N25)),"") | H25: =IF($N25<>"",IF(INDEX(PCNet,$N25)=0,"",INDEX(PCNet,$N25)),"") | I25: =IF($N25<>"",IF(INDEX(PCOp,$N25)="مرجوعی خرید","",IF(INDEX(PCAmount,$N25)<=0,"",INDEX(PCAmount,$N25))),IF($O25<>"",IF(INDEX(TxnDepB,$O25)=0,"",INDEX(TxnDepB,$O25)),"")) | J25: =IF($N25<>"",IF(INDEX(PCOp,$N25)="مرجوعی خرید",IF(INDEX(PCAmount,$N25)=0,"",-INDEX(PCAmount,$N25)),""),IF($O25<>"",IF(INDEX(TxnWitB,$O25)=0,"",INDEX(TxnWitB,$O25)),"")) | K25: =IF($B25="","",IF($K24="",$C$10,$K24)+IF($I25="",0,$I25)-IF($J25="",0,$J25)) | L25: =IF($N25<>"",IF(INDEX(PCNotes,$N25)="","—",INDEX(PCNotes,$N25)),IF($O25<>"",IF(INDEX(LdgNoteB,$O25)="","—",INDEX(LdgNoteB,$O25)),"")) | N25: =IFERROR(MATCH($C$5&"|"&RIGHT("000000"&9,6),LdgRankKeyA,0),"") | O25: =IFERROR(MATCH($C$5&"|"&RIGHT("000000"&9,6),LdgRankKeyB,0),"")
A26: 10 | B26: =IF(AND($N26="",$O26=""),"",IF($N26<>"",INDEX(PCNormDate,$N26),INDEX(LdgDateB,$O26))) | C26: =IF($N26<>"",INDEX(PCOp,$N26),IF($O26<>"",IF(N(INDEX(TxnDepB,$O26))>0,"دریافت بانکی","پرداخت بانکی"),"")) | D26: =IF($N26<>"",IF(INDEX(PCDoc,$N26)="","—",INDEX(PCDoc,$N26)),IF($O26<>"",INDEX(LdgBankB,$O26),"")) | E26: =IF($N26<>"",IF(INDEX(PCCitrus,$N26)="","—",INDEX(PCCitrus,$N26)),"") | F26: =IF($N26<>"",IF(INDEX(PCScale,$N26)=0,"",INDEX(PCScale,$N26)),"") | G26: =IF($N26<>"",IF(INDEX(PCBaskets,$N26)=0,"",INDEX(PCBaskets,$N26)),"") | H26: =IF($N26<>"",IF(INDEX(PCNet,$N26)=0,"",INDEX(PCNet,$N26)),"") | I26: =IF($N26<>"",IF(INDEX(PCOp,$N26)="مرجوعی خرید","",IF(INDEX(PCAmount,$N26)<=0,"",INDEX(PCAmount,$N26))),IF($O26<>"",IF(INDEX(TxnDepB,$O26)=0,"",INDEX(TxnDepB,$O26)),"")) | J26: =IF($N26<>"",IF(INDEX(PCOp,$N26)="مرجوعی خرید",IF(INDEX(PCAmount,$N26)=0,"",-INDEX(PCAmount,$N26)),""),IF($O26<>"",IF(INDEX(TxnWitB,$O26)=0,"",INDEX(TxnWitB,$O26)),"")) | K26: =IF($B26="","",IF($K25="",$C$10,$K25)+IF($I26="",0,$I26)-IF($J26="",0,$J26)) | L26: =IF($N26<>"",IF(INDEX(PCNotes,$N26)="","—",INDEX(PCNotes,$N26)),IF($O26<>"",IF(INDEX(LdgNoteB,$O26)="","—",INDEX(LdgNoteB,$O26)),"")) | N26: =IFERROR(MATCH($C$5&"|"&RIGHT("000000"&10,6),LdgRankKeyA,0),"") | O26: =IFERROR(MATCH($C$5&"|"&RIGHT("000000"&10,6),LdgRankKeyB,0),"")
A27: 11 | B27: =IF(AND($N27="",$O27=""),"",IF($N27<>"",INDEX(PCNormDate,$N27),INDEX(LdgDateB,$O27))) | C27: =IF($N27<>"",INDEX(PCOp,$N27),IF($O27<>"",IF(N(INDEX(TxnDepB,$O27))>0,"دریافت بانکی","پرداخت بانکی"),"")) | D27: =IF($N27<>"",IF(INDEX(PCDoc,$N27)="","—",INDEX(PCDoc,$N27)),IF($O27<>"",INDEX(LdgBankB,$O27),"")) | E27: =IF($N27<>"",IF(INDEX(PCCitrus,$N27)="","—",INDEX(PCCitrus,$N27)),"") | F27: =IF($N27<>"",IF(INDEX(PCScale,$N27)=0,"",INDEX(PCScale,$N27)),"") | G27: =IF($N27<>"",IF(INDEX(PCBaskets,$N27)=0,"",INDEX(PCBaskets,$N27)),"") | H27: =IF($N27<>"",IF(INDEX(PCNet,$N27)=0,"",INDEX(PCNet,$N27)),"") | I27: =IF($N27<>"",IF(INDEX(PCOp,$N27)="مرجوعی خرید","",IF(INDEX(PCAmount,$N27)<=0,"",INDEX(PCAmount,$N27))),IF($O27<>"",IF(INDEX(TxnDepB,$O27)=0,"",INDEX(TxnDepB,$O27)),"")) | J27: =IF($N27<>"",IF(INDEX(PCOp,$N27)="مرجوعی خرید",IF(INDEX(PCAmount,$N27)=0,"",-INDEX(PCAmount,$N27)),""),IF($O27<>"",IF(INDEX(TxnWitB,$O27)=0,"",INDEX(TxnWitB,$O27)),"")) | K27: =IF($B27="","",IF($K26="",$C$10,$K26)+IF($I27="",0,$I27)-IF($J27="",0,$J27)) | L27: =IF($N27<>"",IF(INDEX(PCNotes,$N27)="","—",INDEX(PCNotes,$N27)),IF($O27<>"",IF(INDEX(LdgNoteB,$O27)="","—",INDEX(LdgNoteB,$O27)),"")) | N27: =IFERROR(MATCH($C$5&"|"&RIGHT("000000"&11,6),LdgRankKeyA,0),"") | O27: =IFERROR(MATCH($C$5&"|"&RIGHT("000000"&11,6),LdgRankKeyB,0),"")
A28: 12 | B28: =IF(AND($N28="",$O28=""),"",IF($N28<>"",INDEX(PCNormDate,$N28),INDEX(LdgDateB,$O28))) | C28: =IF($N28<>"",INDEX(PCOp,$N28),IF($O28<>"",IF(N(INDEX(TxnDepB,$O28))>0,"دریافت بانکی","پرداخت بانکی"),"")) | D28: =IF($N28<>"",IF(INDEX(PCDoc,$N28)="","—",INDEX(PCDoc,$N28)),IF($O28<>"",INDEX(LdgBankB,$O28),"")) | E28: =IF($N28<>"",IF(INDEX(PCCitrus,$N28)="","—",INDEX(PCCitrus,$N28)),"") | F28: =IF($N28<>"",IF(INDEX(PCScale,$N28)=0,"",INDEX(PCScale,$N28)),"") | G28: =IF($N28<>"",IF(INDEX(PCBaskets,$N28)=0,"",INDEX(PCBaskets,$N28)),"") | H28: =IF($N28<>"",IF(INDEX(PCNet,$N28)=0,"",INDEX(PCNet,$N28)),"") | I28: =IF($N28<>"",IF(INDEX(PCOp,$N28)="مرجوعی خرید","",IF(INDEX(PCAmount,$N28)<=0,"",INDEX(PCAmount,$N28))),IF($O28<>"",IF(INDEX(TxnDepB,$O28)=0,"",INDEX(TxnDepB,$O28)),"")) | J28: =IF($N28<>"",IF(INDEX(PCOp,$N28)="مرجوعی خرید",IF(INDEX(PCAmount,$N28)=0,"",-INDEX(PCAmount,$N28)),""),IF($O28<>"",IF(INDEX(TxnWitB,$O28)=0,"",INDEX(TxnWitB,$O28)),"")) | K28: =IF($B28="","",IF($K27="",$C$10,$K27)+IF($I28="",0,$I28)-IF($J28="",0,$J28)) | L28: =IF($N28<>"",IF(INDEX(PCNotes,$N28)="","—",INDEX(PCNotes,$N28)),IF($O28<>"",IF(INDEX(LdgNoteB,$O28)="","—",INDEX(LdgNoteB,$O28)),"")) | N28: =IFERROR(MATCH($C$5&"|"&RIGHT("000000"&12,6),LdgRankKeyA,0),"") | O28: =IFERROR(MATCH($C$5&"|"&RIGHT("000000"&12,6),LdgRankKeyB,0),"")
A29: 13 | B29: =IF(AND($N29="",$O29=""),"",IF($N29<>"",INDEX(PCNormDate,$N29),INDEX(LdgDateB,$O29))) | C29: =IF($N29<>"",INDEX(PCOp,$N29),IF($O29<>"",IF(N(INDEX(TxnDepB,$O29))>0,"دریافت بانکی","پرداخت بانکی"),"")) | D29: =IF($N29<>"",IF(INDEX(PCDoc,$N29)="","—",INDEX(PCDoc,$N29)),IF($O29<>"",INDEX(LdgBankB,$O29),"")) | E29: =IF($N29<>"",IF(INDEX(PCCitrus,$N29)="","—",INDEX(PCCitrus,$N29)),"") | F29: =IF($N29<>"",IF(INDEX(PCScale,$N29)=0,"",INDEX(PCScale,$N29)),"") | G29: =IF($N29<>"",IF(INDEX(PCBaskets,$N29)=0,"",INDEX(PCBaskets,$N29)),"") | H29: =IF($N29<>"",IF(INDEX(PCNet,$N29)=0,"",INDEX(PCNet,$N29)),"") | I29: =IF($N29<>"",IF(INDEX(PCOp,$N29)="مرجوعی خرید","",IF(INDEX(PCAmount,$N29)<=0,"",INDEX(PCAmount,$N29))),IF($O29<>"",IF(INDEX(TxnDepB,$O29)=0,"",INDEX(TxnDepB,$O29)),"")) | J29: =IF($N29<>"",IF(INDEX(PCOp,$N29)="مرجوعی خرید",IF(INDEX(PCAmount,$N29)=0,"",-INDEX(PCAmount,$N29)),""),IF($O29<>"",IF(INDEX(TxnWitB,$O29)=0,"",INDEX(TxnWitB,$O29)),"")) | K29: =IF($B29="","",IF($K28="",$C$10,$K28)+IF($I29="",0,$I29)-IF($J29="",0,$J29)) | L29: =IF($N29<>"",IF(INDEX(PCNotes,$N29)="","—",INDEX(PCNotes,$N29)),IF($O29<>"",IF(INDEX(LdgNoteB,$O29)="","—",INDEX(LdgNoteB,$O29)),"")) | N29: =IFERROR(MATCH($C$5&"|"&RIGHT("000000"&13,6),LdgRankKeyA,0),"") | O29: =IFERROR(MATCH($C$5&"|"&RIGHT("000000"&13,6),LdgRankKeyB,0),"")
A30: 14 | B30: =IF(AND($N30="",$O30=""),"",IF($N30<>"",INDEX(PCNormDate,$N30),INDEX(LdgDateB,$O30))) | C30: =IF($N30<>"",INDEX(PCOp,$N30),IF($O30<>"",IF(N(INDEX(TxnDepB,$O30))>0,"دریافت بانکی","پرداخت بانکی"),"")) | D30: =IF($N30<>"",IF(INDEX(PCDoc,$N30)="","—",INDEX(PCDoc,$N30)),IF($O30<>"",INDEX(LdgBankB,$O30),"")) | E30: =IF($N30<>"",IF(INDEX(PCCitrus,$N30)="","—",INDEX(PCCitrus,$N30)),"") | F30: =IF($N30<>"",IF(INDEX(PCScale,$N30)=0,"",INDEX(PCScale,$N30)),"") | G30: =IF($N30<>"",IF(INDEX(PCBaskets,$N30)=0,"",INDEX(PCBaskets,$N30)),"") | H30: =IF($N30<>"",IF(INDEX(PCNet,$N30)=0,"",INDEX(PCNet,$N30)),"") | I30: =IF($N30<>"",IF(INDEX(PCOp,$N30)="مرجوعی خرید","",IF(INDEX(PCAmount,$N30)<=0,"",INDEX(PCAmount,$N30))),IF($O30<>"",IF(INDEX(TxnDepB,$O30)=0,"",INDEX(TxnDepB,$O30)),"")) | J30: =IF($N30<>"",IF(INDEX(PCOp,$N30)="مرجوعی خرید",IF(INDEX(PCAmount,$N30)=0,"",-INDEX(PCAmount,$N30)),""),IF($O30<>"",IF(INDEX(TxnWitB,$O30)=0,"",INDEX(TxnWitB,$O30)),"")) | K30: =IF($B30="","",IF($K29="",$C$10,$K29)+IF($I30="",0,$I30)-IF($J30="",0,$J30)) | L30: =IF($N30<>"",IF(INDEX(PCNotes,$N30)="","—",INDEX(PCNotes,$N30)),IF($O30<>"",IF(INDEX(LdgNoteB,$O30)="","—",INDEX(LdgNoteB,$O30)),"")) | N30: =IFERROR(MATCH($C$5&"|"&RIGHT("000000"&14,6),LdgRankKeyA,0),"") | O30: =IFERROR(MATCH($C$5&"|"&RIGHT("000000"&14,6),LdgRankKeyB,0),"")
A31: 15 | B31: =IF(AND($N31="",$O31=""),"",IF($N31<>"",INDEX(PCNormDate,$N31),INDEX(LdgDateB,$O31))) | C31: =IF($N31<>"",INDEX(PCOp,$N31),IF($O31<>"",IF(N(INDEX(TxnDepB,$O31))>0,"دریافت بانکی","پرداخت بانکی"),"")) | D31: =IF($N31<>"",IF(INDEX(PCDoc,$N31)="","—",INDEX(PCDoc,$N31)),IF($O31<>"",INDEX(LdgBankB,$O31),"")) | E31: =IF($N31<>"",IF(INDEX(PCCitrus,$N31)="","—",INDEX(PCCitrus,$N31)),"") | F31: =IF($N31<>"",IF(INDEX(PCScale,$N31)=0,"",INDEX(PCScale,$N31)),"") | G31: =IF($N31<>"",IF(INDEX(PCBaskets,$N31)=0,"",INDEX(PCBaskets,$N31)),"") | H31: =IF($N31<>"",IF(INDEX(PCNet,$N31)=0,"",INDEX(PCNet,$N31)),"") | I31: =IF($N31<>"",IF(INDEX(PCOp,$N31)="مرجوعی خرید","",IF(INDEX(PCAmount,$N31)<=0,"",INDEX(PCAmount,$N31))),IF($O31<>"",IF(INDEX(TxnDepB,$O31)=0,"",INDEX(TxnDepB,$O31)),"")) | J31: =IF($N31<>"",IF(INDEX(PCOp,$N31)="مرجوعی خرید",IF(INDEX(PCAmount,$N31)=0,"",-INDEX(PCAmount,$N31)),""),IF($O31<>"",IF(INDEX(TxnWitB,$O31)=0,"",INDEX(TxnWitB,$O31)),"")) | K31: =IF($B31="","",IF($K30="",$C$10,$K30)+IF($I31="",0,$I31)-IF($J31="",0,$J31)) | L31: =IF($N31<>"",IF(INDEX(PCNotes,$N31)="","—",INDEX(PCNotes,$N31)),IF($O31<>"",IF(INDEX(LdgNoteB,$O31)="","—",INDEX(LdgNoteB,$O31)),"")) | N31: =IFERROR(MATCH($C$5&"|"&RIGHT("000000"&15,6),LdgRankKeyA,0),"") | O31: =IFERROR(MATCH($C$5&"|"&RIGHT("000000"&15,6),LdgRankKeyB,0),"")
A32: 16 | B32: =IF(AND($N32="",$O32=""),"",IF($N32<>"",INDEX(PCNormDate,$N32),INDEX(LdgDateB,$O32))) | C32: =IF($N32<>"",INDEX(PCOp,$N32),IF($O32<>"",IF(N(INDEX(TxnDepB,$O32))>0,"دریافت بانکی","پرداخت بانکی"),"")) | D32: =IF($N32<>"",IF(INDEX(PCDoc,$N32)="","—",INDEX(PCDoc,$N32)),IF($O32<>"",INDEX(LdgBankB,$O32),"")) | E32: =IF($N32<>"",IF(INDEX(PCCitrus,$N32)="","—",INDEX(PCCitrus,$N32)),"") | F32: =IF($N32<>"",IF(INDEX(PCScale,$N32)=0,"",INDEX(PCScale,$N32)),"") | G32: =IF($N32<>"",IF(INDEX(PCBaskets,$N32)=0,"",INDEX(PCBaskets,$N32)),"") | H32: =IF($N32<>"",IF(INDEX(PCNet,$N32)=0,"",INDEX(PCNet,$N32)),"") | I32: =IF($N32<>"",IF(INDEX(PCOp,$N32)="مرجوعی خرید","",IF(INDEX(PCAmount,$N32)<=0,"",INDEX(PCAmount,$N32))),IF($O32<>"",IF(INDEX(TxnDepB,$O32)=0,"",INDEX(TxnDepB,$O32)),"")) | J32: =IF($N32<>"",IF(INDEX(PCOp,$N32)="مرجوعی خرید",IF(INDEX(PCAmount,$N32)=0,"",-INDEX(PCAmount,$N32)),""),IF($O32<>"",IF(INDEX(TxnWitB,$O32)=0,"",INDEX(TxnWitB,$O32)),"")) | K32: =IF($B32="","",IF($K31="",$C$10,$K31)+IF($I32="",0,$I32)-IF($J32="",0,$J32)) | L32: =IF($N32<>"",IF(INDEX(PCNotes,$N32)="","—",INDEX(PCNotes,$N32)),IF($O32<>"",IF(INDEX(LdgNoteB,$O32)="","—",INDEX(LdgNoteB,$O32)),"")) | N32: =IFERROR(MATCH($C$5&"|"&RIGHT("000000"&16,6),LdgRankKeyA,0),"") | O32: =IFERROR(MATCH($C$5&"|"&RIGHT("000000"&16,6),LdgRankKeyB,0),"")
A33: 17 | B33: =IF(AND($N33="",$O33=""),"",IF($N33<>"",INDEX(PCNormDate,$N33),INDEX(LdgDateB,$O33))) | C33: =IF($N33<>"",INDEX(PCOp,$N33),IF($O33<>"",IF(N(INDEX(TxnDepB,$O33))>0,"دریافت بانکی","پرداخت بانکی"),"")) | D33: =IF($N33<>"",IF(INDEX(PCDoc,$N33)="","—",INDEX(PCDoc,$N33)),IF($O33<>"",INDEX(LdgBankB,$O33),"")) | E33: =IF($N33<>"",IF(INDEX(PCCitrus,$N33)="","—",INDEX(PCCitrus,$N33)),"") | F33: =IF($N33<>"",IF(INDEX(PCScale,$N33)=0,"",INDEX(PCScale,$N33)),"") | G33: =IF($N33<>"",IF(INDEX(PCBaskets,$N33)=0,"",INDEX(PCBaskets,$N33)),"") | H33: =IF($N33<>"",IF(INDEX(PCNet,$N33)=0,"",INDEX(PCNet,$N33)),"") | I33: =IF($N33<>"",IF(INDEX(PCOp,$N33)="مرجوعی خرید","",IF(INDEX(PCAmount,$N33)<=0,"",INDEX(PCAmount,$N33))),IF($O33<>"",IF(INDEX(TxnDepB,$O33)=0,"",INDEX(TxnDepB,$O33)),"")) | J33: =IF($N33<>"",IF(INDEX(PCOp,$N33)="مرجوعی خرید",IF(INDEX(PCAmount,$N33)=0,"",-INDEX(PCAmount,$N33)),""),IF($O33<>"",IF(INDEX(TxnWitB,$O33)=0,"",INDEX(TxnWitB,$O33)),"")) | K33: =IF($B33="","",IF($K32="",$C$10,$K32)+IF($I33="",0,$I33)-IF($J33="",0,$J33)) | L33: =IF($N33<>"",IF(INDEX(PCNotes,$N33)="","—",INDEX(PCNotes,$N33)),IF($O33<>"",IF(INDEX(LdgNoteB,$O33)="","—",INDEX(LdgNoteB,$O33)),"")) | N33: =IFERROR(MATCH($C$5&"|"&RIGHT("000000"&17,6),LdgRankKeyA,0),"") | O33: =IFERROR(MATCH($C$5&"|"&RIGHT("000000"&17,6),LdgRankKeyB,0),"")
A34: 18 | B34: =IF(AND($N34="",$O34=""),"",IF($N34<>"",INDEX(PCNormDate,$N34),INDEX(LdgDateB,$O34))) | C34: =IF($N34<>"",INDEX(PCOp,$N34),IF($O34<>"",IF(N(INDEX(TxnDepB,$O34))>0,"دریافت بانکی","پرداخت بانکی"),"")) | D34: =IF($N34<>"",IF(INDEX(PCDoc,$N34)="","—",INDEX(PCDoc,$N34)),IF($O34<>"",INDEX(LdgBankB,$O34),"")) | E34: =IF($N34<>"",IF(INDEX(PCCitrus,$N34)="","—",INDEX(PCCitrus,$N34)),"") | F34: =IF($N34<>"",IF(INDEX(PCScale,$N34)=0,"",INDEX(PCScale,$N34)),"") | G34: =IF($N34<>"",IF(INDEX(PCBaskets,$N34)=0,"",INDEX(PCBaskets,$N34)),"") | H34: =IF($N34<>"",IF(INDEX(PCNet,$N34)=0,"",INDEX(PCNet,$N34)),"") | I34: =IF($N34<>"",IF(INDEX(PCOp,$N34)="مرجوعی خرید","",IF(INDEX(PCAmount,$N34)<=0,"",INDEX(PCAmount,$N34))),IF($O34<>"",IF(INDEX(TxnDepB,$O34)=0,"",INDEX(TxnDepB,$O34)),"")) | J34: =IF($N34<>"",IF(INDEX(PCOp,$N34)="مرجوعی خرید",IF(INDEX(PCAmount,$N34)=0,"",-INDEX(PCAmount,$N34)),""),IF($O34<>"",IF(INDEX(TxnWitB,$O34)=0,"",INDEX(TxnWitB,$O34)),"")) | K34: =IF($B34="","",IF($K33="",$C$10,$K33)+IF($I34="",0,$I34)-IF($J34="",0,$J34)) | L34: =IF($N34<>"",IF(INDEX(PCNotes,$N34)="","—",INDEX(PCNotes,$N34)),IF($O34<>"",IF(INDEX(LdgNoteB,$O34)="","—",INDEX(LdgNoteB,$O34)),"")) | N34: =IFERROR(MATCH($C$5&"|"&RIGHT("000000"&18,6),LdgRankKeyA,0),"") | O34: =IFERROR(MATCH($C$5&"|"&RIGHT("000000"&18,6),LdgRankKeyB,0),"")
A35: 19 | B35: =IF(AND($N35="",$O35=""),"",IF($N35<>"",INDEX(PCNormDate,$N35),INDEX(LdgDateB,$O35))) | C35: =IF($N35<>"",INDEX(PCOp,$N35),IF($O35<>"",IF(N(INDEX(TxnDepB,$O35))>0,"دریافت بانکی","پرداخت بانکی"),"")) | D35: =IF($N35<>"",IF(INDEX(PCDoc,$N35)="","—",INDEX(PCDoc,$N35)),IF($O35<>"",INDEX(LdgBankB,$O35),"")) | E35: =IF($N35<>"",IF(INDEX(PCCitrus,$N35)="","—",INDEX(PCCitrus,$N35)),"") | F35: =IF($N35<>"",IF(INDEX(PCScale,$N35)=0,"",INDEX(PCScale,$N35)),"") | G35: =IF($N35<>"",IF(INDEX(PCBaskets,$N35)=0,"",INDEX(PCBaskets,$N35)),"") | H35: =IF($N35<>"",IF(INDEX(PCNet,$N35)=0,"",INDEX(PCNet,$N35)),"") | I35: =IF($N35<>"",IF(INDEX(PCOp,$N35)="مرجوعی خرید","",IF(INDEX(PCAmount,$N35)<=0,"",INDEX(PCAmount,$N35))),IF($O35<>"",IF(INDEX(TxnDepB,$O35)=0,"",INDEX(TxnDepB,$O35)),"")) | J35: =IF($N35<>"",IF(INDEX(PCOp,$N35)="مرجوعی خرید",IF(INDEX(PCAmount,$N35)=0,"",-INDEX(PCAmount,$N35)),""),IF($O35<>"",IF(INDEX(TxnWitB,$O35)=0,"",INDEX(TxnWitB,$O35)),"")) | K35: =IF($B35="","",IF($K34="",$C$10,$K34)+IF($I35="",0,$I35)-IF($J35="",0,$J35)) | L35: =IF($N35<>"",IF(INDEX(PCNotes,$N35)="","—",INDEX(PCNotes,$N35)),IF($O35<>"",IF(INDEX(LdgNoteB,$O35)="","—",INDEX(LdgNoteB,$O35)),"")) | N35: =IFERROR(MATCH($C$5&"|"&RIGHT("000000"&19,6),LdgRankKeyA,0),"") | O35: =IFERROR(MATCH($C$5&"|"&RIGHT("000000"&19,6),LdgRankKeyB,0),"")
A36: 20 | B36: =IF(AND($N36="",$O36=""),"",IF($N36<>"",INDEX(PCNormDate,$N36),INDEX(LdgDateB,$O36))) | C36: =IF($N36<>"",INDEX(PCOp,$N36),IF($O36<>"",IF(N(INDEX(TxnDepB,$O36))>0,"دریافت بانکی","پرداخت بانکی"),"")) | D36: =IF($N36<>"",IF(INDEX(PCDoc,$N36)="","—",INDEX(PCDoc,$N36)),IF($O36<>"",INDEX(LdgBankB,$O36),"")) | E36: =IF($N36<>"",IF(INDEX(PCCitrus,$N36)="","—",INDEX(PCCitrus,$N36)),"") | F36: =IF($N36<>"",IF(INDEX(PCScale,$N36)=0,"",INDEX(PCScale,$N36)),"") | G36: =IF($N36<>"",IF(INDEX(PCBaskets,$N36)=0,"",INDEX(PCBaskets,$N36)),"") | H36: =IF($N36<>"",IF(INDEX(PCNet,$N36)=0,"",INDEX(PCNet,$N36)),"") | I36: =IF($N36<>"",IF(INDEX(PCOp,$N36)="مرجوعی خرید","",IF(INDEX(PCAmount,$N36)<=0,"",INDEX(PCAmount,$N36))),IF($O36<>"",IF(INDEX(TxnDepB,$O36)=0,"",INDEX(TxnDepB,$O36)),"")) | J36: =IF($N36<>"",IF(INDEX(PCOp,$N36)="مرجوعی خرید",IF(INDEX(PCAmount,$N36)=0,"",-INDEX(PCAmount,$N36)),""),IF($O36<>"",IF(INDEX(TxnWitB,$O36)=0,"",INDEX(TxnWitB,$O36)),"")) | K36: =IF($B36="","",IF($K35="",$C$10,$K35)+IF($I36="",0,$I36)-IF($J36="",0,$J36)) | L36: =IF($N36<>"",IF(INDEX(PCNotes,$N36)="","—",INDEX(PCNotes,$N36)),IF($O36<>"",IF(INDEX(LdgNoteB,$O36)="","—",INDEX(LdgNoteB,$O36)),"")) | N36: =IFERROR(MATCH($C$5&"|"&RIGHT("000000"&20,6),LdgRankKeyA,0),"") | O36: =IFERROR(MATCH($C$5&"|"&RIGHT("000000"&20,6),LdgRankKeyB,0),"")
A37: 21 | B37: =IF(AND($N37="",$O37=""),"",IF($N37<>"",INDEX(PCNormDate,$N37),INDEX(LdgDateB,$O37))) | C37: =IF($N37<>"",INDEX(PCOp,$N37),IF($O37<>"",IF(N(INDEX(TxnDepB,$O37))>0,"دریافت بانکی","پرداخت بانکی"),"")) | D37: =IF($N37<>"",IF(INDEX(PCDoc,$N37)="","—",INDEX(PCDoc,$N37)),IF($O37<>"",INDEX(LdgBankB,$O37),"")) | E37: =IF($N37<>"",IF(INDEX(PCCitrus,$N37)="","—",INDEX(PCCitrus,$N37)),"") | F37: =IF($N37<>"",IF(INDEX(PCScale,$N37)=0,"",INDEX(PCScale,$N37)),"") | G37: =IF($N37<>"",IF(INDEX(PCBaskets,$N37)=0,"",INDEX(PCBaskets,$N37)),"") | H37: =IF($N37<>"",IF(INDEX(PCNet,$N37)=0,"",INDEX(PCNet,$N37)),"") | I37: =IF($N37<>"",IF(INDEX(PCOp,$N37)="مرجوعی خرید","",IF(INDEX(PCAmount,$N37)<=0,"",INDEX(PCAmount,$N37))),IF($O37<>"",IF(INDEX(TxnDepB,$O37)=0,"",INDEX(TxnDepB,$O37)),"")) | J37: =IF($N37<>"",IF(INDEX(PCOp,$N37)="مرجوعی خرید",IF(INDEX(PCAmount,$N37)=0,"",-INDEX(PCAmount,$N37)),""),IF($O37<>"",IF(INDEX(TxnWitB,$O37)=0,"",INDEX(TxnWitB,$O37)),"")) | K37: =IF($B37="","",IF($K36="",$C$10,$K36)+IF($I37="",0,$I37)-IF($J37="",0,$J37)) | L37: =IF($N37<>"",IF(INDEX(PCNotes,$N37)="","—",INDEX(PCNotes,$N37)),IF($O37<>"",IF(INDEX(LdgNoteB,$O37)="","—",INDEX(LdgNoteB,$O37)),"")) | N37: =IFERROR(MATCH($C$5&"|"&RIGHT("000000"&21,6),LdgRankKeyA,0),"") | O37: =IFERROR(MATCH($C$5&"|"&RIGHT("000000"&21,6),LdgRankKeyB,0),"")
A38: 22 | B38: =IF(AND($N38="",$O38=""),"",IF($N38<>"",INDEX(PCNormDate,$N38),INDEX(LdgDateB,$O38))) | C38: =IF($N38<>"",INDEX(PCOp,$N38),IF($O38<>"",IF(N(INDEX(TxnDepB,$O38))>0,"دریافت بانکی","پرداخت بانکی"),"")) | D38: =IF($N38<>"",IF(INDEX(PCDoc,$N38)="","—",INDEX(PCDoc,$N38)),IF($O38<>"",INDEX(LdgBankB,$O38),"")) | E38: =IF($N38<>"",IF(INDEX(PCCitrus,$N38)="","—",INDEX(PCCitrus,$N38)),"") | F38: =IF($N38<>"",IF(INDEX(PCScale,$N38)=0,"",INDEX(PCScale,$N38)),"") | G38: =IF($N38<>"",IF(INDEX(PCBaskets,$N38)=0,"",INDEX(PCBaskets,$N38)),"") | H38: =IF($N38<>"",IF(INDEX(PCNet,$N38)=0,"",INDEX(PCNet,$N38)),"") | I38: =IF($N38<>"",IF(INDEX(PCOp,$N38)="مرجوعی خرید","",IF(INDEX(PCAmount,$N38)<=0,"",INDEX(PCAmount,$N38))),IF($O38<>"",IF(INDEX(TxnDepB,$O38)=0,"",INDEX(TxnDepB,$O38)),"")) | J38: =IF($N38<>"",IF(INDEX(PCOp,$N38)="مرجوعی خرید",IF(INDEX(PCAmount,$N38)=0,"",-INDEX(PCAmount,$N38)),""),IF($O38<>"",IF(INDEX(TxnWitB,$O38)=0,"",INDEX(TxnWitB,$O38)),"")) | K38: =IF($B38="","",IF($K37="",$C$10,$K37)+IF($I38="",0,$I38)-IF($J38="",0,$J38)) | L38: =IF($N38<>"",IF(INDEX(PCNotes,$N38)="","—",INDEX(PCNotes,$N38)),IF($O38<>"",IF(INDEX(LdgNoteB,$O38)="","—",INDEX(LdgNoteB,$O38)),"")) | N38: =IFERROR(MATCH($C$5&"|"&RIGHT("000000"&22,6),LdgRankKeyA,0),"") | O38: =IFERROR(MATCH($C$5&"|"&RIGHT("000000"&22,6),LdgRankKeyB,0),"")
A39: 23 | B39: =IF(AND($N39="",$O39=""),"",IF($N39<>"",INDEX(PCNormDate,$N39),INDEX(LdgDateB,$O39))) | C39: =IF($N39<>"",INDEX(PCOp,$N39),IF($O39<>"",IF(N(INDEX(TxnDepB,$O39))>0,"دریافت بانکی","پرداخت بانکی"),"")) | D39: =IF($N39<>"",IF(INDEX(PCDoc,$N39)="","—",INDEX(PCDoc,$N39)),IF($O39<>"",INDEX(LdgBankB,$O39),"")) | E39: =IF($N39<>"",IF(INDEX(PCCitrus,$N39)="","—",INDEX(PCCitrus,$N39)),"") | F39: =IF($N39<>"",IF(INDEX(PCScale,$N39)=0,"",INDEX(PCScale,$N39)),"") | G39: =IF($N39<>"",IF(INDEX(PCBaskets,$N39)=0,"",INDEX(PCBaskets,$N39)),"") | H39: =IF($N39<>"",IF(INDEX(PCNet,$N39)=0,"",INDEX(PCNet,$N39)),"") | I39: =IF($N39<>"",IF(INDEX(PCOp,$N39)="مرجوعی خرید","",IF(INDEX(PCAmount,$N39)<=0,"",INDEX(PCAmount,$N39))),IF($O39<>"",IF(INDEX(TxnDepB,$O39)=0,"",INDEX(TxnDepB,$O39)),"")) | J39: =IF($N39<>"",IF(INDEX(PCOp,$N39)="مرجوعی خرید",IF(INDEX(PCAmount,$N39)=0,"",-INDEX(PCAmount,$N39)),""),IF($O39<>"",IF(INDEX(TxnWitB,$O39)=0,"",INDEX(TxnWitB,$O39)),"")) | K39: =IF($B39="","",IF($K38="",$C$10,$K38)+IF($I39="",0,$I39)-IF($J39="",0,$J39)) | L39: =IF($N39<>"",IF(INDEX(PCNotes,$N39)="","—",INDEX(PCNotes,$N39)),IF($O39<>"",IF(INDEX(LdgNoteB,$O39)="","—",INDEX(LdgNoteB,$O39)),"")) | N39: =IFERROR(MATCH($C$5&"|"&RIGHT("000000"&23,6),LdgRankKeyA,0),"") | O39: =IFERROR(MATCH($C$5&"|"&RIGHT("000000"&23,6),LdgRankKeyB,0),"")
A40: 24 | B40: =IF(AND($N40="",$O40=""),"",IF($N40<>"",INDEX(PCNormDate,$N40),INDEX(LdgDateB,$O40))) | C40: =IF($N40<>"",INDEX(PCOp,$N40),IF($O40<>"",IF(N(INDEX(TxnDepB,$O40))>0,"دریافت بانکی","پرداخت بانکی"),"")) | D40: =IF($N40<>"",IF(INDEX(PCDoc,$N40)="","—",INDEX(PCDoc,$N40)),IF($O40<>"",INDEX(LdgBankB,$O40),"")) | E40: =IF($N40<>"",IF(INDEX(PCCitrus,$N40)="","—",INDEX(PCCitrus,$N40)),"") | F40: =IF($N40<>"",IF(INDEX(PCScale,$N40)=0,"",INDEX(PCScale,$N40)),"") | G40: =IF($N40<>"",IF(INDEX(PCBaskets,$N40)=0,"",INDEX(PCBaskets,$N40)),"") | H40: =IF($N40<>"",IF(INDEX(PCNet,$N40)=0,"",INDEX(PCNet,$N40)),"") | I40: =IF($N40<>"",IF(INDEX(PCOp,$N40)="مرجوعی خرید","",IF(INDEX(PCAmount,$N40)<=0,"",INDEX(PCAmount,$N40))),IF($O40<>"",IF(INDEX(TxnDepB,$O40)=0,"",INDEX(TxnDepB,$O40)),"")) | J40: =IF($N40<>"",IF(INDEX(PCOp,$N40)="مرجوعی خرید",IF(INDEX(PCAmount,$N40)=0,"",-INDEX(PCAmount,$N40)),""),IF($O40<>"",IF(INDEX(TxnWitB,$O40)=0,"",INDEX(TxnWitB,$O40)),"")) | K40: =IF($B40="","",IF($K39="",$C$10,$K39)+IF($I40="",0,$I40)-IF($J40="",0,$J40)) | L40: =IF($N40<>"",IF(INDEX(PCNotes,$N40)="","—",INDEX(PCNotes,$N40)),IF($O40<>"",IF(INDEX(LdgNoteB,$O40)="","—",INDEX(LdgNoteB,$O40)),"")) | N40: =IFERROR(MATCH($C$5&"|"&RIGHT("000000"&24,6),LdgRankKeyA,0),"") | O40: =IFERROR(MATCH($C$5&"|"&RIGHT("000000"&24,6),LdgRankKeyB,0),"")
A41: 25 | B41: =IF(AND($N41="",$O41=""),"",IF($N41<>"",INDEX(PCNormDate,$N41),INDEX(LdgDateB,$O41))) | C41: =IF($N41<>"",INDEX(PCOp,$N41),IF($O41<>"",IF(N(INDEX(TxnDepB,$O41))>0,"دریافت بانکی","پرداخت بانکی"),"")) | D41: =IF($N41<>"",IF(INDEX(PCDoc,$N41)="","—",INDEX(PCDoc,$N41)),IF($O41<>"",INDEX(LdgBankB,$O41),"")) | E41: =IF($N41<>"",IF(INDEX(PCCitrus,$N41)="","—",INDEX(PCCitrus,$N41)),"") | F41: =IF($N41<>"",IF(INDEX(PCScale,$N41)=0,"",INDEX(PCScale,$N41)),"") | G41: =IF($N41<>"",IF(INDEX(PCBaskets,$N41)=0,"",INDEX(PCBaskets,$N41)),"") | H41: =IF($N41<>"",IF(INDEX(PCNet,$N41)=0,"",INDEX(PCNet,$N41)),"") | I41: =IF($N41<>"",IF(INDEX(PCOp,$N41)="مرجوعی خرید","",IF(INDEX(PCAmount,$N41)<=0,"",INDEX(PCAmount,$N41))),IF($O41<>"",IF(INDEX(TxnDepB,$O41)=0,"",INDEX(TxnDepB,$O41)),"")) | J41: =IF($N41<>"",IF(INDEX(PCOp,$N41)="مرجوعی خرید",IF(INDEX(PCAmount,$N41)=0,"",-INDEX(PCAmount,$N41)),""),IF($O41<>"",IF(INDEX(TxnWitB,$O41)=0,"",INDEX(TxnWitB,$O41)),"")) | K41: =IF($B41="","",IF($K40="",$C$10,$K40)+IF($I41="",0,$I41)-IF($J41="",0,$J41)) | L41: =IF($N41<>"",IF(INDEX(PCNotes,$N41)="","—",INDEX(PCNotes,$N41)),IF($O41<>"",IF(INDEX(LdgNoteB,$O41)="","—",INDEX(LdgNoteB,$O41)),"")) | N41: =IFERROR(MATCH($C$5&"|"&RIGHT("000000"&25,6),LdgRankKeyA,0),"") | O41: =IFERROR(MATCH($C$5&"|"&RIGHT("000000"&25,6),LdgRankKeyB,0),"")
A42: 26 | B42: =IF(AND($N42="",$O42=""),"",IF($N42<>"",INDEX(PCNormDate,$N42),INDEX(LdgDateB,$O42))) | C42: =IF($N42<>"",INDEX(PCOp,$N42),IF($O42<>"",IF(N(INDEX(TxnDepB,$O42))>0,"دریافت بانکی","پرداخت بانکی"),"")) | D42: =IF($N42<>"",IF(INDEX(PCDoc,$N42)="","—",INDEX(PCDoc,$N42)),IF($O42<>"",INDEX(LdgBankB,$O42),"")) | E42: =IF($N42<>"",IF(INDEX(PCCitrus,$N42)="","—",INDEX(PCCitrus,$N42)),"") | F42: =IF($N42<>"",IF(INDEX(PCScale,$N42)=0,"",INDEX(PCScale,$N42)),"") | G42: =IF($N42<>"",IF(INDEX(PCBaskets,$N42)=0,"",INDEX(PCBaskets,$N42)),"") | H42: =IF($N42<>"",IF(INDEX(PCNet,$N42)=0,"",INDEX(PCNet,$N42)),"") | I42: =IF($N42<>"",IF(INDEX(PCOp,$N42)="مرجوعی خرید","",IF(INDEX(PCAmount,$N42)<=0,"",INDEX(PCAmount,$N42))),IF($O42<>"",IF(INDEX(TxnDepB,$O42)=0,"",INDEX(TxnDepB,$O42)),"")) | J42: =IF($N42<>"",IF(INDEX(PCOp,$N42)="مرجوعی خرید",IF(INDEX(PCAmount,$N42)=0,"",-INDEX(PCAmount,$N42)),""),IF($O42<>"",IF(INDEX(TxnWitB,$O42)=0,"",INDEX(TxnWitB,$O42)),"")) | K42: =IF($B42="","",IF($K41="",$C$10,$K41)+IF($I42="",0,$I42)-IF($J42="",0,$J42)) | L42: =IF($N42<>"",IF(INDEX(PCNotes,$N42)="","—",INDEX(PCNotes,$N42)),IF($O42<>"",IF(INDEX(LdgNoteB,$O42)="","—",INDEX(LdgNoteB,$O42)),"")) | N42: =IFERROR(MATCH($C$5&"|"&RIGHT("000000"&26,6),LdgRankKeyA,0),"") | O42: =IFERROR(MATCH($C$5&"|"&RIGHT("000000"&26,6),LdgRankKeyB,0),"")
A43: 27 | B43: =IF(AND($N43="",$O43=""),"",IF($N43<>"",INDEX(PCNormDate,$N43),INDEX(LdgDateB,$O43))) | C43: =IF($N43<>"",INDEX(PCOp,$N43),IF($O43<>"",IF(N(INDEX(TxnDepB,$O43))>0,"دریافت بانکی","پرداخت بانکی"),"")) | D43: =IF($N43<>"",IF(INDEX(PCDoc,$N43)="","—",INDEX(PCDoc,$N43)),IF($O43<>"",INDEX(LdgBankB,$O43),"")) | E43: =IF($N43<>"",IF(INDEX(PCCitrus,$N43)="","—",INDEX(PCCitrus,$N43)),"") | F43: =IF($N43<>"",IF(INDEX(PCScale,$N43)=0,"",INDEX(PCScale,$N43)),"") | G43: =IF($N43<>"",IF(INDEX(PCBaskets,$N43)=0,"",INDEX(PCBaskets,$N43)),"") | H43: =IF($N43<>"",IF(INDEX(PCNet,$N43)=0,"",INDEX(PCNet,$N43)),"") | I43: =IF($N43<>"",IF(INDEX(PCOp,$N43)="مرجوعی خرید","",IF(INDEX(PCAmount,$N43)<=0,"",INDEX(PCAmount,$N43))),IF($O43<>"",IF(INDEX(TxnDepB,$O43)=0,"",INDEX(TxnDepB,$O43)),"")) | J43: =IF($N43<>"",IF(INDEX(PCOp,$N43)="مرجوعی خرید",IF(INDEX(PCAmount,$N43)=0,"",-INDEX(PCAmount,$N43)),""),IF($O43<>"",IF(INDEX(TxnWitB,$O43)=0,"",INDEX(TxnWitB,$O43)),"")) | K43: =IF($B43="","",IF($K42="",$C$10,$K42)+IF($I43="",0,$I43)-IF($J43="",0,$J43)) | L43: =IF($N43<>"",IF(INDEX(PCNotes,$N43)="","—",INDEX(PCNotes,$N43)),IF($O43<>"",IF(INDEX(LdgNoteB,$O43)="","—",INDEX(LdgNoteB,$O43)),"")) | N43: =IFERROR(MATCH($C$5&"|"&RIGHT("000000"&27,6),LdgRankKeyA,0),"") | O43: =IFERROR(MATCH($C$5&"|"&RIGHT("000000"&27,6),LdgRankKeyB,0),"")
A44: 28 | B44: =IF(AND($N44="",$O44=""),"",IF($N44<>"",INDEX(PCNormDate,$N44),INDEX(LdgDateB,$O44))) | C44: =IF($N44<>"",INDEX(PCOp,$N44),IF($O44<>"",IF(N(INDEX(TxnDepB,$O44))>0,"دریافت بانکی","پرداخت بانکی"),"")) | D44: =IF($N44<>"",IF(INDEX(PCDoc,$N44)="","—",INDEX(PCDoc,$N44)),IF($O44<>"",INDEX(LdgBankB,$O44),"")) | E44: =IF($N44<>"",IF(INDEX(PCCitrus,$N44)="","—",INDEX(PCCitrus,$N44)),"") | F44: =IF($N44<>"",IF(INDEX(PCScale,$N44)=0,"",INDEX(PCScale,$N44)),"") | G44: =IF($N44<>"",IF(INDEX(PCBaskets,$N44)=0,"",INDEX(PCBaskets,$N44)),"") | H44: =IF($N44<>"",IF(INDEX(PCNet,$N44)=0,"",INDEX(PCNet,$N44)),"") | I44: =IF($N44<>"",IF(INDEX(PCOp,$N44)="مرجوعی خرید","",IF(INDEX(PCAmount,$N44)<=0,"",INDEX(PCAmount,$N44))),IF($O44<>"",IF(INDEX(TxnDepB,$O44)=0,"",INDEX(TxnDepB,$O44)),"")) | J44: =IF($N44<>"",IF(INDEX(PCOp,$N44)="مرجوعی خرید",IF(INDEX(PCAmount,$N44)=0,"",-INDEX(PCAmount,$N44)),""),IF($O44<>"",IF(INDEX(TxnWitB,$O44)=0,"",INDEX(TxnWitB,$O44)),"")) | K44: =IF($B44="","",IF($K43="",$C$10,$K43)+IF($I44="",0,$I44)-IF($J44="",0,$J44)) | L44: =IF($N44<>"",IF(INDEX(PCNotes,$N44)="","—",INDEX(PCNotes,$N44)),IF($O44<>"",IF(INDEX(LdgNoteB,$O44)="","—",INDEX(LdgNoteB,$O44)),"")) | N44: =IFERROR(MATCH($C$5&"|"&RIGHT("000000"&28,6),LdgRankKeyA,0),"") | O44: =IFERROR(MATCH($C$5&"|"&RIGHT("000000"&28,6),LdgRankKeyB,0),"")
A45: 29 | B45: =IF(AND($N45="",$O45=""),"",IF($N45<>"",INDEX(PCNormDate,$N45),INDEX(LdgDateB,$O45))) | C45: =IF($N45<>"",INDEX(PCOp,$N45),IF($O45<>"",IF(N(INDEX(TxnDepB,$O45))>0,"دریافت بانکی","پرداخت بانکی"),"")) | D45: =IF($N45<>"",IF(INDEX(PCDoc,$N45)="","—",INDEX(PCDoc,$N45)),IF($O45<>"",INDEX(LdgBankB,$O45),"")) | E45: =IF($N45<>"",IF(INDEX(PCCitrus,$N45)="","—",INDEX(PCCitrus,$N45)),"") | F45: =IF($N45<>"",IF(INDEX(PCScale,$N45)=0,"",INDEX(PCScale,$N45)),"") | G45: =IF($N45<>"",IF(INDEX(PCBaskets,$N45)=0,"",INDEX(PCBaskets,$N45)),"") | H45: =IF($N45<>"",IF(INDEX(PCNet,$N45)=0,"",INDEX(PCNet,$N45)),"") | I45: =IF($N45<>"",IF(INDEX(PCOp,$N45)="مرجوعی خرید","",IF(INDEX(PCAmount,$N45)<=0,"",INDEX(PCAmount,$N45))),IF($O45<>"",IF(INDEX(TxnDepB,$O45)=0,"",INDEX(TxnDepB,$O45)),"")) | J45: =IF($N45<>"",IF(INDEX(PCOp,$N45)="مرجوعی خرید",IF(INDEX(PCAmount,$N45)=0,"",-INDEX(PCAmount,$N45)),""),IF($O45<>"",IF(INDEX(TxnWitB,$O45)=0,"",INDEX(TxnWitB,$O45)),"")) | K45: =IF($B45="","",IF($K44="",$C$10,$K44)+IF($I45="",0,$I45)-IF($J45="",0,$J45)) | L45: =IF($N45<>"",IF(INDEX(PCNotes,$N45)="","—",INDEX(PCNotes,$N45)),IF($O45<>"",IF(INDEX(LdgNoteB,$O45)="","—",INDEX(LdgNoteB,$O45)),"")) | N45: =IFERROR(MATCH($C$5&"|"&RIGHT("000000"&29,6),LdgRankKeyA,0),"") | O45: =IFERROR(MATCH($C$5&"|"&RIGHT("000000"&29,6),LdgRankKeyB,0),"")
A46: 30 | B46: =IF(AND($N46="",$O46=""),"",IF($N46<>"",INDEX(PCNormDate,$N46),INDEX(LdgDateB,$O46))) | C46: =IF($N46<>"",INDEX(PCOp,$N46),IF($O46<>"",IF(N(INDEX(TxnDepB,$O46))>0,"دریافت بانکی","پرداخت بانکی"),"")) | D46: =IF($N46<>"",IF(INDEX(PCDoc,$N46)="","—",INDEX(PCDoc,$N46)),IF($O46<>"",INDEX(LdgBankB,$O46),"")) | E46: =IF($N46<>"",IF(INDEX(PCCitrus,$N46)="","—",INDEX(PCCitrus,$N46)),"") | F46: =IF($N46<>"",IF(INDEX(PCScale,$N46)=0,"",INDEX(PCScale,$N46)),"") | G46: =IF($N46<>"",IF(INDEX(PCBaskets,$N46)=0,"",INDEX(PCBaskets,$N46)),"") | H46: =IF($N46<>"",IF(INDEX(PCNet,$N46)=0,"",INDEX(PCNet,$N46)),"") | I46: =IF($N46<>"",IF(INDEX(PCOp,$N46)="مرجوعی خرید","",IF(INDEX(PCAmount,$N46)<=0,"",INDEX(PCAmount,$N46))),IF($O46<>"",IF(INDEX(TxnDepB,$O46)=0,"",INDEX(TxnDepB,$O46)),"")) | J46: =IF($N46<>"",IF(INDEX(PCOp,$N46)="مرجوعی خرید",IF(INDEX(PCAmount,$N46)=0,"",-INDEX(PCAmount,$N46)),""),IF($O46<>"",IF(INDEX(TxnWitB,$O46)=0,"",INDEX(TxnWitB,$O46)),"")) | K46: =IF($B46="","",IF($K45="",$C$10,$K45)+IF($I46="",0,$I46)-IF($J46="",0,$J46)) | L46: =IF($N46<>"",IF(INDEX(PCNotes,$N46)="","—",INDEX(PCNotes,$N46)),IF($O46<>"",IF(INDEX(LdgNoteB,$O46)="","—",INDEX(LdgNoteB,$O46)),"")) | N46: =IFERROR(MATCH($C$5&"|"&RIGHT("000000"&30,6),LdgRankKeyA,0),"") | O46: =IFERROR(MATCH($C$5&"|"&RIGHT("000000"&30,6),LdgRankKeyB,0),"")
A47: 31 | B47: =IF(AND($N47="",$O47=""),"",IF($N47<>"",INDEX(PCNormDate,$N47),INDEX(LdgDateB,$O47))) | C47: =IF($N47<>"",INDEX(PCOp,$N47),IF($O47<>"",IF(N(INDEX(TxnDepB,$O47))>0,"دریافت بانکی","پرداخت بانکی"),"")) | D47: =IF($N47<>"",IF(INDEX(PCDoc,$N47)="","—",INDEX(PCDoc,$N47)),IF($O47<>"",INDEX(LdgBankB,$O47),"")) | E47: =IF($N47<>"",IF(INDEX(PCCitrus,$N47)="","—",INDEX(PCCitrus,$N47)),"") | F47: =IF($N47<>"",IF(INDEX(PCScale,$N47)=0,"",INDEX(PCScale,$N47)),"") | G47: =IF($N47<>"",IF(INDEX(PCBaskets,$N47)=0,"",INDEX(PCBaskets,$N47)),"") | H47: =IF($N47<>"",IF(INDEX(PCNet,$N47)=0,"",INDEX(PCNet,$N47)),"") | I47: =IF($N47<>"",IF(INDEX(PCOp,$N47)="مرجوعی خرید","",IF(INDEX(PCAmount,$N47)<=0,"",INDEX(PCAmount,$N47))),IF($O47<>"",IF(INDEX(TxnDepB,$O47)=0,"",INDEX(TxnDepB,$O47)),"")) | J47: =IF($N47<>"",IF(INDEX(PCOp,$N47)="مرجوعی خرید",IF(INDEX(PCAmount,$N47)=0,"",-INDEX(PCAmount,$N47)),""),IF($O47<>"",IF(INDEX(TxnWitB,$O47)=0,"",INDEX(TxnWitB,$O47)),"")) | K47: =IF($B47="","",IF($K46="",$C$10,$K46)+IF($I47="",0,$I47)-IF($J47="",0,$J47)) | L47: =IF($N47<>"",IF(INDEX(PCNotes,$N47)="","—",INDEX(PCNotes,$N47)),IF($O47<>"",IF(INDEX(LdgNoteB,$O47)="","—",INDEX(LdgNoteB,$O47)),"")) | N47: =IFERROR(MATCH($C$5&"|"&RIGHT("000000"&31,6),LdgRankKeyA,0),"") | O47: =IFERROR(MATCH($C$5&"|"&RIGHT("000000"&31,6),LdgRankKeyB,0),"")
A48: 32 | B48: =IF(AND($N48="",$O48=""),"",IF($N48<>"",INDEX(PCNormDate,$N48),INDEX(LdgDateB,$O48))) | C48: =IF($N48<>"",INDEX(PCOp,$N48),IF($O48<>"",IF(N(INDEX(TxnDepB,$O48))>0,"دریافت بانکی","پرداخت بانکی"),"")) | D48: =IF($N48<>"",IF(INDEX(PCDoc,$N48)="","—",INDEX(PCDoc,$N48)),IF($O48<>"",INDEX(LdgBankB,$O48),"")) | E48: =IF($N48<>"",IF(INDEX(PCCitrus,$N48)="","—",INDEX(PCCitrus,$N48)),"") | F48: =IF($N48<>"",IF(INDEX(PCScale,$N48)=0,"",INDEX(PCScale,$N48)),"") | G48: =IF($N48<>"",IF(INDEX(PCBaskets,$N48)=0,"",INDEX(PCBaskets,$N48)),"") | H48: =IF($N48<>"",IF(INDEX(PCNet,$N48)=0,"",INDEX(PCNet,$N48)),"") | I48: =IF($N48<>"",IF(INDEX(PCOp,$N48)="مرجوعی خرید","",IF(INDEX(PCAmount,$N48)<=0,"",INDEX(PCAmount,$N48))),IF($O48<>"",IF(INDEX(TxnDepB,$O48)=0,"",INDEX(TxnDepB,$O48)),"")) | J48: =IF($N48<>"",IF(INDEX(PCOp,$N48)="مرجوعی خرید",IF(INDEX(PCAmount,$N48)=0,"",-INDEX(PCAmount,$N48)),""),IF($O48<>"",IF(INDEX(TxnWitB,$O48)=0,"",INDEX(TxnWitB,$O48)),"")) | K48: =IF($B48="","",IF($K47="",$C$10,$K47)+IF($I48="",0,$I48)-IF($J48="",0,$J48)) | L48: =IF($N48<>"",IF(INDEX(PCNotes,$N48)="","—",INDEX(PCNotes,$N48)),IF($O48<>"",IF(INDEX(LdgNoteB,$O48)="","—",INDEX(LdgNoteB,$O48)),"")) | N48: =IFERROR(MATCH($C$5&"|"&RIGHT("000000"&32,6),LdgRankKeyA,0),"") | O48: =IFERROR(MATCH($C$5&"|"&RIGHT("000000"&32,6),LdgRankKeyB,0),"")
A49: 33 | B49: =IF(AND($N49="",$O49=""),"",IF($N49<>"",INDEX(PCNormDate,$N49),INDEX(LdgDateB,$O49))) | C49: =IF($N49<>"",INDEX(PCOp,$N49),IF($O49<>"",IF(N(INDEX(TxnDepB,$O49))>0,"دریافت بانکی","پرداخت بانکی"),"")) | D49: =IF($N49<>"",IF(INDEX(PCDoc,$N49)="","—",INDEX(PCDoc,$N49)),IF($O49<>"",INDEX(LdgBankB,$O49),"")) | E49: =IF($N49<>"",IF(INDEX(PCCitrus,$N49)="","—",INDEX(PCCitrus,$N49)),"") | F49: =IF($N49<>"",IF(INDEX(PCScale,$N49)=0,"",INDEX(PCScale,$N49)),"") | G49: =IF($N49<>"",IF(INDEX(PCBaskets,$N49)=0,"",INDEX(PCBaskets,$N49)),"") | H49: =IF($N49<>"",IF(INDEX(PCNet,$N49)=0,"",INDEX(PCNet,$N49)),"") | I49: =IF($N49<>"",IF(INDEX(PCOp,$N49)="مرجوعی خرید","",IF(INDEX(PCAmount,$N49)<=0,"",INDEX(PCAmount,$N49))),IF($O49<>"",IF(INDEX(TxnDepB,$O49)=0,"",INDEX(TxnDepB,$O49)),"")) | J49: =IF($N49<>"",IF(INDEX(PCOp,$N49)="مرجوعی خرید",IF(INDEX(PCAmount,$N49)=0,"",-INDEX(PCAmount,$N49)),""),IF($O49<>"",IF(INDEX(TxnWitB,$O49)=0,"",INDEX(TxnWitB,$O49)),"")) | K49: =IF($B49="","",IF($K48="",$C$10,$K48)+IF($I49="",0,$I49)-IF($J49="",0,$J49)) | L49: =IF($N49<>"",IF(INDEX(PCNotes,$N49)="","—",INDEX(PCNotes,$N49)),IF($O49<>"",IF(INDEX(LdgNoteB,$O49)="","—",INDEX(LdgNoteB,$O49)),"")) | N49: =IFERROR(MATCH($C$5&"|"&RIGHT("000000"&33,6),LdgRankKeyA,0),"") | O49: =IFERROR(MATCH($C$5&"|"&RIGHT("000000"&33,6),LdgRankKeyB,0),"")
A50: 34 | B50: =IF(AND($N50="",$O50=""),"",IF($N50<>"",INDEX(PCNormDate,$N50),INDEX(LdgDateB,$O50))) | C50: =IF($N50<>"",INDEX(PCOp,$N50),IF($O50<>"",IF(N(INDEX(TxnDepB,$O50))>0,"دریافت بانکی","پرداخت بانکی"),"")) | D50: =IF($N50<>"",IF(INDEX(PCDoc,$N50)="","—",INDEX(PCDoc,$N50)),IF($O50<>"",INDEX(LdgBankB,$O50),"")) | E50: =IF($N50<>"",IF(INDEX(PCCitrus,$N50)="","—",INDEX(PCCitrus,$N50)),"") | F50: =IF($N50<>"",IF(INDEX(PCScale,$N50)=0,"",INDEX(PCScale,$N50)),"") | G50: =IF($N50<>"",IF(INDEX(PCBaskets,$N50)=0,"",INDEX(PCBaskets,$N50)),"") | H50: =IF($N50<>"",IF(INDEX(PCNet,$N50)=0,"",INDEX(PCNet,$N50)),"") | I50: =IF($N50<>"",IF(INDEX(PCOp,$N50)="مرجوعی خرید","",IF(INDEX(PCAmount,$N50)<=0,"",INDEX(PCAmount,$N50))),IF($O50<>"",IF(INDEX(TxnDepB,$O50)=0,"",INDEX(TxnDepB,$O50)),"")) | J50: =IF($N50<>"",IF(INDEX(PCOp,$N50)="مرجوعی خرید",IF(INDEX(PCAmount,$N50)=0,"",-INDEX(PCAmount,$N50)),""),IF($O50<>"",IF(INDEX(TxnWitB,$O50)=0,"",INDEX(TxnWitB,$O50)),"")) | K50: =IF($B50="","",IF($K49="",$C$10,$K49)+IF($I50="",0,$I50)-IF($J50="",0,$J50)) | L50: =IF($N50<>"",IF(INDEX(PCNotes,$N50)="","—",INDEX(PCNotes,$N50)),IF($O50<>"",IF(INDEX(LdgNoteB,$O50)="","—",INDEX(LdgNoteB,$O50)),"")) | N50: =IFERROR(MATCH($C$5&"|"&RIGHT("000000"&34,6),LdgRankKeyA,0),"") | O50: =IFERROR(MATCH($C$5&"|"&RIGHT("000000"&34,6),LdgRankKeyB,0),"")
A51: 35 | B51: =IF(AND($N51="",$O51=""),"",IF($N51<>"",INDEX(PCNormDate,$N51),INDEX(LdgDateB,$O51))) | C51: =IF($N51<>"",INDEX(PCOp,$N51),IF($O51<>"",IF(N(INDEX(TxnDepB,$O51))>0,"دریافت بانکی","پرداخت بانکی"),"")) | D51: =IF($N51<>"",IF(INDEX(PCDoc,$N51)="","—",INDEX(PCDoc,$N51)),IF($O51<>"",INDEX(LdgBankB,$O51),"")) | E51: =IF($N51<>"",IF(INDEX(PCCitrus,$N51)="","—",INDEX(PCCitrus,$N51)),"") | F51: =IF($N51<>"",IF(INDEX(PCScale,$N51)=0,"",INDEX(PCScale,$N51)),"") | G51: =IF($N51<>"",IF(INDEX(PCBaskets,$N51)=0,"",INDEX(PCBaskets,$N51)),"") | H51: =IF($N51<>"",IF(INDEX(PCNet,$N51)=0,"",INDEX(PCNet,$N51)),"") | I51: =IF($N51<>"",IF(INDEX(PCOp,$N51)="مرجوعی خرید","",IF(INDEX(PCAmount,$N51)<=0,"",INDEX(PCAmount,$N51))),IF($O51<>"",IF(INDEX(TxnDepB,$O51)=0,"",INDEX(TxnDepB,$O51)),"")) | J51: =IF($N51<>"",IF(INDEX(PCOp,$N51)="مرجوعی خرید",IF(INDEX(PCAmount,$N51)=0,"",-INDEX(PCAmount,$N51)),""),IF($O51<>"",IF(INDEX(TxnWitB,$O51)=0,"",INDEX(TxnWitB,$O51)),"")) | K51: =IF($B51="","",IF($K50="",$C$10,$K50)+IF($I51="",0,$I51)-IF($J51="",0,$J51)) | L51: =IF($N51<>"",IF(INDEX(PCNotes,$N51)="","—",INDEX(PCNotes,$N51)),IF($O51<>"",IF(INDEX(LdgNoteB,$O51)="","—",INDEX(LdgNoteB,$O51)),"")) | N51: =IFERROR(MATCH($C$5&"|"&RIGHT("000000"&35,6),LdgRankKeyA,0),"") | O51: =IFERROR(MATCH($C$5&"|"&RIGHT("000000"&35,6),LdgRankKeyB,0),"")
A52: 36 | B52: =IF(AND($N52="",$O52=""),"",IF($N52<>"",INDEX(PCNormDate,$N52),INDEX(LdgDateB,$O52))) | C52: =IF($N52<>"",INDEX(PCOp,$N52),IF($O52<>"",IF(N(INDEX(TxnDepB,$O52))>0,"دریافت بانکی","پرداخت بانکی"),"")) | D52: =IF($N52<>"",IF(INDEX(PCDoc,$N52)="","—",INDEX(PCDoc,$N52)),IF($O52<>"",INDEX(LdgBankB,$O52),"")) | E52: =IF($N52<>"",IF(INDEX(PCCitrus,$N52)="","—",INDEX(PCCitrus,$N52)),"") | F52: =IF($N52<>"",IF(INDEX(PCScale,$N52)=0,"",INDEX(PCScale,$N52)),"") | G52: =IF($N52<>"",IF(INDEX(PCBaskets,$N52)=0,"",INDEX(PCBaskets,$N52)),"") | H52: =IF($N52<>"",IF(INDEX(PCNet,$N52)=0,"",INDEX(PCNet,$N52)),"") | I52: =IF($N52<>"",IF(INDEX(PCOp,$N52)="مرجوعی خرید","",IF(INDEX(PCAmount,$N52)<=0,"",INDEX(PCAmount,$N52))),IF($O52<>"",IF(INDEX(TxnDepB,$O52)=0,"",INDEX(TxnDepB,$O52)),"")) | J52: =IF($N52<>"",IF(INDEX(PCOp,$N52)="مرجوعی خرید",IF(INDEX(PCAmount,$N52)=0,"",-INDEX(PCAmount,$N52)),""),IF($O52<>"",IF(INDEX(TxnWitB,$O52)=0,"",INDEX(TxnWitB,$O52)),"")) | K52: =IF($B52="","",IF($K51="",$C$10,$K51)+IF($I52="",0,$I52)-IF($J52="",0,$J52)) | L52: =IF($N52<>"",IF(INDEX(PCNotes,$N52)="","—",INDEX(PCNotes,$N52)),IF($O52<>"",IF(INDEX(LdgNoteB,$O52)="","—",INDEX(LdgNoteB,$O52)),"")) | N52: =IFERROR(MATCH($C$5&"|"&RIGHT("000000"&36,6),LdgRankKeyA,0),"") | O52: =IFERROR(MATCH($C$5&"|"&RIGHT("000000"&36,6),LdgRankKeyB,0),"")
A53: 37 | B53: =IF(AND($N53="",$O53=""),"",IF($N53<>"",INDEX(PCNormDate,$N53),INDEX(LdgDateB,$O53))) | C53: =IF($N53<>"",INDEX(PCOp,$N53),IF($O53<>"",IF(N(INDEX(TxnDepB,$O53))>0,"دریافت بانکی","پرداخت بانکی"),"")) | D53: =IF($N53<>"",IF(INDEX(PCDoc,$N53)="","—",INDEX(PCDoc,$N53)),IF($O53<>"",INDEX(LdgBankB,$O53),"")) | E53: =IF($N53<>"",IF(INDEX(PCCitrus,$N53)="","—",INDEX(PCCitrus,$N53)),"") | F53: =IF($N53<>"",IF(INDEX(PCScale,$N53)=0,"",INDEX(PCScale,$N53)),"") | G53: =IF($N53<>"",IF(INDEX(PCBaskets,$N53)=0,"",INDEX(PCBaskets,$N53)),"") | H53: =IF($N53<>"",IF(INDEX(PCNet,$N53)=0,"",INDEX(PCNet,$N53)),"") | I53: =IF($N53<>"",IF(INDEX(PCOp,$N53)="مرجوعی خرید","",IF(INDEX(PCAmount,$N53)<=0,"",INDEX(PCAmount,$N53))),IF($O53<>"",IF(INDEX(TxnDepB,$O53)=0,"",INDEX(TxnDepB,$O53)),"")) | J53: =IF($N53<>"",IF(INDEX(PCOp,$N53)="مرجوعی خرید",IF(INDEX(PCAmount,$N53)=0,"",-INDEX(PCAmount,$N53)),""),IF($O53<>"",IF(INDEX(TxnWitB,$O53)=0,"",INDEX(TxnWitB,$O53)),"")) | K53: =IF($B53="","",IF($K52="",$C$10,$K52)+IF($I53="",0,$I53)-IF($J53="",0,$J53)) | L53: =IF($N53<>"",IF(INDEX(PCNotes,$N53)="","—",INDEX(PCNotes,$N53)),IF($O53<>"",IF(INDEX(LdgNoteB,$O53)="","—",INDEX(LdgNoteB,$O53)),"")) | N53: =IFERROR(MATCH($C$5&"|"&RIGHT("000000"&37,6),LdgRankKeyA,0),"") | O53: =IFERROR(MATCH($C$5&"|"&RIGHT("000000"&37,6),LdgRankKeyB,0),"")
A54: 38 | B54: =IF(AND($N54="",$O54=""),"",IF($N54<>"",INDEX(PCNormDate,$N54),INDEX(LdgDateB,$O54))) | C54: =IF($N54<>"",INDEX(PCOp,$N54),IF($O54<>"",IF(N(INDEX(TxnDepB,$O54))>0,"دریافت بانکی","پرداخت بانکی"),"")) | D54: =IF($N54<>"",IF(INDEX(PCDoc,$N54)="","—",INDEX(PCDoc,$N54)),IF($O54<>"",INDEX(LdgBankB,$O54),"")) | E54: =IF($N54<>"",IF(INDEX(PCCitrus,$N54)="","—",INDEX(PCCitrus,$N54)),"") | F54: =IF($N54<>"",IF(INDEX(PCScale,$N54)=0,"",INDEX(PCScale,$N54)),"") | G54: =IF($N54<>"",IF(INDEX(PCBaskets,$N54)=0,"",INDEX(PCBaskets,$N54)),"") | H54: =IF($N54<>"",IF(INDEX(PCNet,$N54)=0,"",INDEX(PCNet,$N54)),"") | I54: =IF($N54<>"",IF(INDEX(PCOp,$N54)="مرجوعی خرید","",IF(INDEX(PCAmount,$N54)<=0,"",INDEX(PCAmount,$N54))),IF($O54<>"",IF(INDEX(TxnDepB,$O54)=0,"",INDEX(TxnDepB,$O54)),"")) | J54: =IF($N54<>"",IF(INDEX(PCOp,$N54)="مرجوعی خرید",IF(INDEX(PCAmount,$N54)=0,"",-INDEX(PCAmount,$N54)),""),IF($O54<>"",IF(INDEX(TxnWitB,$O54)=0,"",INDEX(TxnWitB,$O54)),"")) | K54: =IF($B54="","",IF($K53="",$C$10,$K53)+IF($I54="",0,$I54)-IF($J54="",0,$J54)) | L54: =IF($N54<>"",IF(INDEX(PCNotes,$N54)="","—",INDEX(PCNotes,$N54)),IF($O54<>"",IF(INDEX(LdgNoteB,$O54)="","—",INDEX(LdgNoteB,$O54)),"")) | N54: =IFERROR(MATCH($C$5&"|"&RIGHT("000000"&38,6),LdgRankKeyA,0),"") | O54: =IFERROR(MATCH($C$5&"|"&RIGHT("000000"&38,6),LdgRankKeyB,0),"")
A55: 39 | B55: =IF(AND($N55="",$O55=""),"",IF($N55<>"",INDEX(PCNormDate,$N55),INDEX(LdgDateB,$O55))) | C55: =IF($N55<>"",INDEX(PCOp,$N55),IF($O55<>"",IF(N(INDEX(TxnDepB,$O55))>0,"دریافت بانکی","پرداخت بانکی"),"")) | D55: =IF($N55<>"",IF(INDEX(PCDoc,$N55)="","—",INDEX(PCDoc,$N55)),IF($O55<>"",INDEX(LdgBankB,$O55),"")) | E55: =IF($N55<>"",IF(INDEX(PCCitrus,$N55)="","—",INDEX(PCCitrus,$N55)),"") | F55: =IF($N55<>"",IF(INDEX(PCScale,$N55)=0,"",INDEX(PCScale,$N55)),"") | G55: =IF($N55<>"",IF(INDEX(PCBaskets,$N55)=0,"",INDEX(PCBaskets,$N55)),"") | H55: =IF($N55<>"",IF(INDEX(PCNet,$N55)=0,"",INDEX(PCNet,$N55)),"") | I55: =IF($N55<>"",IF(INDEX(PCOp,$N55)="مرجوعی خرید","",IF(INDEX(PCAmount,$N55)<=0,"",INDEX(PCAmount,$N55))),IF($O55<>"",IF(INDEX(TxnDepB,$O55)=0,"",INDEX(TxnDepB,$O55)),"")) | J55: =IF($N55<>"",IF(INDEX(PCOp,$N55)="مرجوعی خرید",IF(INDEX(PCAmount,$N55)=0,"",-INDEX(PCAmount,$N55)),""),IF($O55<>"",IF(INDEX(TxnWitB,$O55)=0,"",INDEX(TxnWitB,$O55)),"")) | K55: =IF($B55="","",IF($K54="",$C$10,$K54)+IF($I55="",0,$I55)-IF($J55="",0,$J55)) | L55: =IF($N55<>"",IF(INDEX(PCNotes,$N55)="","—",INDEX(PCNotes,$N55)),IF($O55<>"",IF(INDEX(LdgNoteB,$O55)="","—",INDEX(LdgNoteB,$O55)),"")) | N55: =IFERROR(MATCH($C$5&"|"&RIGHT("000000"&39,6),LdgRankKeyA,0),"") | O55: =IFERROR(MATCH($C$5&"|"&RIGHT("000000"&39,6),LdgRankKeyB,0),"")
A56: 40 | B56: =IF(AND($N56="",$O56=""),"",IF($N56<>"",INDEX(PCNormDate,$N56),INDEX(LdgDateB,$O56))) | C56: =IF($N56<>"",INDEX(PCOp,$N56),IF($O56<>"",IF(N(INDEX(TxnDepB,$O56))>0,"دریافت بانکی","پرداخت بانکی"),"")) | D56: =IF($N56<>"",IF(INDEX(PCDoc,$N56)="","—",INDEX(PCDoc,$N56)),IF($O56<>"",INDEX(LdgBankB,$O56),"")) | E56: =IF($N56<>"",IF(INDEX(PCCitrus,$N56)="","—",INDEX(PCCitrus,$N56)),"") | F56: =IF($N56<>"",IF(INDEX(PCScale,$N56)=0,"",INDEX(PCScale,$N56)),"") | G56: =IF($N56<>"",IF(INDEX(PCBaskets,$N56)=0,"",INDEX(PCBaskets,$N56)),"") | H56: =IF($N56<>"",IF(INDEX(PCNet,$N56)=0,"",INDEX(PCNet,$N56)),"") | I56: =IF($N56<>"",IF(INDEX(PCOp,$N56)="مرجوعی خرید","",IF(INDEX(PCAmount,$N56)<=0,"",INDEX(PCAmount,$N56))),IF($O56<>"",IF(INDEX(TxnDepB,$O56)=0,"",INDEX(TxnDepB,$O56)),"")) | J56: =IF($N56<>"",IF(INDEX(PCOp,$N56)="مرجوعی خرید",IF(INDEX(PCAmount,$N56)=0,"",-INDEX(PCAmount,$N56)),""),IF($O56<>"",IF(INDEX(TxnWitB,$O56)=0,"",INDEX(TxnWitB,$O56)),"")) | K56: =IF($B56="","",IF($K55="",$C$10,$K55)+IF($I56="",0,$I56)-IF($J56="",0,$J56)) | L56: =IF($N56<>"",IF(INDEX(PCNotes,$N56)="","—",INDEX(PCNotes,$N56)),IF($O56<>"",IF(INDEX(LdgNoteB,$O56)="","—",INDEX(LdgNoteB,$O56)),"")) | N56: =IFERROR(MATCH($C$5&"|"&RIGHT("000000"&40,6),LdgRankKeyA,0),"") | O56: =IFERROR(MATCH($C$5&"|"&RIGHT("000000"&40,6),LdgRankKeyB,0),"")
A57: 41 | B57: =IF(AND($N57="",$O57=""),"",IF($N57<>"",INDEX(PCNormDate,$N57),INDEX(LdgDateB,$O57))) | C57: =IF($N57<>"",INDEX(PCOp,$N57),IF($O57<>"",IF(N(INDEX(TxnDepB,$O57))>0,"دریافت بانکی","پرداخت بانکی"),"")) | D57: =IF($N57<>"",IF(INDEX(PCDoc,$N57)="","—",INDEX(PCDoc,$N57)),IF($O57<>"",INDEX(LdgBankB,$O57),"")) | E57: =IF($N57<>"",IF(INDEX(PCCitrus,$N57)="","—",INDEX(PCCitrus,$N57)),"") | F57: =IF($N57<>"",IF(INDEX(PCScale,$N57)=0,"",INDEX(PCScale,$N57)),"") | G57: =IF($N57<>"",IF(INDEX(PCBaskets,$N57)=0,"",INDEX(PCBaskets,$N57)),"") | H57: =IF($N57<>"",IF(INDEX(PCNet,$N57)=0,"",INDEX(PCNet,$N57)),"") | I57: =IF($N57<>"",IF(INDEX(PCOp,$N57)="مرجوعی خرید","",IF(INDEX(PCAmount,$N57)<=0,"",INDEX(PCAmount,$N57))),IF($O57<>"",IF(INDEX(TxnDepB,$O57)=0,"",INDEX(TxnDepB,$O57)),"")) | J57: =IF($N57<>"",IF(INDEX(PCOp,$N57)="مرجوعی خرید",IF(INDEX(PCAmount,$N57)=0,"",-INDEX(PCAmount,$N57)),""),IF($O57<>"",IF(INDEX(TxnWitB,$O57)=0,"",INDEX(TxnWitB,$O57)),"")) | K57: =IF($B57="","",IF($K56="",$C$10,$K56)+IF($I57="",0,$I57)-IF($J57="",0,$J57)) | L57: =IF($N57<>"",IF(INDEX(PCNotes,$N57)="","—",INDEX(PCNotes,$N57)),IF($O57<>"",IF(INDEX(LdgNoteB,$O57)="","—",INDEX(LdgNoteB,$O57)),"")) | N57: =IFERROR(MATCH($C$5&"|"&RIGHT("000000"&41,6),LdgRankKeyA,0),"") | O57: =IFERROR(MATCH($C$5&"|"&RIGHT("000000"&41,6),LdgRankKeyB,0),"")
A58: 42 | B58: =IF(AND($N58="",$O58=""),"",IF($N58<>"",INDEX(PCNormDate,$N58),INDEX(LdgDateB,$O58))) | C58: =IF($N58<>"",INDEX(PCOp,$N58),IF($O58<>"",IF(N(INDEX(TxnDepB,$O58))>0,"دریافت بانکی","پرداخت بانکی"),"")) | D58: =IF($N58<>"",IF(INDEX(PCDoc,$N58)="","—",INDEX(PCDoc,$N58)),IF($O58<>"",INDEX(LdgBankB,$O58),"")) | E58: =IF($N58<>"",IF(INDEX(PCCitrus,$N58)="","—",INDEX(PCCitrus,$N58)),"") | F58: =IF($N58<>"",IF(INDEX(PCScale,$N58)=0,"",INDEX(PCScale,$N58)),"") | G58: =IF($N58<>"",IF(INDEX(PCBaskets,$N58)=0,"",INDEX(PCBaskets,$N58)),"") | H58: =IF($N58<>"",IF(INDEX(PCNet,$N58)=0,"",INDEX(PCNet,$N58)),"") | I58: =IF($N58<>"",IF(INDEX(PCOp,$N58)="مرجوعی خرید","",IF(INDEX(PCAmount,$N58)<=0,"",INDEX(PCAmount,$N58))),IF($O58<>"",IF(INDEX(TxnDepB,$O58)=0,"",INDEX(TxnDepB,$O58)),"")) | J58: =IF($N58<>"",IF(INDEX(PCOp,$N58)="مرجوعی خرید",IF(INDEX(PCAmount,$N58)=0,"",-INDEX(PCAmount,$N58)),""),IF($O58<>"",IF(INDEX(TxnWitB,$O58)=0,"",INDEX(TxnWitB,$O58)),"")) | K58: =IF($B58="","",IF($K57="",$C$10,$K57)+IF($I58="",0,$I58)-IF($J58="",0,$J58)) | L58: =IF($N58<>"",IF(INDEX(PCNotes,$N58)="","—",INDEX(PCNotes,$N58)),IF($O58<>"",IF(INDEX(LdgNoteB,$O58)="","—",INDEX(LdgNoteB,$O58)),"")) | N58: =IFERROR(MATCH($C$5&"|"&RIGHT("000000"&42,6),LdgRankKeyA,0),"") | O58: =IFERROR(MATCH($C$5&"|"&RIGHT("000000"&42,6),LdgRankKeyB,0),"")
A59: 43 | B59: =IF(AND($N59="",$O59=""),"",IF($N59<>"",INDEX(PCNormDate,$N59),INDEX(LdgDateB,$O59))) | C59: =IF($N59<>"",INDEX(PCOp,$N59),IF($O59<>"",IF(N(INDEX(TxnDepB,$O59))>0,"دریافت بانکی","پرداخت بانکی"),"")) | D59: =IF($N59<>"",IF(INDEX(PCDoc,$N59)="","—",INDEX(PCDoc,$N59)),IF($O59<>"",INDEX(LdgBankB,$O59),"")) | E59: =IF($N59<>"",IF(INDEX(PCCitrus,$N59)="","—",INDEX(PCCitrus,$N59)),"") | F59: =IF($N59<>"",IF(INDEX(PCScale,$N59)=0,"",INDEX(PCScale,$N59)),"") | G59: =IF($N59<>"",IF(INDEX(PCBaskets,$N59)=0,"",INDEX(PCBaskets,$N59)),"") | H59: =IF($N59<>"",IF(INDEX(PCNet,$N59)=0,"",INDEX(PCNet,$N59)),"") | I59: =IF($N59<>"",IF(INDEX(PCOp,$N59)="مرجوعی خرید","",IF(INDEX(PCAmount,$N59)<=0,"",INDEX(PCAmount,$N59))),IF($O59<>"",IF(INDEX(TxnDepB,$O59)=0,"",INDEX(TxnDepB,$O59)),"")) | J59: =IF($N59<>"",IF(INDEX(PCOp,$N59)="مرجوعی خرید",IF(INDEX(PCAmount,$N59)=0,"",-INDEX(PCAmount,$N59)),""),IF($O59<>"",IF(INDEX(TxnWitB,$O59)=0,"",INDEX(TxnWitB,$O59)),"")) | K59: =IF($B59="","",IF($K58="",$C$10,$K58)+IF($I59="",0,$I59)-IF($J59="",0,$J59)) | L59: =IF($N59<>"",IF(INDEX(PCNotes,$N59)="","—",INDEX(PCNotes,$N59)),IF($O59<>"",IF(INDEX(LdgNoteB,$O59)="","—",INDEX(LdgNoteB,$O59)),"")) | N59: =IFERROR(MATCH($C$5&"|"&RIGHT("000000"&43,6),LdgRankKeyA,0),"") | O59: =IFERROR(MATCH($C$5&"|"&RIGHT("000000"&43,6),LdgRankKeyB,0),"")
A60: 44 | B60: =IF(AND($N60="",$O60=""),"",IF($N60<>"",INDEX(PCNormDate,$N60),INDEX(LdgDateB,$O60))) | C60: =IF($N60<>"",INDEX(PCOp,$N60),IF($O60<>"",IF(N(INDEX(TxnDepB,$O60))>0,"دریافت بانکی","پرداخت بانکی"),"")) | D60: =IF($N60<>"",IF(INDEX(PCDoc,$N60)="","—",INDEX(PCDoc,$N60)),IF($O60<>"",INDEX(LdgBankB,$O60),"")) | E60: =IF($N60<>"",IF(INDEX(PCCitrus,$N60)="","—",INDEX(PCCitrus,$N60)),"") | F60: =IF($N60<>"",IF(INDEX(PCScale,$N60)=0,"",INDEX(PCScale,$N60)),"") | G60: =IF($N60<>"",IF(INDEX(PCBaskets,$N60)=0,"",INDEX(PCBaskets,$N60)),"") | H60: =IF($N60<>"",IF(INDEX(PCNet,$N60)=0,"",INDEX(PCNet,$N60)),"") | I60: =IF($N60<>"",IF(INDEX(PCOp,$N60)="مرجوعی خرید","",IF(INDEX(PCAmount,$N60)<=0,"",INDEX(PCAmount,$N60))),IF($O60<>"",IF(INDEX(TxnDepB,$O60)=0,"",INDEX(TxnDepB,$O60)),"")) | J60: =IF($N60<>"",IF(INDEX(PCOp,$N60)="مرجوعی خرید",IF(INDEX(PCAmount,$N60)=0,"",-INDEX(PCAmount,$N60)),""),IF($O60<>"",IF(INDEX(TxnWitB,$O60)=0,"",INDEX(TxnWitB,$O60)),"")) | K60: =IF($B60="","",IF($K59="",$C$10,$K59)+IF($I60="",0,$I60)-IF($J60="",0,$J60)) | L60: =IF($N60<>"",IF(INDEX(PCNotes,$N60)="","—",INDEX(PCNotes,$N60)),IF($O60<>"",IF(INDEX(LdgNoteB,$O60)="","—",INDEX(LdgNoteB,$O60)),"")) | N60: =IFERROR(MATCH($C$5&"|"&RIGHT("000000"&44,6),LdgRankKeyA,0),"") | O60: =IFERROR(MATCH($C$5&"|"&RIGHT("000000"&44,6),LdgRankKeyB,0),"")
A61: 45 | B61: =IF(AND($N61="",$O61=""),"",IF($N61<>"",INDEX(PCNormDate,$N61),INDEX(LdgDateB,$O61))) | C61: =IF($N61<>"",INDEX(PCOp,$N61),IF($O61<>"",IF(N(INDEX(TxnDepB,$O61))>0,"دریافت بانکی","پرداخت بانکی"),"")) | D61: =IF($N61<>"",IF(INDEX(PCDoc,$N61)="","—",INDEX(PCDoc,$N61)),IF($O61<>"",INDEX(LdgBankB,$O61),"")) | E61: =IF($N61<>"",IF(INDEX(PCCitrus,$N61)="","—",INDEX(PCCitrus,$N61)),"") | F61: =IF($N61<>"",IF(INDEX(PCScale,$N61)=0,"",INDEX(PCScale,$N61)),"") | G61: =IF($N61<>"",IF(INDEX(PCBaskets,$N61)=0,"",INDEX(PCBaskets,$N61)),"") | H61: =IF($N61<>"",IF(INDEX(PCNet,$N61)=0,"",INDEX(PCNet,$N61)),"") | I61: =IF($N61<>"",IF(INDEX(PCOp,$N61)="مرجوعی خرید","",IF(INDEX(PCAmount,$N61)<=0,"",INDEX(PCAmount,$N61))),IF($O61<>"",IF(INDEX(TxnDepB,$O61)=0,"",INDEX(TxnDepB,$O61)),"")) | J61: =IF($N61<>"",IF(INDEX(PCOp,$N61)="مرجوعی خرید",IF(INDEX(PCAmount,$N61)=0,"",-INDEX(PCAmount,$N61)),""),IF($O61<>"",IF(INDEX(TxnWitB,$O61)=0,"",INDEX(TxnWitB,$O61)),"")) | K61: =IF($B61="","",IF($K60="",$C$10,$K60)+IF($I61="",0,$I61)-IF($J61="",0,$J61)) | L61: =IF($N61<>"",IF(INDEX(PCNotes,$N61)="","—",INDEX(PCNotes,$N61)),IF($O61<>"",IF(INDEX(LdgNoteB,$O61)="","—",INDEX(LdgNoteB,$O61)),"")) | N61: =IFERROR(MATCH($C$5&"|"&RIGHT("000000"&45,6),LdgRankKeyA,0),"") | O61: =IFERROR(MATCH($C$5&"|"&RIGHT("000000"&45,6),LdgRankKeyB,0),"")
A62: 46 | B62: =IF(AND($N62="",$O62=""),"",IF($N62<>"",INDEX(PCNormDate,$N62),INDEX(LdgDateB,$O62))) | C62: =IF($N62<>"",INDEX(PCOp,$N62),IF($O62<>"",IF(N(INDEX(TxnDepB,$O62))>0,"دریافت بانکی","پرداخت بانکی"),"")) | D62: =IF($N62<>"",IF(INDEX(PCDoc,$N62)="","—",INDEX(PCDoc,$N62)),IF($O62<>"",INDEX(LdgBankB,$O62),"")) | E62: =IF($N62<>"",IF(INDEX(PCCitrus,$N62)="","—",INDEX(PCCitrus,$N62)),"") | F62: =IF($N62<>"",IF(INDEX(PCScale,$N62)=0,"",INDEX(PCScale,$N62)),"") | G62: =IF($N62<>"",IF(INDEX(PCBaskets,$N62)=0,"",INDEX(PCBaskets,$N62)),"") | H62: =IF($N62<>"",IF(INDEX(PCNet,$N62)=0,"",INDEX(PCNet,$N62)),"") | I62: =IF($N62<>"",IF(INDEX(PCOp,$N62)="مرجوعی خرید","",IF(INDEX(PCAmount,$N62)<=0,"",INDEX(PCAmount,$N62))),IF($O62<>"",IF(INDEX(TxnDepB,$O62)=0,"",INDEX(TxnDepB,$O62)),"")) | J62: =IF($N62<>"",IF(INDEX(PCOp,$N62)="مرجوعی خرید",IF(INDEX(PCAmount,$N62)=0,"",-INDEX(PCAmount,$N62)),""),IF($O62<>"",IF(INDEX(TxnWitB,$O62)=0,"",INDEX(TxnWitB,$O62)),"")) | K62: =IF($B62="","",IF($K61="",$C$10,$K61)+IF($I62="",0,$I62)-IF($J62="",0,$J62)) | L62: =IF($N62<>"",IF(INDEX(PCNotes,$N62)="","—",INDEX(PCNotes,$N62)),IF($O62<>"",IF(INDEX(LdgNoteB,$O62)="","—",INDEX(LdgNoteB,$O62)),"")) | N62: =IFERROR(MATCH($C$5&"|"&RIGHT("000000"&46,6),LdgRankKeyA,0),"") | O62: =IFERROR(MATCH($C$5&"|"&RIGHT("000000"&46,6),LdgRankKeyB,0),"")
A63: 47 | B63: =IF(AND($N63="",$O63=""),"",IF($N63<>"",INDEX(PCNormDate,$N63),INDEX(LdgDateB,$O63))) | C63: =IF($N63<>"",INDEX(PCOp,$N63),IF($O63<>"",IF(N(INDEX(TxnDepB,$O63))>0,"دریافت بانکی","پرداخت بانکی"),"")) | D63: =IF($N63<>"",IF(INDEX(PCDoc,$N63)="","—",INDEX(PCDoc,$N63)),IF($O63<>"",INDEX(LdgBankB,$O63),"")) | E63: =IF($N63<>"",IF(INDEX(PCCitrus,$N63)="","—",INDEX(PCCitrus,$N63)),"") | F63: =IF($N63<>"",IF(INDEX(PCScale,$N63)=0,"",INDEX(PCScale,$N63)),"") | G63: =IF($N63<>"",IF(INDEX(PCBaskets,$N63)=0,"",INDEX(PCBaskets,$N63)),"") | H63: =IF($N63<>"",IF(INDEX(PCNet,$N63)=0,"",INDEX(PCNet,$N63)),"") | I63: =IF($N63<>"",IF(INDEX(PCOp,$N63)="مرجوعی خرید","",IF(INDEX(PCAmount,$N63)<=0,"",INDEX(PCAmount,$N63))),IF($O63<>"",IF(INDEX(TxnDepB,$O63)=0,"",INDEX(TxnDepB,$O63)),"")) | J63: =IF($N63<>"",IF(INDEX(PCOp,$N63)="مرجوعی خرید",IF(INDEX(PCAmount,$N63)=0,"",-INDEX(PCAmount,$N63)),""),IF($O63<>"",IF(INDEX(TxnWitB,$O63)=0,"",INDEX(TxnWitB,$O63)),"")) | K63: =IF($B63="","",IF($K62="",$C$10,$K62)+IF($I63="",0,$I63)-IF($J63="",0,$J63)) | L63: =IF($N63<>"",IF(INDEX(PCNotes,$N63)="","—",INDEX(PCNotes,$N63)),IF($O63<>"",IF(INDEX(LdgNoteB,$O63)="","—",INDEX(LdgNoteB,$O63)),"")) | N63: =IFERROR(MATCH($C$5&"|"&RIGHT("000000"&47,6),LdgRankKeyA,0),"") | O63: =IFERROR(MATCH($C$5&"|"&RIGHT("000000"&47,6),LdgRankKeyB,0),"")
A64: 48 | B64: =IF(AND($N64="",$O64=""),"",IF($N64<>"",INDEX(PCNormDate,$N64),INDEX(LdgDateB,$O64))) | C64: =IF($N64<>"",INDEX(PCOp,$N64),IF($O64<>"",IF(N(INDEX(TxnDepB,$O64))>0,"دریافت بانکی","پرداخت بانکی"),"")) | D64: =IF($N64<>"",IF(INDEX(PCDoc,$N64)="","—",INDEX(PCDoc,$N64)),IF($O64<>"",INDEX(LdgBankB,$O64),"")) | E64: =IF($N64<>"",IF(INDEX(PCCitrus,$N64)="","—",INDEX(PCCitrus,$N64)),"") | F64: =IF($N64<>"",IF(INDEX(PCScale,$N64)=0,"",INDEX(PCScale,$N64)),"") | G64: =IF($N64<>"",IF(INDEX(PCBaskets,$N64)=0,"",INDEX(PCBaskets,$N64)),"") | H64: =IF($N64<>"",IF(INDEX(PCNet,$N64)=0,"",INDEX(PCNet,$N64)),"") | I64: =IF($N64<>"",IF(INDEX(PCOp,$N64)="مرجوعی خرید","",IF(INDEX(PCAmount,$N64)<=0,"",INDEX(PCAmount,$N64))),IF($O64<>"",IF(INDEX(TxnDepB,$O64)=0,"",INDEX(TxnDepB,$O64)),"")) | J64: =IF($N64<>"",IF(INDEX(PCOp,$N64)="مرجوعی خرید",IF(INDEX(PCAmount,$N64)=0,"",-INDEX(PCAmount,$N64)),""),IF($O64<>"",IF(INDEX(TxnWitB,$O64)=0,"",INDEX(TxnWitB,$O64)),"")) | K64: =IF($B64="","",IF($K63="",$C$10,$K63)+IF($I64="",0,$I64)-IF($J64="",0,$J64)) | L64: =IF($N64<>"",IF(INDEX(PCNotes,$N64)="","—",INDEX(PCNotes,$N64)),IF($O64<>"",IF(INDEX(LdgNoteB,$O64)="","—",INDEX(LdgNoteB,$O64)),"")) | N64: =IFERROR(MATCH($C$5&"|"&RIGHT("000000"&48,6),LdgRankKeyA,0),"") | O64: =IFERROR(MATCH($C$5&"|"&RIGHT("000000"&48,6),LdgRankKeyB,0),"")
A65: 49 | B65: =IF(AND($N65="",$O65=""),"",IF($N65<>"",INDEX(PCNormDate,$N65),INDEX(LdgDateB,$O65))) | C65: =IF($N65<>"",INDEX(PCOp,$N65),IF($O65<>"",IF(N(INDEX(TxnDepB,$O65))>0,"دریافت بانکی","پرداخت بانکی"),"")) | D65: =IF($N65<>"",IF(INDEX(PCDoc,$N65)="","—",INDEX(PCDoc,$N65)),IF($O65<>"",INDEX(LdgBankB,$O65),"")) | E65: =IF($N65<>"",IF(INDEX(PCCitrus,$N65)="","—",INDEX(PCCitrus,$N65)),"") | F65: =IF($N65<>"",IF(INDEX(PCScale,$N65)=0,"",INDEX(PCScale,$N65)),"") | G65: =IF($N65<>"",IF(INDEX(PCBaskets,$N65)=0,"",INDEX(PCBaskets,$N65)),"") | H65: =IF($N65<>"",IF(INDEX(PCNet,$N65)=0,"",INDEX(PCNet,$N65)),"") | I65: =IF($N65<>"",IF(INDEX(PCOp,$N65)="مرجوعی خرید","",IF(INDEX(PCAmount,$N65)<=0,"",INDEX(PCAmount,$N65))),IF($O65<>"",IF(INDEX(TxnDepB,$O65)=0,"",INDEX(TxnDepB,$O65)),"")) | J65: =IF($N65<>"",IF(INDEX(PCOp,$N65)="مرجوعی خرید",IF(INDEX(PCAmount,$N65)=0,"",-INDEX(PCAmount,$N65)),""),IF($O65<>"",IF(INDEX(TxnWitB,$O65)=0,"",INDEX(TxnWitB,$O65)),"")) | K65: =IF($B65="","",IF($K64="",$C$10,$K64)+IF($I65="",0,$I65)-IF($J65="",0,$J65)) | L65: =IF($N65<>"",IF(INDEX(PCNotes,$N65)="","—",INDEX(PCNotes,$N65)),IF($O65<>"",IF(INDEX(LdgNoteB,$O65)="","—",INDEX(LdgNoteB,$O65)),"")) | N65: =IFERROR(MATCH($C$5&"|"&RIGHT("000000"&49,6),LdgRankKeyA,0),"") | O65: =IFERROR(MATCH($C$5&"|"&RIGHT("000000"&49,6),LdgRankKeyB,0),"")
A66: 50 | B66: =IF(AND($N66="",$O66=""),"",IF($N66<>"",INDEX(PCNormDate,$N66),INDEX(LdgDateB,$O66))) | C66: =IF($N66<>"",INDEX(PCOp,$N66),IF($O66<>"",IF(N(INDEX(TxnDepB,$O66))>0,"دریافت بانکی","پرداخت بانکی"),"")) | D66: =IF($N66<>"",IF(INDEX(PCDoc,$N66)="","—",INDEX(PCDoc,$N66)),IF($O66<>"",INDEX(LdgBankB,$O66),"")) | E66: =IF($N66<>"",IF(INDEX(PCCitrus,$N66)="","—",INDEX(PCCitrus,$N66)),"") | F66: =IF($N66<>"",IF(INDEX(PCScale,$N66)=0,"",INDEX(PCScale,$N66)),"") | G66: =IF($N66<>"",IF(INDEX(PCBaskets,$N66)=0,"",INDEX(PCBaskets,$N66)),"") | H66: =IF($N66<>"",IF(INDEX(PCNet,$N66)=0,"",INDEX(PCNet,$N66)),"") | I66: =IF($N66<>"",IF(INDEX(PCOp,$N66)="مرجوعی خرید","",IF(INDEX(PCAmount,$N66)<=0,"",INDEX(PCAmount,$N66))),IF($O66<>"",IF(INDEX(TxnDepB,$O66)=0,"",INDEX(TxnDepB,$O66)),"")) | J66: =IF($N66<>"",IF(INDEX(PCOp,$N66)="مرجوعی خرید",IF(INDEX(PCAmount,$N66)=0,"",-INDEX(PCAmount,$N66)),""),IF($O66<>"",IF(INDEX(TxnWitB,$O66)=0,"",INDEX(TxnWitB,$O66)),"")) | K66: =IF($B66="","",IF($K65="",$C$10,$K65)+IF($I66="",0,$I66)-IF($J66="",0,$J66)) | L66: =IF($N66<>"",IF(INDEX(PCNotes,$N66)="","—",INDEX(PCNotes,$N66)),IF($O66<>"",IF(INDEX(LdgNoteB,$O66)="","—",INDEX(LdgNoteB,$O66)),"")) | N66: =IFERROR(MATCH($C$5&"|"&RIGHT("000000"&50,6),LdgRankKeyA,0),"") | O66: =IFERROR(MATCH($C$5&"|"&RIGHT("000000"&50,6),LdgRankKeyB,0),"")
A67: 51 | B67: =IF(AND($N67="",$O67=""),"",IF($N67<>"",INDEX(PCNormDate,$N67),INDEX(LdgDateB,$O67))) | C67: =IF($N67<>"",INDEX(PCOp,$N67),IF($O67<>"",IF(N(INDEX(TxnDepB,$O67))>0,"دریافت بانکی","پرداخت بانکی"),"")) | D67: =IF($N67<>"",IF(INDEX(PCDoc,$N67)="","—",INDEX(PCDoc,$N67)),IF($O67<>"",INDEX(LdgBankB,$O67),"")) | E67: =IF($N67<>"",IF(INDEX(PCCitrus,$N67)="","—",INDEX(PCCitrus,$N67)),"") | F67: =IF($N67<>"",IF(INDEX(PCScale,$N67)=0,"",INDEX(PCScale,$N67)),"") | G67: =IF($N67<>"",IF(INDEX(PCBaskets,$N67)=0,"",INDEX(PCBaskets,$N67)),"") | H67: =IF($N67<>"",IF(INDEX(PCNet,$N67)=0,"",INDEX(PCNet,$N67)),"") | I67: =IF($N67<>"",IF(INDEX(PCOp,$N67)="مرجوعی خرید","",IF(INDEX(PCAmount,$N67)<=0,"",INDEX(PCAmount,$N67))),IF($O67<>"",IF(INDEX(TxnDepB,$O67)=0,"",INDEX(TxnDepB,$O67)),"")) | J67: =IF($N67<>"",IF(INDEX(PCOp,$N67)="مرجوعی خرید",IF(INDEX(PCAmount,$N67)=0,"",-INDEX(PCAmount,$N67)),""),IF($O67<>"",IF(INDEX(TxnWitB,$O67)=0,"",INDEX(TxnWitB,$O67)),"")) | K67: =IF($B67="","",IF($K66="",$C$10,$K66)+IF($I67="",0,$I67)-IF($J67="",0,$J67)) | L67: =IF($N67<>"",IF(INDEX(PCNotes,$N67)="","—",INDEX(PCNotes,$N67)),IF($O67<>"",IF(INDEX(LdgNoteB,$O67)="","—",INDEX(LdgNoteB,$O67)),"")) | N67: =IFERROR(MATCH($C$5&"|"&RIGHT("000000"&51,6),LdgRankKeyA,0),"") | O67: =IFERROR(MATCH($C$5&"|"&RIGHT("000000"&51,6),LdgRankKeyB,0),"")
A68: 52 | B68: =IF(AND($N68="",$O68=""),"",IF($N68<>"",INDEX(PCNormDate,$N68),INDEX(LdgDateB,$O68))) | C68: =IF($N68<>"",INDEX(PCOp,$N68),IF($O68<>"",IF(N(INDEX(TxnDepB,$O68))>0,"دریافت بانکی","پرداخت بانکی"),"")) | D68: =IF($N68<>"",IF(INDEX(PCDoc,$N68)="","—",INDEX(PCDoc,$N68)),IF($O68<>"",INDEX(LdgBankB,$O68),"")) | E68: =IF($N68<>"",IF(INDEX(PCCitrus,$N68)="","—",INDEX(PCCitrus,$N68)),"") | F68: =IF($N68<>"",IF(INDEX(PCScale,$N68)=0,"",INDEX(PCScale,$N68)),"") | G68: =IF($N68<>"",IF(INDEX(PCBaskets,$N68)=0,"",INDEX(PCBaskets,$N68)),"") | H68: =IF($N68<>"",IF(INDEX(PCNet,$N68)=0,"",INDEX(PCNet,$N68)),"") | I68: =IF($N68<>"",IF(INDEX(PCOp,$N68)="مرجوعی خرید","",IF(INDEX(PCAmount,$N68)<=0,"",INDEX(PCAmount,$N68))),IF($O68<>"",IF(INDEX(TxnDepB,$O68)=0,"",INDEX(TxnDepB,$O68)),"")) | J68: =IF($N68<>"",IF(INDEX(PCOp,$N68)="مرجوعی خرید",IF(INDEX(PCAmount,$N68)=0,"",-INDEX(PCAmount,$N68)),""),IF($O68<>"",IF(INDEX(TxnWitB,$O68)=0,"",INDEX(TxnWitB,$O68)),"")) | K68: =IF($B68="","",IF($K67="",$C$10,$K67)+IF($I68="",0,$I68)-IF($J68="",0,$J68)) | L68: =IF($N68<>"",IF(INDEX(PCNotes,$N68)="","—",INDEX(PCNotes,$N68)),IF($O68<>"",IF(INDEX(LdgNoteB,$O68)="","—",INDEX(LdgNoteB,$O68)),"")) | N68: =IFERROR(MATCH($C$5&"|"&RIGHT("000000"&52,6),LdgRankKeyA,0),"") | O68: =IFERROR(MATCH($C$5&"|"&RIGHT("000000"&52,6),LdgRankKeyB,0),"")
A69: 53 | B69: =IF(AND($N69="",$O69=""),"",IF($N69<>"",INDEX(PCNormDate,$N69),INDEX(LdgDateB,$O69))) | C69: =IF($N69<>"",INDEX(PCOp,$N69),IF($O69<>"",IF(N(INDEX(TxnDepB,$O69))>0,"دریافت بانکی","پرداخت بانکی"),"")) | D69: =IF($N69<>"",IF(INDEX(PCDoc,$N69)="","—",INDEX(PCDoc,$N69)),IF($O69<>"",INDEX(LdgBankB,$O69),"")) | E69: =IF($N69<>"",IF(INDEX(PCCitrus,$N69)="","—",INDEX(PCCitrus,$N69)),"") | F69: =IF($N69<>"",IF(INDEX(PCScale,$N69)=0,"",INDEX(PCScale,$N69)),"") | G69: =IF($N69<>"",IF(INDEX(PCBaskets,$N69)=0,"",INDEX(PCBaskets,$N69)),"") | H69: =IF($N69<>"",IF(INDEX(PCNet,$N69)=0,"",INDEX(PCNet,$N69)),"") | I69: =IF($N69<>"",IF(INDEX(PCOp,$N69)="مرجوعی خرید","",IF(INDEX(PCAmount,$N69)<=0,"",INDEX(PCAmount,$N69))),IF($O69<>"",IF(INDEX(TxnDepB,$O69)=0,"",INDEX(TxnDepB,$O69)),"")) | J69: =IF($N69<>"",IF(INDEX(PCOp,$N69)="مرجوعی خرید",IF(INDEX(PCAmount,$N69)=0,"",-INDEX(PCAmount,$N69)),""),IF($O69<>"",IF(INDEX(TxnWitB,$O69)=0,"",INDEX(TxnWitB,$O69)),"")) | K69: =IF($B69="","",IF($K68="",$C$10,$K68)+IF($I69="",0,$I69)-IF($J69="",0,$J69)) | L69: =IF($N69<>"",IF(INDEX(PCNotes,$N69)="","—",INDEX(PCNotes,$N69)),IF($O69<>"",IF(INDEX(LdgNoteB,$O69)="","—",INDEX(LdgNoteB,$O69)),"")) | N69: =IFERROR(MATCH($C$5&"|"&RIGHT("000000"&53,6),LdgRankKeyA,0),"") | O69: =IFERROR(MATCH($C$5&"|"&RIGHT("000000"&53,6),LdgRankKeyB,0),"")
A70: 54 | B70: =IF(AND($N70="",$O70=""),"",IF($N70<>"",INDEX(PCNormDate,$N70),INDEX(LdgDateB,$O70))) | C70: =IF($N70<>"",INDEX(PCOp,$N70),IF($O70<>"",IF(N(INDEX(TxnDepB,$O70))>0,"دریافت بانکی","پرداخت بانکی"),"")) | D70: =IF($N70<>"",IF(INDEX(PCDoc,$N70)="","—",INDEX(PCDoc,$N70)),IF($O70<>"",INDEX(LdgBankB,$O70),"")) | E70: =IF($N70<>"",IF(INDEX(PCCitrus,$N70)="","—",INDEX(PCCitrus,$N70)),"") | F70: =IF($N70<>"",IF(INDEX(PCScale,$N70)=0,"",INDEX(PCScale,$N70)),"") | G70: =IF($N70<>"",IF(INDEX(PCBaskets,$N70)=0,"",INDEX(PCBaskets,$N70)),"") | H70: =IF($N70<>"",IF(INDEX(PCNet,$N70)=0,"",INDEX(PCNet,$N70)),"") | I70: =IF($N70<>"",IF(INDEX(PCOp,$N70)="مرجوعی خرید","",IF(INDEX(PCAmount,$N70)<=0,"",INDEX(PCAmount,$N70))),IF($O70<>"",IF(INDEX(TxnDepB,$O70)=0,"",INDEX(TxnDepB,$O70)),"")) | J70: =IF($N70<>"",IF(INDEX(PCOp,$N70)="مرجوعی خرید",IF(INDEX(PCAmount,$N70)=0,"",-INDEX(PCAmount,$N70)),""),IF($O70<>"",IF(INDEX(TxnWitB,$O70)=0,"",INDEX(TxnWitB,$O70)),"")) | K70: =IF($B70="","",IF($K69="",$C$10,$K69)+IF($I70="",0,$I70)-IF($J70="",0,$J70)) | L70: =IF($N70<>"",IF(INDEX(PCNotes,$N70)="","—",INDEX(PCNotes,$N70)),IF($O70<>"",IF(INDEX(LdgNoteB,$O70)="","—",INDEX(LdgNoteB,$O70)),"")) | N70: =IFERROR(MATCH($C$5&"|"&RIGHT("000000"&54,6),LdgRankKeyA,0),"") | O70: =IFERROR(MATCH($C$5&"|"&RIGHT("000000"&54,6),LdgRankKeyB,0),"")
A71: 55 | B71: =IF(AND($N71="",$O71=""),"",IF($N71<>"",INDEX(PCNormDate,$N71),INDEX(LdgDateB,$O71))) | C71: =IF($N71<>"",INDEX(PCOp,$N71),IF($O71<>"",IF(N(INDEX(TxnDepB,$O71))>0,"دریافت بانکی","پرداخت بانکی"),"")) | D71: =IF($N71<>"",IF(INDEX(PCDoc,$N71)="","—",INDEX(PCDoc,$N71)),IF($O71<>"",INDEX(LdgBankB,$O71),"")) | E71: =IF($N71<>"",IF(INDEX(PCCitrus,$N71)="","—",INDEX(PCCitrus,$N71)),"") | F71: =IF($N71<>"",IF(INDEX(PCScale,$N71)=0,"",INDEX(PCScale,$N71)),"") | G71: =IF($N71<>"",IF(INDEX(PCBaskets,$N71)=0,"",INDEX(PCBaskets,$N71)),"") | H71: =IF($N71<>"",IF(INDEX(PCNet,$N71)=0,"",INDEX(PCNet,$N71)),"") | I71: =IF($N71<>"",IF(INDEX(PCOp,$N71)="مرجوعی خرید","",IF(INDEX(PCAmount,$N71)<=0,"",INDEX(PCAmount,$N71))),IF($O71<>"",IF(INDEX(TxnDepB,$O71)=0,"",INDEX(TxnDepB,$O71)),"")) | J71: =IF($N71<>"",IF(INDEX(PCOp,$N71)="مرجوعی خرید",IF(INDEX(PCAmount,$N71)=0,"",-INDEX(PCAmount,$N71)),""),IF($O71<>"",IF(INDEX(TxnWitB,$O71)=0,"",INDEX(TxnWitB,$O71)),"")) | K71: =IF($B71="","",IF($K70="",$C$10,$K70)+IF($I71="",0,$I71)-IF($J71="",0,$J71)) | L71: =IF($N71<>"",IF(INDEX(PCNotes,$N71)="","—",INDEX(PCNotes,$N71)),IF($O71<>"",IF(INDEX(LdgNoteB,$O71)="","—",INDEX(LdgNoteB,$O71)),"")) | N71: =IFERROR(MATCH($C$5&"|"&RIGHT("000000"&55,6),LdgRankKeyA,0),"") | O71: =IFERROR(MATCH($C$5&"|"&RIGHT("000000"&55,6),LdgRankKeyB,0),"")
A72: 56 | B72: =IF(AND($N72="",$O72=""),"",IF($N72<>"",INDEX(PCNormDate,$N72),INDEX(LdgDateB,$O72))) | C72: =IF($N72<>"",INDEX(PCOp,$N72),IF($O72<>"",IF(N(INDEX(TxnDepB,$O72))>0,"دریافت بانکی","پرداخت بانکی"),"")) | D72: =IF($N72<>"",IF(INDEX(PCDoc,$N72)="","—",INDEX(PCDoc,$N72)),IF($O72<>"",INDEX(LdgBankB,$O72),"")) | E72: =IF($N72<>"",IF(INDEX(PCCitrus,$N72)="","—",INDEX(PCCitrus,$N72)),"") | F72: =IF($N72<>"",IF(INDEX(PCScale,$N72)=0,"",INDEX(PCScale,$N72)),"") | G72: =IF($N72<>"",IF(INDEX(PCBaskets,$N72)=0,"",INDEX(PCBaskets,$N72)),"") | H72: =IF($N72<>"",IF(INDEX(PCNet,$N72)=0,"",INDEX(PCNet,$N72)),"") | I72: =IF($N72<>"",IF(INDEX(PCOp,$N72)="مرجوعی خرید","",IF(INDEX(PCAmount,$N72)<=0,"",INDEX(PCAmount,$N72))),IF($O72<>"",IF(INDEX(TxnDepB,$O72)=0,"",INDEX(TxnDepB,$O72)),"")) | J72: =IF($N72<>"",IF(INDEX(PCOp,$N72)="مرجوعی خرید",IF(INDEX(PCAmount,$N72)=0,"",-INDEX(PCAmount,$N72)),""),IF($O72<>"",IF(INDEX(TxnWitB,$O72)=0,"",INDEX(TxnWitB,$O72)),"")) | K72: =IF($B72="","",IF($K71="",$C$10,$K71)+IF($I72="",0,$I72)-IF($J72="",0,$J72)) | L72: =IF($N72<>"",IF(INDEX(PCNotes,$N72)="","—",INDEX(PCNotes,$N72)),IF($O72<>"",IF(INDEX(LdgNoteB,$O72)="","—",INDEX(LdgNoteB,$O72)),"")) | N72: =IFERROR(MATCH($C$5&"|"&RIGHT("000000"&56,6),LdgRankKeyA,0),"") | O72: =IFERROR(MATCH($C$5&"|"&RIGHT("000000"&56,6),LdgRankKeyB,0),"")
A73: 57 | B73: =IF(AND($N73="",$O73=""),"",IF($N73<>"",INDEX(PCNormDate,$N73),INDEX(LdgDateB,$O73))) | C73: =IF($N73<>"",INDEX(PCOp,$N73),IF($O73<>"",IF(N(INDEX(TxnDepB,$O73))>0,"دریافت بانکی","پرداخت بانکی"),"")) | D73: =IF($N73<>"",IF(INDEX(PCDoc,$N73)="","—",INDEX(PCDoc,$N73)),IF($O73<>"",INDEX(LdgBankB,$O73),"")) | E73: =IF($N73<>"",IF(INDEX(PCCitrus,$N73)="","—",INDEX(PCCitrus,$N73)),"") | F73: =IF($N73<>"",IF(INDEX(PCScale,$N73)=0,"",INDEX(PCScale,$N73)),"") | G73: =IF($N73<>"",IF(INDEX(PCBaskets,$N73)=0,"",INDEX(PCBaskets,$N73)),"") | H73: =IF($N73<>"",IF(INDEX(PCNet,$N73)=0,"",INDEX(PCNet,$N73)),"") | I73: =IF($N73<>"",IF(INDEX(PCOp,$N73)="مرجوعی خرید","",IF(INDEX(PCAmount,$N73)<=0,"",INDEX(PCAmount,$N73))),IF($O73<>"",IF(INDEX(TxnDepB,$O73)=0,"",INDEX(TxnDepB,$O73)),"")) | J73: =IF($N73<>"",IF(INDEX(PCOp,$N73)="مرجوعی خرید",IF(INDEX(PCAmount,$N73)=0,"",-INDEX(PCAmount,$N73)),""),IF($O73<>"",IF(INDEX(TxnWitB,$O73)=0,"",INDEX(TxnWitB,$O73)),"")) | K73: =IF($B73="","",IF($K72="",$C$10,$K72)+IF($I73="",0,$I73)-IF($J73="",0,$J73)) | L73: =IF($N73<>"",IF(INDEX(PCNotes,$N73)="","—",INDEX(PCNotes,$N73)),IF($O73<>"",IF(INDEX(LdgNoteB,$O73)="","—",INDEX(LdgNoteB,$O73)),"")) | N73: =IFERROR(MATCH($C$5&"|"&RIGHT("000000"&57,6),LdgRankKeyA,0),"") | O73: =IFERROR(MATCH($C$5&"|"&RIGHT("000000"&57,6),LdgRankKeyB,0),"")
A74: 58 | B74: =IF(AND($N74="",$O74=""),"",IF($N74<>"",INDEX(PCNormDate,$N74),INDEX(LdgDateB,$O74))) | C74: =IF($N74<>"",INDEX(PCOp,$N74),IF($O74<>"",IF(N(INDEX(TxnDepB,$O74))>0,"دریافت بانکی","پرداخت بانکی"),"")) | D74: =IF($N74<>"",IF(INDEX(PCDoc,$N74)="","—",INDEX(PCDoc,$N74)),IF($O74<>"",INDEX(LdgBankB,$O74),"")) | E74: =IF($N74<>"",IF(INDEX(PCCitrus,$N74)="","—",INDEX(PCCitrus,$N74)),"") | F74: =IF($N74<>"",IF(INDEX(PCScale,$N74)=0,"",INDEX(PCScale,$N74)),"") | G74: =IF($N74<>"",IF(INDEX(PCBaskets,$N74)=0,"",INDEX(PCBaskets,$N74)),"") | H74: =IF($N74<>"",IF(INDEX(PCNet,$N74)=0,"",INDEX(PCNet,$N74)),"") | I74: =IF($N74<>"",IF(INDEX(PCOp,$N74)="مرجوعی خرید","",IF(INDEX(PCAmount,$N74)<=0,"",INDEX(PCAmount,$N74))),IF($O74<>"",IF(INDEX(TxnDepB,$O74)=0,"",INDEX(TxnDepB,$O74)),"")) | J74: =IF($N74<>"",IF(INDEX(PCOp,$N74)="مرجوعی خرید",IF(INDEX(PCAmount,$N74)=0,"",-INDEX(PCAmount,$N74)),""),IF($O74<>"",IF(INDEX(TxnWitB,$O74)=0,"",INDEX(TxnWitB,$O74)),"")) | K74: =IF($B74="","",IF($K73="",$C$10,$K73)+IF($I74="",0,$I74)-IF($J74="",0,$J74)) | L74: =IF($N74<>"",IF(INDEX(PCNotes,$N74)="","—",INDEX(PCNotes,$N74)),IF($O74<>"",IF(INDEX(LdgNoteB,$O74)="","—",INDEX(LdgNoteB,$O74)),"")) | N74: =IFERROR(MATCH($C$5&"|"&RIGHT("000000"&58,6),LdgRankKeyA,0),"") | O74: =IFERROR(MATCH($C$5&"|"&RIGHT("000000"&58,6),LdgRankKeyB,0),"")
A75: 59 | B75: =IF(AND($N75="",$O75=""),"",IF($N75<>"",INDEX(PCNormDate,$N75),INDEX(LdgDateB,$O75))) | C75: =IF($N75<>"",INDEX(PCOp,$N75),IF($O75<>"",IF(N(INDEX(TxnDepB,$O75))>0,"دریافت بانکی","پرداخت بانکی"),"")) | D75: =IF($N75<>"",IF(INDEX(PCDoc,$N75)="","—",INDEX(PCDoc,$N75)),IF($O75<>"",INDEX(LdgBankB,$O75),"")) | E75: =IF($N75<>"",IF(INDEX(PCCitrus,$N75)="","—",INDEX(PCCitrus,$N75)),"") | F75: =IF($N75<>"",IF(INDEX(PCScale,$N75)=0,"",INDEX(PCScale,$N75)),"") | G75: =IF($N75<>"",IF(INDEX(PCBaskets,$N75)=0,"",INDEX(PCBaskets,$N75)),"") | H75: =IF($N75<>"",IF(INDEX(PCNet,$N75)=0,"",INDEX(PCNet,$N75)),"") | I75: =IF($N75<>"",IF(INDEX(PCOp,$N75)="مرجوعی خرید","",IF(INDEX(PCAmount,$N75)<=0,"",INDEX(PCAmount,$N75))),IF($O75<>"",IF(INDEX(TxnDepB,$O75)=0,"",INDEX(TxnDepB,$O75)),"")) | J75: =IF($N75<>"",IF(INDEX(PCOp,$N75)="مرجوعی خرید",IF(INDEX(PCAmount,$N75)=0,"",-INDEX(PCAmount,$N75)),""),IF($O75<>"",IF(INDEX(TxnWitB,$O75)=0,"",INDEX(TxnWitB,$O75)),"")) | K75: =IF($B75="","",IF($K74="",$C$10,$K74)+IF($I75="",0,$I75)-IF($J75="",0,$J75)) | L75: =IF($N75<>"",IF(INDEX(PCNotes,$N75)="","—",INDEX(PCNotes,$N75)),IF($O75<>"",IF(INDEX(LdgNoteB,$O75)="","—",INDEX(LdgNoteB,$O75)),"")) | N75: =IFERROR(MATCH($C$5&"|"&RIGHT("000000"&59,6),LdgRankKeyA,0),"") | O75: =IFERROR(MATCH($C$5&"|"&RIGHT("000000"&59,6),LdgRankKeyB,0),"")
A76: 60 | B76: =IF(AND($N76="",$O76=""),"",IF($N76<>"",INDEX(PCNormDate,$N76),INDEX(LdgDateB,$O76))) | C76: =IF($N76<>"",INDEX(PCOp,$N76),IF($O76<>"",IF(N(INDEX(TxnDepB,$O76))>0,"دریافت بانکی","پرداخت بانکی"),"")) | D76: =IF($N76<>"",IF(INDEX(PCDoc,$N76)="","—",INDEX(PCDoc,$N76)),IF($O76<>"",INDEX(LdgBankB,$O76),"")) | E76: =IF($N76<>"",IF(INDEX(PCCitrus,$N76)="","—",INDEX(PCCitrus,$N76)),"") | F76: =IF($N76<>"",IF(INDEX(PCScale,$N76)=0,"",INDEX(PCScale,$N76)),"") | G76: =IF($N76<>"",IF(INDEX(PCBaskets,$N76)=0,"",INDEX(PCBaskets,$N76)),"") | H76: =IF($N76<>"",IF(INDEX(PCNet,$N76)=0,"",INDEX(PCNet,$N76)),"") | I76: =IF($N76<>"",IF(INDEX(PCOp,$N76)="مرجوعی خرید","",IF(INDEX(PCAmount,$N76)<=0,"",INDEX(PCAmount,$N76))),IF($O76<>"",IF(INDEX(TxnDepB,$O76)=0,"",INDEX(TxnDepB,$O76)),"")) | J76: =IF($N76<>"",IF(INDEX(PCOp,$N76)="مرجوعی خرید",IF(INDEX(PCAmount,$N76)=0,"",-INDEX(PCAmount,$N76)),""),IF($O76<>"",IF(INDEX(TxnWitB,$O76)=0,"",INDEX(TxnWitB,$O76)),"")) | K76: =IF($B76="","",IF($K75="",$C$10,$K75)+IF($I76="",0,$I76)-IF($J76="",0,$J76)) | L76: =IF($N76<>"",IF(INDEX(PCNotes,$N76)="","—",INDEX(PCNotes,$N76)),IF($O76<>"",IF(INDEX(LdgNoteB,$O76)="","—",INDEX(LdgNoteB,$O76)),"")) | N76: =IFERROR(MATCH($C$5&"|"&RIGHT("000000"&60,6),LdgRankKeyA,0),"") | O76: =IFERROR(MATCH($C$5&"|"&RIGHT("000000"&60,6),LdgRankKeyB,0),"")
A77: 61 | B77: =IF(AND($N77="",$O77=""),"",IF($N77<>"",INDEX(PCNormDate,$N77),INDEX(LdgDateB,$O77))) | C77: =IF($N77<>"",INDEX(PCOp,$N77),IF($O77<>"",IF(N(INDEX(TxnDepB,$O77))>0,"دریافت بانکی","پرداخت بانکی"),"")) | D77: =IF($N77<>"",IF(INDEX(PCDoc,$N77)="","—",INDEX(PCDoc,$N77)),IF($O77<>"",INDEX(LdgBankB,$O77),"")) | E77: =IF($N77<>"",IF(INDEX(PCCitrus,$N77)="","—",INDEX(PCCitrus,$N77)),"") | F77: =IF($N77<>"",IF(INDEX(PCScale,$N77)=0,"",INDEX(PCScale,$N77)),"") | G77: =IF($N77<>"",IF(INDEX(PCBaskets,$N77)=0,"",INDEX(PCBaskets,$N77)),"") | H77: =IF($N77<>"",IF(INDEX(PCNet,$N77)=0,"",INDEX(PCNet,$N77)),"") | I77: =IF($N77<>"",IF(INDEX(PCOp,$N77)="مرجوعی خرید","",IF(INDEX(PCAmount,$N77)<=0,"",INDEX(PCAmount,$N77))),IF($O77<>"",IF(INDEX(TxnDepB,$O77)=0,"",INDEX(TxnDepB,$O77)),"")) | J77: =IF($N77<>"",IF(INDEX(PCOp,$N77)="مرجوعی خرید",IF(INDEX(PCAmount,$N77)=0,"",-INDEX(PCAmount,$N77)),""),IF($O77<>"",IF(INDEX(TxnWitB,$O77)=0,"",INDEX(TxnWitB,$O77)),"")) | K77: =IF($B77="","",IF($K76="",$C$10,$K76)+IF($I77="",0,$I77)-IF($J77="",0,$J77)) | L77: =IF($N77<>"",IF(INDEX(PCNotes,$N77)="","—",INDEX(PCNotes,$N77)),IF($O77<>"",IF(INDEX(LdgNoteB,$O77)="","—",INDEX(LdgNoteB,$O77)),"")) | N77: =IFERROR(MATCH($C$5&"|"&RIGHT("000000"&61,6),LdgRankKeyA,0),"") | O77: =IFERROR(MATCH($C$5&"|"&RIGHT("000000"&61,6),LdgRankKeyB,0),"")
A78: 62 | B78: =IF(AND($N78="",$O78=""),"",IF($N78<>"",INDEX(PCNormDate,$N78),INDEX(LdgDateB,$O78))) | C78: =IF($N78<>"",INDEX(PCOp,$N78),IF($O78<>"",IF(N(INDEX(TxnDepB,$O78))>0,"دریافت بانکی","پرداخت بانکی"),"")) | D78: =IF($N78<>"",IF(INDEX(PCDoc,$N78)="","—",INDEX(PCDoc,$N78)),IF($O78<>"",INDEX(LdgBankB,$O78),"")) | E78: =IF($N78<>"",IF(INDEX(PCCitrus,$N78)="","—",INDEX(PCCitrus,$N78)),"") | F78: =IF($N78<>"",IF(INDEX(PCScale,$N78)=0,"",INDEX(PCScale,$N78)),"") | G78: =IF($N78<>"",IF(INDEX(PCBaskets,$N78)=0,"",INDEX(PCBaskets,$N78)),"") | H78: =IF($N78<>"",IF(INDEX(PCNet,$N78)=0,"",INDEX(PCNet,$N78)),"") | I78: =IF($N78<>"",IF(INDEX(PCOp,$N78)="مرجوعی خرید","",IF(INDEX(PCAmount,$N78)<=0,"",INDEX(PCAmount,$N78))),IF($O78<>"",IF(INDEX(TxnDepB,$O78)=0,"",INDEX(TxnDepB,$O78)),"")) | J78: =IF($N78<>"",IF(INDEX(PCOp,$N78)="مرجوعی خرید",IF(INDEX(PCAmount,$N78)=0,"",-INDEX(PCAmount,$N78)),""),IF($O78<>"",IF(INDEX(TxnWitB,$O78)=0,"",INDEX(TxnWitB,$O78)),"")) | K78: =IF($B78="","",IF($K77="",$C$10,$K77)+IF($I78="",0,$I78)-IF($J78="",0,$J78)) | L78: =IF($N78<>"",IF(INDEX(PCNotes,$N78)="","—",INDEX(PCNotes,$N78)),IF($O78<>"",IF(INDEX(LdgNoteB,$O78)="","—",INDEX(LdgNoteB,$O78)),"")) | N78: =IFERROR(MATCH($C$5&"|"&RIGHT("000000"&62,6),LdgRankKeyA,0),"") | O78: =IFERROR(MATCH($C$5&"|"&RIGHT("000000"&62,6),LdgRankKeyB,0),"")
A79: 63 | B79: =IF(AND($N79="",$O79=""),"",IF($N79<>"",INDEX(PCNormDate,$N79),INDEX(LdgDateB,$O79))) | C79: =IF($N79<>"",INDEX(PCOp,$N79),IF($O79<>"",IF(N(INDEX(TxnDepB,$O79))>0,"دریافت بانکی","پرداخت بانکی"),"")) | D79: =IF($N79<>"",IF(INDEX(PCDoc,$N79)="","—",INDEX(PCDoc,$N79)),IF($O79<>"",INDEX(LdgBankB,$O79),"")) | E79: =IF($N79<>"",IF(INDEX(PCCitrus,$N79)="","—",INDEX(PCCitrus,$N79)),"") | F79: =IF($N79<>"",IF(INDEX(PCScale,$N79)=0,"",INDEX(PCScale,$N79)),"") | G79: =IF($N79<>"",IF(INDEX(PCBaskets,$N79)=0,"",INDEX(PCBaskets,$N79)),"") | H79: =IF($N79<>"",IF(INDEX(PCNet,$N79)=0,"",INDEX(PCNet,$N79)),"") | I79: =IF($N79<>"",IF(INDEX(PCOp,$N79)="مرجوعی خرید","",IF(INDEX(PCAmount,$N79)<=0,"",INDEX(PCAmount,$N79))),IF($O79<>"",IF(INDEX(TxnDepB,$O79)=0,"",INDEX(TxnDepB,$O79)),"")) | J79: =IF($N79<>"",IF(INDEX(PCOp,$N79)="مرجوعی خرید",IF(INDEX(PCAmount,$N79)=0,"",-INDEX(PCAmount,$N79)),""),IF($O79<>"",IF(INDEX(TxnWitB,$O79)=0,"",INDEX(TxnWitB,$O79)),"")) | K79: =IF($B79="","",IF($K78="",$C$10,$K78)+IF($I79="",0,$I79)-IF($J79="",0,$J79)) | L79: =IF($N79<>"",IF(INDEX(PCNotes,$N79)="","—",INDEX(PCNotes,$N79)),IF($O79<>"",IF(INDEX(LdgNoteB,$O79)="","—",INDEX(LdgNoteB,$O79)),"")) | N79: =IFERROR(MATCH($C$5&"|"&RIGHT("000000"&63,6),LdgRankKeyA,0),"") | O79: =IFERROR(MATCH($C$5&"|"&RIGHT("000000"&63,6),LdgRankKeyB,0),"")
A80: 64 | B80: =IF(AND($N80="",$O80=""),"",IF($N80<>"",INDEX(PCNormDate,$N80),INDEX(LdgDateB,$O80))) | C80: =IF($N80<>"",INDEX(PCOp,$N80),IF($O80<>"",IF(N(INDEX(TxnDepB,$O80))>0,"دریافت بانکی","پرداخت بانکی"),"")) | D80: =IF($N80<>"",IF(INDEX(PCDoc,$N80)="","—",INDEX(PCDoc,$N80)),IF($O80<>"",INDEX(LdgBankB,$O80),"")) | E80: =IF($N80<>"",IF(INDEX(PCCitrus,$N80)="","—",INDEX(PCCitrus,$N80)),"") | F80: =IF($N80<>"",IF(INDEX(PCScale,$N80)=0,"",INDEX(PCScale,$N80)),"") | G80: =IF($N80<>"",IF(INDEX(PCBaskets,$N80)=0,"",INDEX(PCBaskets,$N80)),"") | H80: =IF($N80<>"",IF(INDEX(PCNet,$N80)=0,"",INDEX(PCNet,$N80)),"") | I80: =IF($N80<>"",IF(INDEX(PCOp,$N80)="مرجوعی خرید","",IF(INDEX(PCAmount,$N80)<=0,"",INDEX(PCAmount,$N80))),IF($O80<>"",IF(INDEX(TxnDepB,$O80)=0,"",INDEX(TxnDepB,$O80)),"")) | J80: =IF($N80<>"",IF(INDEX(PCOp,$N80)="مرجوعی خرید",IF(INDEX(PCAmount,$N80)=0,"",-INDEX(PCAmount,$N80)),""),IF($O80<>"",IF(INDEX(TxnWitB,$O80)=0,"",INDEX(TxnWitB,$O80)),"")) | K80: =IF($B80="","",IF($K79="",$C$10,$K79)+IF($I80="",0,$I80)-IF($J80="",0,$J80)) | L80: =IF($N80<>"",IF(INDEX(PCNotes,$N80)="","—",INDEX(PCNotes,$N80)),IF($O80<>"",IF(INDEX(LdgNoteB,$O80)="","—",INDEX(LdgNoteB,$O80)),"")) | N80: =IFERROR(MATCH($C$5&"|"&RIGHT("000000"&64,6),LdgRankKeyA,0),"") | O80: =IFERROR(MATCH($C$5&"|"&RIGHT("000000"&64,6),LdgRankKeyB,0),"")
A81: 65 | B81: =IF(AND($N81="",$O81=""),"",IF($N81<>"",INDEX(PCNormDate,$N81),INDEX(LdgDateB,$O81))) | C81: =IF($N81<>"",INDEX(PCOp,$N81),IF($O81<>"",IF(N(INDEX(TxnDepB,$O81))>0,"دریافت بانکی","پرداخت بانکی"),"")) | D81: =IF($N81<>"",IF(INDEX(PCDoc,$N81)="","—",INDEX(PCDoc,$N81)),IF($O81<>"",INDEX(LdgBankB,$O81),"")) | E81: =IF($N81<>"",IF(INDEX(PCCitrus,$N81)="","—",INDEX(PCCitrus,$N81)),"") | F81: =IF($N81<>"",IF(INDEX(PCScale,$N81)=0,"",INDEX(PCScale,$N81)),"") | G81: =IF($N81<>"",IF(INDEX(PCBaskets,$N81)=0,"",INDEX(PCBaskets,$N81)),"") | H81: =IF($N81<>"",IF(INDEX(PCNet,$N81)=0,"",INDEX(PCNet,$N81)),"") | I81: =IF($N81<>"",IF(INDEX(PCOp,$N81)="مرجوعی خرید","",IF(INDEX(PCAmount,$N81)<=0,"",INDEX(PCAmount,$N81))),IF($O81<>"",IF(INDEX(TxnDepB,$O81)=0,"",INDEX(TxnDepB,$O81)),"")) | J81: =IF($N81<>"",IF(INDEX(PCOp,$N81)="مرجوعی خرید",IF(INDEX(PCAmount,$N81)=0,"",-INDEX(PCAmount,$N81)),""),IF($O81<>"",IF(INDEX(TxnWitB,$O81)=0,"",INDEX(TxnWitB,$O81)),"")) | K81: =IF($B81="","",IF($K80="",$C$10,$K80)+IF($I81="",0,$I81)-IF($J81="",0,$J81)) | L81: =IF($N81<>"",IF(INDEX(PCNotes,$N81)="","—",INDEX(PCNotes,$N81)),IF($O81<>"",IF(INDEX(LdgNoteB,$O81)="","—",INDEX(LdgNoteB,$O81)),"")) | N81: =IFERROR(MATCH($C$5&"|"&RIGHT("000000"&65,6),LdgRankKeyA,0),"") | O81: =IFERROR(MATCH($C$5&"|"&RIGHT("000000"&65,6),LdgRankKeyB,0),"")
A82: 66 | B82: =IF(AND($N82="",$O82=""),"",IF($N82<>"",INDEX(PCNormDate,$N82),INDEX(LdgDateB,$O82))) | C82: =IF($N82<>"",INDEX(PCOp,$N82),IF($O82<>"",IF(N(INDEX(TxnDepB,$O82))>0,"دریافت بانکی","پرداخت بانکی"),"")) | D82: =IF($N82<>"",IF(INDEX(PCDoc,$N82)="","—",INDEX(PCDoc,$N82)),IF($O82<>"",INDEX(LdgBankB,$O82),"")) | E82: =IF($N82<>"",IF(INDEX(PCCitrus,$N82)="","—",INDEX(PCCitrus,$N82)),"") | F82: =IF($N82<>"",IF(INDEX(PCScale,$N82)=0,"",INDEX(PCScale,$N82)),"") | G82: =IF($N82<>"",IF(INDEX(PCBaskets,$N82)=0,"",INDEX(PCBaskets,$N82)),"") | H82: =IF($N82<>"",IF(INDEX(PCNet,$N82)=0,"",INDEX(PCNet,$N82)),"") | I82: =IF($N82<>"",IF(INDEX(PCOp,$N82)="مرجوعی خرید","",IF(INDEX(PCAmount,$N82)<=0,"",INDEX(PCAmount,$N82))),IF($O82<>"",IF(INDEX(TxnDepB,$O82)=0,"",INDEX(TxnDepB,$O82)),"")) | J82: =IF($N82<>"",IF(INDEX(PCOp,$N82)="مرجوعی خرید",IF(INDEX(PCAmount,$N82)=0,"",-INDEX(PCAmount,$N82)),""),IF($O82<>"",IF(INDEX(TxnWitB,$O82)=0,"",INDEX(TxnWitB,$O82)),"")) | K82: =IF($B82="","",IF($K81="",$C$10,$K81)+IF($I82="",0,$I82)-IF($J82="",0,$J82)) | L82: =IF($N82<>"",IF(INDEX(PCNotes,$N82)="","—",INDEX(PCNotes,$N82)),IF($O82<>"",IF(INDEX(LdgNoteB,$O82)="","—",INDEX(LdgNoteB,$O82)),"")) | N82: =IFERROR(MATCH($C$5&"|"&RIGHT("000000"&66,6),LdgRankKeyA,0),"") | O82: =IFERROR(MATCH($C$5&"|"&RIGHT("000000"&66,6),LdgRankKeyB,0),"")
A83: 67 | B83: =IF(AND($N83="",$O83=""),"",IF($N83<>"",INDEX(PCNormDate,$N83),INDEX(LdgDateB,$O83))) | C83: =IF($N83<>"",INDEX(PCOp,$N83),IF($O83<>"",IF(N(INDEX(TxnDepB,$O83))>0,"دریافت بانکی","پرداخت بانکی"),"")) | D83: =IF($N83<>"",IF(INDEX(PCDoc,$N83)="","—",INDEX(PCDoc,$N83)),IF($O83<>"",INDEX(LdgBankB,$O83),"")) | E83: =IF($N83<>"",IF(INDEX(PCCitrus,$N83)="","—",INDEX(PCCitrus,$N83)),"") | F83: =IF($N83<>"",IF(INDEX(PCScale,$N83)=0,"",INDEX(PCScale,$N83)),"") | G83: =IF($N83<>"",IF(INDEX(PCBaskets,$N83)=0,"",INDEX(PCBaskets,$N83)),"") | H83: =IF($N83<>"",IF(INDEX(PCNet,$N83)=0,"",INDEX(PCNet,$N83)),"") | I83: =IF($N83<>"",IF(INDEX(PCOp,$N83)="مرجوعی خرید","",IF(INDEX(PCAmount,$N83)<=0,"",INDEX(PCAmount,$N83))),IF($O83<>"",IF(INDEX(TxnDepB,$O83)=0,"",INDEX(TxnDepB,$O83)),"")) | J83: =IF($N83<>"",IF(INDEX(PCOp,$N83)="مرجوعی خرید",IF(INDEX(PCAmount,$N83)=0,"",-INDEX(PCAmount,$N83)),""),IF($O83<>"",IF(INDEX(TxnWitB,$O83)=0,"",INDEX(TxnWitB,$O83)),"")) | K83: =IF($B83="","",IF($K82="",$C$10,$K82)+IF($I83="",0,$I83)-IF($J83="",0,$J83)) | L83: =IF($N83<>"",IF(INDEX(PCNotes,$N83)="","—",INDEX(PCNotes,$N83)),IF($O83<>"",IF(INDEX(LdgNoteB,$O83)="","—",INDEX(LdgNoteB,$O83)),"")) | N83: =IFERROR(MATCH($C$5&"|"&RIGHT("000000"&67,6),LdgRankKeyA,0),"") | O83: =IFERROR(MATCH($C$5&"|"&RIGHT("000000"&67,6),LdgRankKeyB,0),"")
A84: 68 | B84: =IF(AND($N84="",$O84=""),"",IF($N84<>"",INDEX(PCNormDate,$N84),INDEX(LdgDateB,$O84))) | C84: =IF($N84<>"",INDEX(PCOp,$N84),IF($O84<>"",IF(N(INDEX(TxnDepB,$O84))>0,"دریافت بانکی","پرداخت بانکی"),"")) | D84: =IF($N84<>"",IF(INDEX(PCDoc,$N84)="","—",INDEX(PCDoc,$N84)),IF($O84<>"",INDEX(LdgBankB,$O84),"")) | E84: =IF($N84<>"",IF(INDEX(PCCitrus,$N84)="","—",INDEX(PCCitrus,$N84)),"") | F84: =IF($N84<>"",IF(INDEX(PCScale,$N84)=0,"",INDEX(PCScale,$N84)),"") | G84: =IF($N84<>"",IF(INDEX(PCBaskets,$N84)=0,"",INDEX(PCBaskets,$N84)),"") | H84: =IF($N84<>"",IF(INDEX(PCNet,$N84)=0,"",INDEX(PCNet,$N84)),"") | I84: =IF($N84<>"",IF(INDEX(PCOp,$N84)="مرجوعی خرید","",IF(INDEX(PCAmount,$N84)<=0,"",INDEX(PCAmount,$N84))),IF($O84<>"",IF(INDEX(TxnDepB,$O84)=0,"",INDEX(TxnDepB,$O84)),"")) | J84: =IF($N84<>"",IF(INDEX(PCOp,$N84)="مرجوعی خرید",IF(INDEX(PCAmount,$N84)=0,"",-INDEX(PCAmount,$N84)),""),IF($O84<>"",IF(INDEX(TxnWitB,$O84)=0,"",INDEX(TxnWitB,$O84)),"")) | K84: =IF($B84="","",IF($K83="",$C$10,$K83)+IF($I84="",0,$I84)-IF($J84="",0,$J84)) | L84: =IF($N84<>"",IF(INDEX(PCNotes,$N84)="","—",INDEX(PCNotes,$N84)),IF($O84<>"",IF(INDEX(LdgNoteB,$O84)="","—",INDEX(LdgNoteB,$O84)),"")) | N84: =IFERROR(MATCH($C$5&"|"&RIGHT("000000"&68,6),LdgRankKeyA,0),"") | O84: =IFERROR(MATCH($C$5&"|"&RIGHT("000000"&68,6),LdgRankKeyB,0),"")
A85: 69 | B85: =IF(AND($N85="",$O85=""),"",IF($N85<>"",INDEX(PCNormDate,$N85),INDEX(LdgDateB,$O85))) | C85: =IF($N85<>"",INDEX(PCOp,$N85),IF($O85<>"",IF(N(INDEX(TxnDepB,$O85))>0,"دریافت بانکی","پرداخت بانکی"),"")) | D85: =IF($N85<>"",IF(INDEX(PCDoc,$N85)="","—",INDEX(PCDoc,$N85)),IF($O85<>"",INDEX(LdgBankB,$O85),"")) | E85: =IF($N85<>"",IF(INDEX(PCCitrus,$N85)="","—",INDEX(PCCitrus,$N85)),"") | F85: =IF($N85<>"",IF(INDEX(PCScale,$N85)=0,"",INDEX(PCScale,$N85)),"") | G85: =IF($N85<>"",IF(INDEX(PCBaskets,$N85)=0,"",INDEX(PCBaskets,$N85)),"") | H85: =IF($N85<>"",IF(INDEX(PCNet,$N85)=0,"",INDEX(PCNet,$N85)),"") | I85: =IF($N85<>"",IF(INDEX(PCOp,$N85)="مرجوعی خرید","",IF(INDEX(PCAmount,$N85)<=0,"",INDEX(PCAmount,$N85))),IF($O85<>"",IF(INDEX(TxnDepB,$O85)=0,"",INDEX(TxnDepB,$O85)),"")) | J85: =IF($N85<>"",IF(INDEX(PCOp,$N85)="مرجوعی خرید",IF(INDEX(PCAmount,$N85)=0,"",-INDEX(PCAmount,$N85)),""),IF($O85<>"",IF(INDEX(TxnWitB,$O85)=0,"",INDEX(TxnWitB,$O85)),"")) | K85: =IF($B85="","",IF($K84="",$C$10,$K84)+IF($I85="",0,$I85)-IF($J85="",0,$J85)) | L85: =IF($N85<>"",IF(INDEX(PCNotes,$N85)="","—",INDEX(PCNotes,$N85)),IF($O85<>"",IF(INDEX(LdgNoteB,$O85)="","—",INDEX(LdgNoteB,$O85)),"")) | N85: =IFERROR(MATCH($C$5&"|"&RIGHT("000000"&69,6),LdgRankKeyA,0),"") | O85: =IFERROR(MATCH($C$5&"|"&RIGHT("000000"&69,6),LdgRankKeyB,0),"")
A86: 70 | B86: =IF(AND($N86="",$O86=""),"",IF($N86<>"",INDEX(PCNormDate,$N86),INDEX(LdgDateB,$O86))) | C86: =IF($N86<>"",INDEX(PCOp,$N86),IF($O86<>"",IF(N(INDEX(TxnDepB,$O86))>0,"دریافت بانکی","پرداخت بانکی"),"")) | D86: =IF($N86<>"",IF(INDEX(PCDoc,$N86)="","—",INDEX(PCDoc,$N86)),IF($O86<>"",INDEX(LdgBankB,$O86),"")) | E86: =IF($N86<>"",IF(INDEX(PCCitrus,$N86)="","—",INDEX(PCCitrus,$N86)),"") | F86: =IF($N86<>"",IF(INDEX(PCScale,$N86)=0,"",INDEX(PCScale,$N86)),"") | G86: =IF($N86<>"",IF(INDEX(PCBaskets,$N86)=0,"",INDEX(PCBaskets,$N86)),"") | H86: =IF($N86<>"",IF(INDEX(PCNet,$N86)=0,"",INDEX(PCNet,$N86)),"") | I86: =IF($N86<>"",IF(INDEX(PCOp,$N86)="مرجوعی خرید","",IF(INDEX(PCAmount,$N86)<=0,"",INDEX(PCAmount,$N86))),IF($O86<>"",IF(INDEX(TxnDepB,$O86)=0,"",INDEX(TxnDepB,$O86)),"")) | J86: =IF($N86<>"",IF(INDEX(PCOp,$N86)="مرجوعی خرید",IF(INDEX(PCAmount,$N86)=0,"",-INDEX(PCAmount,$N86)),""),IF($O86<>"",IF(INDEX(TxnWitB,$O86)=0,"",INDEX(TxnWitB,$O86)),"")) | K86: =IF($B86="","",IF($K85="",$C$10,$K85)+IF($I86="",0,$I86)-IF($J86="",0,$J86)) | L86: =IF($N86<>"",IF(INDEX(PCNotes,$N86)="","—",INDEX(PCNotes,$N86)),IF($O86<>"",IF(INDEX(LdgNoteB,$O86)="","—",INDEX(LdgNoteB,$O86)),"")) | N86: =IFERROR(MATCH($C$5&"|"&RIGHT("000000"&70,6),LdgRankKeyA,0),"") | O86: =IFERROR(MATCH($C$5&"|"&RIGHT("000000"&70,6),LdgRankKeyB,0),"")
A87: 71 | B87: =IF(AND($N87="",$O87=""),"",IF($N87<>"",INDEX(PCNormDate,$N87),INDEX(LdgDateB,$O87))) | C87: =IF($N87<>"",INDEX(PCOp,$N87),IF($O87<>"",IF(N(INDEX(TxnDepB,$O87))>0,"دریافت بانکی","پرداخت بانکی"),"")) | D87: =IF($N87<>"",IF(INDEX(PCDoc,$N87)="","—",INDEX(PCDoc,$N87)),IF($O87<>"",INDEX(LdgBankB,$O87),"")) | E87: =IF($N87<>"",IF(INDEX(PCCitrus,$N87)="","—",INDEX(PCCitrus,$N87)),"") | F87: =IF($N87<>"",IF(INDEX(PCScale,$N87)=0,"",INDEX(PCScale,$N87)),"") | G87: =IF($N87<>"",IF(INDEX(PCBaskets,$N87)=0,"",INDEX(PCBaskets,$N87)),"") | H87: =IF($N87<>"",IF(INDEX(PCNet,$N87)=0,"",INDEX(PCNet,$N87)),"") | I87: =IF($N87<>"",IF(INDEX(PCOp,$N87)="مرجوعی خرید","",IF(INDEX(PCAmount,$N87)<=0,"",INDEX(PCAmount,$N87))),IF($O87<>"",IF(INDEX(TxnDepB,$O87)=0,"",INDEX(TxnDepB,$O87)),"")) | J87: =IF($N87<>"",IF(INDEX(PCOp,$N87)="مرجوعی خرید",IF(INDEX(PCAmount,$N87)=0,"",-INDEX(PCAmount,$N87)),""),IF($O87<>"",IF(INDEX(TxnWitB,$O87)=0,"",INDEX(TxnWitB,$O87)),"")) | K87: =IF($B87="","",IF($K86="",$C$10,$K86)+IF($I87="",0,$I87)-IF($J87="",0,$J87)) | L87: =IF($N87<>"",IF(INDEX(PCNotes,$N87)="","—",INDEX(PCNotes,$N87)),IF($O87<>"",IF(INDEX(LdgNoteB,$O87)="","—",INDEX(LdgNoteB,$O87)),"")) | N87: =IFERROR(MATCH($C$5&"|"&RIGHT("000000"&71,6),LdgRankKeyA,0),"") | O87: =IFERROR(MATCH($C$5&"|"&RIGHT("000000"&71,6),LdgRankKeyB,0),"")
A88: 72 | B88: =IF(AND($N88="",$O88=""),"",IF($N88<>"",INDEX(PCNormDate,$N88),INDEX(LdgDateB,$O88))) | C88: =IF($N88<>"",INDEX(PCOp,$N88),IF($O88<>"",IF(N(INDEX(TxnDepB,$O88))>0,"دریافت بانکی","پرداخت بانکی"),"")) | D88: =IF($N88<>"",IF(INDEX(PCDoc,$N88)="","—",INDEX(PCDoc,$N88)),IF($O88<>"",INDEX(LdgBankB,$O88),"")) | E88: =IF($N88<>"",IF(INDEX(PCCitrus,$N88)="","—",INDEX(PCCitrus,$N88)),"") | F88: =IF($N88<>"",IF(INDEX(PCScale,$N88)=0,"",INDEX(PCScale,$N88)),"") | G88: =IF($N88<>"",IF(INDEX(PCBaskets,$N88)=0,"",INDEX(PCBaskets,$N88)),"") | H88: =IF($N88<>"",IF(INDEX(PCNet,$N88)=0,"",INDEX(PCNet,$N88)),"") | I88: =IF($N88<>"",IF(INDEX(PCOp,$N88)="مرجوعی خرید","",IF(INDEX(PCAmount,$N88)<=0,"",INDEX(PCAmount,$N88))),IF($O88<>"",IF(INDEX(TxnDepB,$O88)=0,"",INDEX(TxnDepB,$O88)),"")) | J88: =IF($N88<>"",IF(INDEX(PCOp,$N88)="مرجوعی خرید",IF(INDEX(PCAmount,$N88)=0,"",-INDEX(PCAmount,$N88)),""),IF($O88<>"",IF(INDEX(TxnWitB,$O88)=0,"",INDEX(TxnWitB,$O88)),"")) | K88: =IF($B88="","",IF($K87="",$C$10,$K87)+IF($I88="",0,$I88)-IF($J88="",0,$J88)) | L88: =IF($N88<>"",IF(INDEX(PCNotes,$N88)="","—",INDEX(PCNotes,$N88)),IF($O88<>"",IF(INDEX(LdgNoteB,$O88)="","—",INDEX(LdgNoteB,$O88)),"")) | N88: =IFERROR(MATCH($C$5&"|"&RIGHT("000000"&72,6),LdgRankKeyA,0),"") | O88: =IFERROR(MATCH($C$5&"|"&RIGHT("000000"&72,6),LdgRankKeyB,0),"")
A89: 73 | B89: =IF(AND($N89="",$O89=""),"",IF($N89<>"",INDEX(PCNormDate,$N89),INDEX(LdgDateB,$O89))) | C89: =IF($N89<>"",INDEX(PCOp,$N89),IF($O89<>"",IF(N(INDEX(TxnDepB,$O89))>0,"دریافت بانکی","پرداخت بانکی"),"")) | D89: =IF($N89<>"",IF(INDEX(PCDoc,$N89)="","—",INDEX(PCDoc,$N89)),IF($O89<>"",INDEX(LdgBankB,$O89),"")) | E89: =IF($N89<>"",IF(INDEX(PCCitrus,$N89)="","—",INDEX(PCCitrus,$N89)),"") | F89: =IF($N89<>"",IF(INDEX(PCScale,$N89)=0,"",INDEX(PCScale,$N89)),"") | G89: =IF($N89<>"",IF(INDEX(PCBaskets,$N89)=0,"",INDEX(PCBaskets,$N89)),"") | H89: =IF($N89<>"",IF(INDEX(PCNet,$N89)=0,"",INDEX(PCNet,$N89)),"") | I89: =IF($N89<>"",IF(INDEX(PCOp,$N89)="مرجوعی خرید","",IF(INDEX(PCAmount,$N89)<=0,"",INDEX(PCAmount,$N89))),IF($O89<>"",IF(INDEX(TxnDepB,$O89)=0,"",INDEX(TxnDepB,$O89)),"")) | J89: =IF($N89<>"",IF(INDEX(PCOp,$N89)="مرجوعی خرید",IF(INDEX(PCAmount,$N89)=0,"",-INDEX(PCAmount,$N89)),""),IF($O89<>"",IF(INDEX(TxnWitB,$O89)=0,"",INDEX(TxnWitB,$O89)),"")) | K89: =IF($B89="","",IF($K88="",$C$10,$K88)+IF($I89="",0,$I89)-IF($J89="",0,$J89)) | L89: =IF($N89<>"",IF(INDEX(PCNotes,$N89)="","—",INDEX(PCNotes,$N89)),IF($O89<>"",IF(INDEX(LdgNoteB,$O89)="","—",INDEX(LdgNoteB,$O89)),"")) | N89: =IFERROR(MATCH($C$5&"|"&RIGHT("000000"&73,6),LdgRankKeyA,0),"") | O89: =IFERROR(MATCH($C$5&"|"&RIGHT("000000"&73,6),LdgRankKeyB,0),"")
A90: 74 | B90: =IF(AND($N90="",$O90=""),"",IF($N90<>"",INDEX(PCNormDate,$N90),INDEX(LdgDateB,$O90))) | C90: =IF($N90<>"",INDEX(PCOp,$N90),IF($O90<>"",IF(N(INDEX(TxnDepB,$O90))>0,"دریافت بانکی","پرداخت بانکی"),"")) | D90: =IF($N90<>"",IF(INDEX(PCDoc,$N90)="","—",INDEX(PCDoc,$N90)),IF($O90<>"",INDEX(LdgBankB,$O90),"")) | E90: =IF($N90<>"",IF(INDEX(PCCitrus,$N90)="","—",INDEX(PCCitrus,$N90)),"") | F90: =IF($N90<>"",IF(INDEX(PCScale,$N90)=0,"",INDEX(PCScale,$N90)),"") | G90: =IF($N90<>"",IF(INDEX(PCBaskets,$N90)=0,"",INDEX(PCBaskets,$N90)),"") | H90: =IF($N90<>"",IF(INDEX(PCNet,$N90)=0,"",INDEX(PCNet,$N90)),"") | I90: =IF($N90<>"",IF(INDEX(PCOp,$N90)="مرجوعی خرید","",IF(INDEX(PCAmount,$N90)<=0,"",INDEX(PCAmount,$N90))),IF($O90<>"",IF(INDEX(TxnDepB,$O90)=0,"",INDEX(TxnDepB,$O90)),"")) | J90: =IF($N90<>"",IF(INDEX(PCOp,$N90)="مرجوعی خرید",IF(INDEX(PCAmount,$N90)=0,"",-INDEX(PCAmount,$N90)),""),IF($O90<>"",IF(INDEX(TxnWitB,$O90)=0,"",INDEX(TxnWitB,$O90)),"")) | K90: =IF($B90="","",IF($K89="",$C$10,$K89)+IF($I90="",0,$I90)-IF($J90="",0,$J90)) | L90: =IF($N90<>"",IF(INDEX(PCNotes,$N90)="","—",INDEX(PCNotes,$N90)),IF($O90<>"",IF(INDEX(LdgNoteB,$O90)="","—",INDEX(LdgNoteB,$O90)),"")) | N90: =IFERROR(MATCH($C$5&"|"&RIGHT("000000"&74,6),LdgRankKeyA,0),"") | O90: =IFERROR(MATCH($C$5&"|"&RIGHT("000000"&74,6),LdgRankKeyB,0),"")
A91: 75 | B91: =IF(AND($N91="",$O91=""),"",IF($N91<>"",INDEX(PCNormDate,$N91),INDEX(LdgDateB,$O91))) | C91: =IF($N91<>"",INDEX(PCOp,$N91),IF($O91<>"",IF(N(INDEX(TxnDepB,$O91))>0,"دریافت بانکی","پرداخت بانکی"),"")) | D91: =IF($N91<>"",IF(INDEX(PCDoc,$N91)="","—",INDEX(PCDoc,$N91)),IF($O91<>"",INDEX(LdgBankB,$O91),"")) | E91: =IF($N91<>"",IF(INDEX(PCCitrus,$N91)="","—",INDEX(PCCitrus,$N91)),"") | F91: =IF($N91<>"",IF(INDEX(PCScale,$N91)=0,"",INDEX(PCScale,$N91)),"") | G91: =IF($N91<>"",IF(INDEX(PCBaskets,$N91)=0,"",INDEX(PCBaskets,$N91)),"") | H91: =IF($N91<>"",IF(INDEX(PCNet,$N91)=0,"",INDEX(PCNet,$N91)),"") | I91: =IF($N91<>"",IF(INDEX(PCOp,$N91)="مرجوعی خرید","",IF(INDEX(PCAmount,$N91)<=0,"",INDEX(PCAmount,$N91))),IF($O91<>"",IF(INDEX(TxnDepB,$O91)=0,"",INDEX(TxnDepB,$O91)),"")) | J91: =IF($N91<>"",IF(INDEX(PCOp,$N91)="مرجوعی خرید",IF(INDEX(PCAmount,$N91)=0,"",-INDEX(PCAmount,$N91)),""),IF($O91<>"",IF(INDEX(TxnWitB,$O91)=0,"",INDEX(TxnWitB,$O91)),"")) | K91: =IF($B91="","",IF($K90="",$C$10,$K90)+IF($I91="",0,$I91)-IF($J91="",0,$J91)) | L91: =IF($N91<>"",IF(INDEX(PCNotes,$N91)="","—",INDEX(PCNotes,$N91)),IF($O91<>"",IF(INDEX(LdgNoteB,$O91)="","—",INDEX(LdgNoteB,$O91)),"")) | N91: =IFERROR(MATCH($C$5&"|"&RIGHT("000000"&75,6),LdgRankKeyA,0),"") | O91: =IFERROR(MATCH($C$5&"|"&RIGHT("000000"&75,6),LdgRankKeyB,0),"")
A92: 76 | B92: =IF(AND($N92="",$O92=""),"",IF($N92<>"",INDEX(PCNormDate,$N92),INDEX(LdgDateB,$O92))) | C92: =IF($N92<>"",INDEX(PCOp,$N92),IF($O92<>"",IF(N(INDEX(TxnDepB,$O92))>0,"دریافت بانکی","پرداخت بانکی"),"")) | D92: =IF($N92<>"",IF(INDEX(PCDoc,$N92)="","—",INDEX(PCDoc,$N92)),IF($O92<>"",INDEX(LdgBankB,$O92),"")) | E92: =IF($N92<>"",IF(INDEX(PCCitrus,$N92)="","—",INDEX(PCCitrus,$N92)),"") | F92: =IF($N92<>"",IF(INDEX(PCScale,$N92)=0,"",INDEX(PCScale,$N92)),"") | G92: =IF($N92<>"",IF(INDEX(PCBaskets,$N92)=0,"",INDEX(PCBaskets,$N92)),"") | H92: =IF($N92<>"",IF(INDEX(PCNet,$N92)=0,"",INDEX(PCNet,$N92)),"") | I92: =IF($N92<>"",IF(INDEX(PCOp,$N92)="مرجوعی خرید","",IF(INDEX(PCAmount,$N92)<=0,"",INDEX(PCAmount,$N92))),IF($O92<>"",IF(INDEX(TxnDepB,$O92)=0,"",INDEX(TxnDepB,$O92)),"")) | J92: =IF($N92<>"",IF(INDEX(PCOp,$N92)="مرجوعی خرید",IF(INDEX(PCAmount,$N92)=0,"",-INDEX(PCAmount,$N92)),""),IF($O92<>"",IF(INDEX(TxnWitB,$O92)=0,"",INDEX(TxnWitB,$O92)),"")) | K92: =IF($B92="","",IF($K91="",$C$10,$K91)+IF($I92="",0,$I92)-IF($J92="",0,$J92)) | L92: =IF($N92<>"",IF(INDEX(PCNotes,$N92)="","—",INDEX(PCNotes,$N92)),IF($O92<>"",IF(INDEX(LdgNoteB,$O92)="","—",INDEX(LdgNoteB,$O92)),"")) | N92: =IFERROR(MATCH($C$5&"|"&RIGHT("000000"&76,6),LdgRankKeyA,0),"") | O92: =IFERROR(MATCH($C$5&"|"&RIGHT("000000"&76,6),LdgRankKeyB,0),"")
A93: 77 | B93: =IF(AND($N93="",$O93=""),"",IF($N93<>"",INDEX(PCNormDate,$N93),INDEX(LdgDateB,$O93))) | C93: =IF($N93<>"",INDEX(PCOp,$N93),IF($O93<>"",IF(N(INDEX(TxnDepB,$O93))>0,"دریافت بانکی","پرداخت بانکی"),"")) | D93: =IF($N93<>"",IF(INDEX(PCDoc,$N93)="","—",INDEX(PCDoc,$N93)),IF($O93<>"",INDEX(LdgBankB,$O93),"")) | E93: =IF($N93<>"",IF(INDEX(PCCitrus,$N93)="","—",INDEX(PCCitrus,$N93)),"") | F93: =IF($N93<>"",IF(INDEX(PCScale,$N93)=0,"",INDEX(PCScale,$N93)),"") | G93: =IF($N93<>"",IF(INDEX(PCBaskets,$N93)=0,"",INDEX(PCBaskets,$N93)),"") | H93: =IF($N93<>"",IF(INDEX(PCNet,$N93)=0,"",INDEX(PCNet,$N93)),"") | I93: =IF($N93<>"",IF(INDEX(PCOp,$N93)="مرجوعی خرید","",IF(INDEX(PCAmount,$N93)<=0,"",INDEX(PCAmount,$N93))),IF($O93<>"",IF(INDEX(TxnDepB,$O93)=0,"",INDEX(TxnDepB,$O93)),"")) | J93: =IF($N93<>"",IF(INDEX(PCOp,$N93)="مرجوعی خرید",IF(INDEX(PCAmount,$N93)=0,"",-INDEX(PCAmount,$N93)),""),IF($O93<>"",IF(INDEX(TxnWitB,$O93)=0,"",INDEX(TxnWitB,$O93)),"")) | K93: =IF($B93="","",IF($K92="",$C$10,$K92)+IF($I93="",0,$I93)-IF($J93="",0,$J93)) | L93: =IF($N93<>"",IF(INDEX(PCNotes,$N93)="","—",INDEX(PCNotes,$N93)),IF($O93<>"",IF(INDEX(LdgNoteB,$O93)="","—",INDEX(LdgNoteB,$O93)),"")) | N93: =IFERROR(MATCH($C$5&"|"&RIGHT("000000"&77,6),LdgRankKeyA,0),"") | O93: =IFERROR(MATCH($C$5&"|"&RIGHT("000000"&77,6),LdgRankKeyB,0),"")
A94: 78 | B94: =IF(AND($N94="",$O94=""),"",IF($N94<>"",INDEX(PCNormDate,$N94),INDEX(LdgDateB,$O94))) | C94: =IF($N94<>"",INDEX(PCOp,$N94),IF($O94<>"",IF(N(INDEX(TxnDepB,$O94))>0,"دریافت بانکی","پرداخت بانکی"),"")) | D94: =IF($N94<>"",IF(INDEX(PCDoc,$N94)="","—",INDEX(PCDoc,$N94)),IF($O94<>"",INDEX(LdgBankB,$O94),"")) | E94: =IF($N94<>"",IF(INDEX(PCCitrus,$N94)="","—",INDEX(PCCitrus,$N94)),"") | F94: =IF($N94<>"",IF(INDEX(PCScale,$N94)=0,"",INDEX(PCScale,$N94)),"") | G94: =IF($N94<>"",IF(INDEX(PCBaskets,$N94)=0,"",INDEX(PCBaskets,$N94)),"") | H94: =IF($N94<>"",IF(INDEX(PCNet,$N94)=0,"",INDEX(PCNet,$N94)),"") | I94: =IF($N94<>"",IF(INDEX(PCOp,$N94)="مرجوعی خرید","",IF(INDEX(PCAmount,$N94)<=0,"",INDEX(PCAmount,$N94))),IF($O94<>"",IF(INDEX(TxnDepB,$O94)=0,"",INDEX(TxnDepB,$O94)),"")) | J94: =IF($N94<>"",IF(INDEX(PCOp,$N94)="مرجوعی خرید",IF(INDEX(PCAmount,$N94)=0,"",-INDEX(PCAmount,$N94)),""),IF($O94<>"",IF(INDEX(TxnWitB,$O94)=0,"",INDEX(TxnWitB,$O94)),"")) | K94: =IF($B94="","",IF($K93="",$C$10,$K93)+IF($I94="",0,$I94)-IF($J94="",0,$J94)) | L94: =IF($N94<>"",IF(INDEX(PCNotes,$N94)="","—",INDEX(PCNotes,$N94)),IF($O94<>"",IF(INDEX(LdgNoteB,$O94)="","—",INDEX(LdgNoteB,$O94)),"")) | N94: =IFERROR(MATCH($C$5&"|"&RIGHT("000000"&78,6),LdgRankKeyA,0),"") | O94: =IFERROR(MATCH($C$5&"|"&RIGHT("000000"&78,6),LdgRankKeyB,0),"")
A95: 79 | B95: =IF(AND($N95="",$O95=""),"",IF($N95<>"",INDEX(PCNormDate,$N95),INDEX(LdgDateB,$O95))) | C95: =IF($N95<>"",INDEX(PCOp,$N95),IF($O95<>"",IF(N(INDEX(TxnDepB,$O95))>0,"دریافت بانکی","پرداخت بانکی"),"")) | D95: =IF($N95<>"",IF(INDEX(PCDoc,$N95)="","—",INDEX(PCDoc,$N95)),IF($O95<>"",INDEX(LdgBankB,$O95),"")) | E95: =IF($N95<>"",IF(INDEX(PCCitrus,$N95)="","—",INDEX(PCCitrus,$N95)),"") | F95: =IF($N95<>"",IF(INDEX(PCScale,$N95)=0,"",INDEX(PCScale,$N95)),"") | G95: =IF($N95<>"",IF(INDEX(PCBaskets,$N95)=0,"",INDEX(PCBaskets,$N95)),"") | H95: =IF($N95<>"",IF(INDEX(PCNet,$N95)=0,"",INDEX(PCNet,$N95)),"") | I95: =IF($N95<>"",IF(INDEX(PCOp,$N95)="مرجوعی خرید","",IF(INDEX(PCAmount,$N95)<=0,"",INDEX(PCAmount,$N95))),IF($O95<>"",IF(INDEX(TxnDepB,$O95)=0,"",INDEX(TxnDepB,$O95)),"")) | J95: =IF($N95<>"",IF(INDEX(PCOp,$N95)="مرجوعی خرید",IF(INDEX(PCAmount,$N95)=0,"",-INDEX(PCAmount,$N95)),""),IF($O95<>"",IF(INDEX(TxnWitB,$O95)=0,"",INDEX(TxnWitB,$O95)),"")) | K95: =IF($B95="","",IF($K94="",$C$10,$K94)+IF($I95="",0,$I95)-IF($J95="",0,$J95)) | L95: =IF($N95<>"",IF(INDEX(PCNotes,$N95)="","—",INDEX(PCNotes,$N95)),IF($O95<>"",IF(INDEX(LdgNoteB,$O95)="","—",INDEX(LdgNoteB,$O95)),"")) | N95: =IFERROR(MATCH($C$5&"|"&RIGHT("000000"&79,6),LdgRankKeyA,0),"") | O95: =IFERROR(MATCH($C$5&"|"&RIGHT("000000"&79,6),LdgRankKeyB,0),"")
A96: 80 | B96: =IF(AND($N96="",$O96=""),"",IF($N96<>"",INDEX(PCNormDate,$N96),INDEX(LdgDateB,$O96))) | C96: =IF($N96<>"",INDEX(PCOp,$N96),IF($O96<>"",IF(N(INDEX(TxnDepB,$O96))>0,"دریافت بانکی","پرداخت بانکی"),"")) | D96: =IF($N96<>"",IF(INDEX(PCDoc,$N96)="","—",INDEX(PCDoc,$N96)),IF($O96<>"",INDEX(LdgBankB,$O96),"")) | E96: =IF($N96<>"",IF(INDEX(PCCitrus,$N96)="","—",INDEX(PCCitrus,$N96)),"") | F96: =IF($N96<>"",IF(INDEX(PCScale,$N96)=0,"",INDEX(PCScale,$N96)),"") | G96: =IF($N96<>"",IF(INDEX(PCBaskets,$N96)=0,"",INDEX(PCBaskets,$N96)),"") | H96: =IF($N96<>"",IF(INDEX(PCNet,$N96)=0,"",INDEX(PCNet,$N96)),"") | I96: =IF($N96<>"",IF(INDEX(PCOp,$N96)="مرجوعی خرید","",IF(INDEX(PCAmount,$N96)<=0,"",INDEX(PCAmount,$N96))),IF($O96<>"",IF(INDEX(TxnDepB,$O96)=0,"",INDEX(TxnDepB,$O96)),"")) | J96: =IF($N96<>"",IF(INDEX(PCOp,$N96)="مرجوعی خرید",IF(INDEX(PCAmount,$N96)=0,"",-INDEX(PCAmount,$N96)),""),IF($O96<>"",IF(INDEX(TxnWitB,$O96)=0,"",INDEX(TxnWitB,$O96)),"")) | K96: =IF($B96="","",IF($K95="",$C$10,$K95)+IF($I96="",0,$I96)-IF($J96="",0,$J96)) | L96: =IF($N96<>"",IF(INDEX(PCNotes,$N96)="","—",INDEX(PCNotes,$N96)),IF($O96<>"",IF(INDEX(LdgNoteB,$O96)="","—",INDEX(LdgNoteB,$O96)),"")) | N96: =IFERROR(MATCH($C$5&"|"&RIGHT("000000"&80,6),LdgRankKeyA,0),"") | O96: =IFERROR(MATCH($C$5&"|"&RIGHT("000000"&80,6),LdgRankKeyB,0),"")
A97: 81 | B97: =IF(AND($N97="",$O97=""),"",IF($N97<>"",INDEX(PCNormDate,$N97),INDEX(LdgDateB,$O97))) | C97: =IF($N97<>"",INDEX(PCOp,$N97),IF($O97<>"",IF(N(INDEX(TxnDepB,$O97))>0,"دریافت بانکی","پرداخت بانکی"),"")) | D97: =IF($N97<>"",IF(INDEX(PCDoc,$N97)="","—",INDEX(PCDoc,$N97)),IF($O97<>"",INDEX(LdgBankB,$O97),"")) | E97: =IF($N97<>"",IF(INDEX(PCCitrus,$N97)="","—",INDEX(PCCitrus,$N97)),"") | F97: =IF($N97<>"",IF(INDEX(PCScale,$N97)=0,"",INDEX(PCScale,$N97)),"") | G97: =IF($N97<>"",IF(INDEX(PCBaskets,$N97)=0,"",INDEX(PCBaskets,$N97)),"") | H97: =IF($N97<>"",IF(INDEX(PCNet,$N97)=0,"",INDEX(PCNet,$N97)),"") | I97: =IF($N97<>"",IF(INDEX(PCOp,$N97)="مرجوعی خرید","",IF(INDEX(PCAmount,$N97)<=0,"",INDEX(PCAmount,$N97))),IF($O97<>"",IF(INDEX(TxnDepB,$O97)=0,"",INDEX(TxnDepB,$O97)),"")) | J97: =IF($N97<>"",IF(INDEX(PCOp,$N97)="مرجوعی خرید",IF(INDEX(PCAmount,$N97)=0,"",-INDEX(PCAmount,$N97)),""),IF($O97<>"",IF(INDEX(TxnWitB,$O97)=0,"",INDEX(TxnWitB,$O97)),"")) | K97: =IF($B97="","",IF($K96="",$C$10,$K96)+IF($I97="",0,$I97)-IF($J97="",0,$J97)) | L97: =IF($N97<>"",IF(INDEX(PCNotes,$N97)="","—",INDEX(PCNotes,$N97)),IF($O97<>"",IF(INDEX(LdgNoteB,$O97)="","—",INDEX(LdgNoteB,$O97)),"")) | N97: =IFERROR(MATCH($C$5&"|"&RIGHT("000000"&81,6),LdgRankKeyA,0),"") | O97: =IFERROR(MATCH($C$5&"|"&RIGHT("000000"&81,6),LdgRankKeyB,0),"")
A98: 82 | B98: =IF(AND($N98="",$O98=""),"",IF($N98<>"",INDEX(PCNormDate,$N98),INDEX(LdgDateB,$O98))) | C98: =IF($N98<>"",INDEX(PCOp,$N98),IF($O98<>"",IF(N(INDEX(TxnDepB,$O98))>0,"دریافت بانکی","پرداخت بانکی"),"")) | D98: =IF($N98<>"",IF(INDEX(PCDoc,$N98)="","—",INDEX(PCDoc,$N98)),IF($O98<>"",INDEX(LdgBankB,$O98),"")) | E98: =IF($N98<>"",IF(INDEX(PCCitrus,$N98)="","—",INDEX(PCCitrus,$N98)),"") | F98: =IF($N98<>"",IF(INDEX(PCScale,$N98)=0,"",INDEX(PCScale,$N98)),"") | G98: =IF($N98<>"",IF(INDEX(PCBaskets,$N98)=0,"",INDEX(PCBaskets,$N98)),"") | H98: =IF($N98<>"",IF(INDEX(PCNet,$N98)=0,"",INDEX(PCNet,$N98)),"") | I98: =IF($N98<>"",IF(INDEX(PCOp,$N98)="مرجوعی خرید","",IF(INDEX(PCAmount,$N98)<=0,"",INDEX(PCAmount,$N98))),IF($O98<>"",IF(INDEX(TxnDepB,$O98)=0,"",INDEX(TxnDepB,$O98)),"")) | J98: =IF($N98<>"",IF(INDEX(PCOp,$N98)="مرجوعی خرید",IF(INDEX(PCAmount,$N98)=0,"",-INDEX(PCAmount,$N98)),""),IF($O98<>"",IF(INDEX(TxnWitB,$O98)=0,"",INDEX(TxnWitB,$O98)),"")) | K98: =IF($B98="","",IF($K97="",$C$10,$K97)+IF($I98="",0,$I98)-IF($J98="",0,$J98)) | L98: =IF($N98<>"",IF(INDEX(PCNotes,$N98)="","—",INDEX(PCNotes,$N98)),IF($O98<>"",IF(INDEX(LdgNoteB,$O98)="","—",INDEX(LdgNoteB,$O98)),"")) | N98: =IFERROR(MATCH($C$5&"|"&RIGHT("000000"&82,6),LdgRankKeyA,0),"") | O98: =IFERROR(MATCH($C$5&"|"&RIGHT("000000"&82,6),LdgRankKeyB,0),"")
A99: 83 | B99: =IF(AND($N99="",$O99=""),"",IF($N99<>"",INDEX(PCNormDate,$N99),INDEX(LdgDateB,$O99))) | C99: =IF($N99<>"",INDEX(PCOp,$N99),IF($O99<>"",IF(N(INDEX(TxnDepB,$O99))>0,"دریافت بانکی","پرداخت بانکی"),"")) | D99: =IF($N99<>"",IF(INDEX(PCDoc,$N99)="","—",INDEX(PCDoc,$N99)),IF($O99<>"",INDEX(LdgBankB,$O99),"")) | E99: =IF($N99<>"",IF(INDEX(PCCitrus,$N99)="","—",INDEX(PCCitrus,$N99)),"") | F99: =IF($N99<>"",IF(INDEX(PCScale,$N99)=0,"",INDEX(PCScale,$N99)),"") | G99: =IF($N99<>"",IF(INDEX(PCBaskets,$N99)=0,"",INDEX(PCBaskets,$N99)),"") | H99: =IF($N99<>"",IF(INDEX(PCNet,$N99)=0,"",INDEX(PCNet,$N99)),"") | I99: =IF($N99<>"",IF(INDEX(PCOp,$N99)="مرجوعی خرید","",IF(INDEX(PCAmount,$N99)<=0,"",INDEX(PCAmount,$N99))),IF($O99<>"",IF(INDEX(TxnDepB,$O99)=0,"",INDEX(TxnDepB,$O99)),"")) | J99: =IF($N99<>"",IF(INDEX(PCOp,$N99)="مرجوعی خرید",IF(INDEX(PCAmount,$N99)=0,"",-INDEX(PCAmount,$N99)),""),IF($O99<>"",IF(INDEX(TxnWitB,$O99)=0,"",INDEX(TxnWitB,$O99)),"")) | K99: =IF($B99="","",IF($K98="",$C$10,$K98)+IF($I99="",0,$I99)-IF($J99="",0,$J99)) | L99: =IF($N99<>"",IF(INDEX(PCNotes,$N99)="","—",INDEX(PCNotes,$N99)),IF($O99<>"",IF(INDEX(LdgNoteB,$O99)="","—",INDEX(LdgNoteB,$O99)),"")) | N99: =IFERROR(MATCH($C$5&"|"&RIGHT("000000"&83,6),LdgRankKeyA,0),"") | O99: =IFERROR(MATCH($C$5&"|"&RIGHT("000000"&83,6),LdgRankKeyB,0),"")
A100: 84 | B100: =IF(AND($N100="",$O100=""),"",IF($N100<>"",INDEX(PCNormDate,$N100),INDEX(LdgDateB,$O100))) | C100: =IF($N100<>"",INDEX(PCOp,$N100),IF($O100<>"",IF(N(INDEX(TxnDepB,$O100))>0,"دریافت بانکی","پرداخت بانکی"),"")) | D100: =IF($N100<>"",IF(INDEX(PCDoc,$N100)="","—",INDEX(PCDoc,$N100)),IF($O100<>"",INDEX(LdgBankB,$O100),"")) | E100: =IF($N100<>"",IF(INDEX(PCCitrus,$N100)="","—",INDEX(PCCitrus,$N100)),"") | F100: =IF($N100<>"",IF(INDEX(PCScale,$N100)=0,"",INDEX(PCScale,$N100)),"") | G100: =IF($N100<>"",IF(INDEX(PCBaskets,$N100)=0,"",INDEX(PCBaskets,$N100)),"") | H100: =IF($N100<>"",IF(INDEX(PCNet,$N100)=0,"",INDEX(PCNet,$N100)),"") | I100: =IF($N100<>"",IF(INDEX(PCOp,$N100)="مرجوعی خرید","",IF(INDEX(PCAmount,$N100)<=0,"",INDEX(PCAmount,$N100))),IF($O100<>"",IF(INDEX(TxnDepB,$O100)=0,"",INDEX(TxnDepB,$O100)),"")) | J100: =IF($N100<>"",IF(INDEX(PCOp,$N100)="مرجوعی خرید",IF(INDEX(PCAmount,$N100)=0,"",-INDEX(PCAmount,$N100)),""),IF($O100<>"",IF(INDEX(TxnWitB,$O100)=0,"",INDEX(TxnWitB,$O100)),"")) | K100: =IF($B100="","",IF($K99="",$C$10,$K99)+IF($I100="",0,$I100)-IF($J100="",0,$J100)) | L100: =IF($N100<>"",IF(INDEX(PCNotes,$N100)="","—",INDEX(PCNotes,$N100)),IF($O100<>"",IF(INDEX(LdgNoteB,$O100)="","—",INDEX(LdgNoteB,$O100)),"")) | N100: =IFERROR(MATCH($C$5&"|"&RIGHT("000000"&84,6),LdgRankKeyA,0),"") | O100: =IFERROR(MATCH($C$5&"|"&RIGHT("000000"&84,6),LdgRankKeyB,0),"")
A101: 85 | B101: =IF(AND($N101="",$O101=""),"",IF($N101<>"",INDEX(PCNormDate,$N101),INDEX(LdgDateB,$O101))) | C101: =IF($N101<>"",INDEX(PCOp,$N101),IF($O101<>"",IF(N(INDEX(TxnDepB,$O101))>0,"دریافت بانکی","پرداخت بانکی"),"")) | D101: =IF($N101<>"",IF(INDEX(PCDoc,$N101)="","—",INDEX(PCDoc,$N101)),IF($O101<>"",INDEX(LdgBankB,$O101),"")) | E101: =IF($N101<>"",IF(INDEX(PCCitrus,$N101)="","—",INDEX(PCCitrus,$N101)),"") | F101: =IF($N101<>"",IF(INDEX(PCScale,$N101)=0,"",INDEX(PCScale,$N101)),"") | G101: =IF($N101<>"",IF(INDEX(PCBaskets,$N101)=0,"",INDEX(PCBaskets,$N101)),"") | H101: =IF($N101<>"",IF(INDEX(PCNet,$N101)=0,"",INDEX(PCNet,$N101)),"") | I101: =IF($N101<>"",IF(INDEX(PCOp,$N101)="مرجوعی خرید","",IF(INDEX(PCAmount,$N101)<=0,"",INDEX(PCAmount,$N101))),IF($O101<>"",IF(INDEX(TxnDepB,$O101)=0,"",INDEX(TxnDepB,$O101)),"")) | J101: =IF($N101<>"",IF(INDEX(PCOp,$N101)="مرجوعی خرید",IF(INDEX(PCAmount,$N101)=0,"",-INDEX(PCAmount,$N101)),""),IF($O101<>"",IF(INDEX(TxnWitB,$O101)=0,"",INDEX(TxnWitB,$O101)),"")) | K101: =IF($B101="","",IF($K100="",$C$10,$K100)+IF($I101="",0,$I101)-IF($J101="",0,$J101)) | L101: =IF($N101<>"",IF(INDEX(PCNotes,$N101)="","—",INDEX(PCNotes,$N101)),IF($O101<>"",IF(INDEX(LdgNoteB,$O101)="","—",INDEX(LdgNoteB,$O101)),"")) | N101: =IFERROR(MATCH($C$5&"|"&RIGHT("000000"&85,6),LdgRankKeyA,0),"") | O101: =IFERROR(MATCH($C$5&"|"&RIGHT("000000"&85,6),LdgRankKeyB,0),"")
...

Sheet Summary
A1: =IF(Sync!$S$6="","مازندشت",Sync!$S$6)&" — "&IF(Sync!$S$9="","سورتینگ و بسته‌بندی مرکبات",Sync!$S$9)
A2: =IF(Sync!$S$7="","باغدشت، بخش مرکزی، شهرستان قائم‌شهر، استان مازندران، ایران",Sync!$S$7)&" | MAZANDASHT · CITRUS SORTING & PACKING"
A3: خلاصه خرید مرکبات به تفکیک حساب — از دفتر باسکول (گروه اصلی: خرید)
A4: ="پارامترها: وزن هر سبد = "&IFERROR(VLOOKUP("P01",ParamTbl,3,0),1.5)&" کیلوگرم | درصد افت (فقط گروه خرید) = "&IFERROR(VLOOKUP("P02",ParamTbl,3,0),1)&"٪ — تعریف و تغییر در INFO ← شیت Params"
A5: تعداد حساب‌های فعال | D5: جمع کل باسکول (kg) | G5: جمع کل سبد | J5: جمع کل خالص (kg)
A6: =NAcctAll | D6: =F570 | G6: =G570 | J6: =H570
A8: ردیف | B8: کد حساب | C8: نام صاحب حساب | D8: نوع حساب | E8: تعداد ورودی | F8: جمع باسکول (kg) | G8: جمع سبد | H8: وزن خالص (kg) | I8: گروه حسابداری | J8: گروه حسابرسی | K8: سهم از خالص
A9: No. | B9: Code | C9: Account Holder | D9: Type | E9: Entries | F9: Scale Total | G9: Baskets Total | H9: Net Weight | I9: Acct Group | J9: Audit Group | K9: Share
A10: =IF(ROW()-9>NAcctAll,"",ROW()-9) | B10: =IF($A10="","",IF($A10<=NAcctAll,INDEX(PkAcctAll,$A10),"")) | C10: =IF($B10="","",IFERROR(IF(VLOOKUP($B10,AcctTbl,4,0)="","(بدون نام)",VLOOKUP($B10,AcctTbl,4,0)),"—")) | D10: =IF($B10="","",IFERROR(IF(VLOOKUP($B10,AcctTbl,3,0)="",IF(VLOOKUP($B10,AcctTbl,2,0)="","—",VLOOKUP($B10,AcctTbl,2,0)),VLOOKUP($B10,AcctTbl,3,0)),"—")) | E10: =IF($B10="","",COUNTIFS(CalcParty,$B10,CalcGroup,"خرید")) | F10: =IF($B10="","",SUMIFS(CalcScale,CalcParty,$B10,CalcGroup,"خرید")) | G10: =IF($B10="","",SUMIFS(CalcBaskets,CalcParty,$B10,CalcGroup,"خرید")) | H10: =IF($B10="","",SUMIFS(CalcNet,CalcParty,$B10,CalcGroup,"خرید")) | I10: =IF($B10="","",IFERROR(IF(VLOOKUP($B10,AcctTbl,5,0)="","—",VLOOKUP($B10,AcctTbl,5,0)),"—")) | J10: =IF($B10="","",IFERROR(IF(VLOOKUP($B10,AcctTbl,6,0)="","—",VLOOKUP($B10,AcctTbl,6,0)),"—")) | K10: =IF(OR($B10="",$H$570=0),"",$H10/$H$570)
A11: =IF(ROW()-9>NAcctAll,"",ROW()-9) | B11: =IF($A11="","",IF($A11<=NAcctAll,INDEX(PkAcctAll,$A11),"")) | C11: =IF($B11="","",IFERROR(IF(VLOOKUP($B11,AcctTbl,4,0)="","(بدون نام)",VLOOKUP($B11,AcctTbl,4,0)),"—")) | D11: =IF($B11="","",IFERROR(IF(VLOOKUP($B11,AcctTbl,3,0)="",IF(VLOOKUP($B11,AcctTbl,2,0)="","—",VLOOKUP($B11,AcctTbl,2,0)),VLOOKUP($B11,AcctTbl,3,0)),"—")) | E11: =IF($B11="","",COUNTIFS(CalcParty,$B11,CalcGroup,"خرید")) | F11: =IF($B11="","",SUMIFS(CalcScale,CalcParty,$B11,CalcGroup,"خرید")) | G11: =IF($B11="","",SUMIFS(CalcBaskets,CalcParty,$B11,CalcGroup,"خرید")) | H11: =IF($B11="","",SUMIFS(CalcNet,CalcParty,$B11,CalcGroup,"خرید")) | I11: =IF($B11="","",IFERROR(IF(VLOOKUP($B11,AcctTbl,5,0)="","—",VLOOKUP($B11,AcctTbl,5,0)),"—")) | J11: =IF($B11="","",IFERROR(IF(VLOOKUP($B11,AcctTbl,6,0)="","—",VLOOKUP($B11,AcctTbl,6,0)),"—")) | K11: =IF(OR($B11="",$H$570=0),"",$H11/$H$570)
A12: =IF(ROW()-9>NAcctAll,"",ROW()-9) | B12: =IF($A12="","",IF($A12<=NAcctAll,INDEX(PkAcctAll,$A12),"")) | C12: =IF($B12="","",IFERROR(IF(VLOOKUP($B12,AcctTbl,4,0)="","(بدون نام)",VLOOKUP($B12,AcctTbl,4,0)),"—")) | D12: =IF($B12="","",IFERROR(IF(VLOOKUP($B12,AcctTbl,3,0)="",IF(VLOOKUP($B12,AcctTbl,2,0)="","—",VLOOKUP($B12,AcctTbl,2,0)),VLOOKUP($B12,AcctTbl,3,0)),"—")) | E12: =IF($B12="","",COUNTIFS(CalcParty,$B12,CalcGroup,"خرید")) | F12: =IF($B12="","",SUMIFS(CalcScale,CalcParty,$B12,CalcGroup,"خرید")) | G12: =IF($B12="","",SUMIFS(CalcBaskets,CalcParty,$B12,CalcGroup,"خرید")) | H12: =IF($B12="","",SUMIFS(CalcNet,CalcParty,$B12,CalcGroup,"خرید")) | I12: =IF($B12="","",IFERROR(IF(VLOOKUP($B12,AcctTbl,5,0)="","—",VLOOKUP($B12,AcctTbl,5,0)),"—")) | J12: =IF($B12="","",IFERROR(IF(VLOOKUP($B12,AcctTbl,6,0)="","—",VLOOKUP($B12,AcctTbl,6,0)),"—")) | K12: =IF(OR($B12="",$H$570=0),"",$H12/$H$570)
A13: =IF(ROW()-9>NAcctAll,"",ROW()-9) | B13: =IF($A13="","",IF($A13<=NAcctAll,INDEX(PkAcctAll,$A13),"")) | C13: =IF($B13="","",IFERROR(IF(VLOOKUP($B13,AcctTbl,4,0)="","(بدون نام)",VLOOKUP($B13,AcctTbl,4,0)),"—")) | D13: =IF($B13="","",IFERROR(IF(VLOOKUP($B13,AcctTbl,3,0)="",IF(VLOOKUP($B13,AcctTbl,2,0)="","—",VLOOKUP($B13,AcctTbl,2,0)),VLOOKUP($B13,AcctTbl,3,0)),"—")) | E13: =IF($B13="","",COUNTIFS(CalcParty,$B13,CalcGroup,"خرید")) | F13: =IF($B13="","",SUMIFS(CalcScale,CalcParty,$B13,CalcGroup,"خرید")) | G13: =IF($B13="","",SUMIFS(CalcBaskets,CalcParty,$B13,CalcGroup,"خرید")) | H13: =IF($B13="","",SUMIFS(CalcNet,CalcParty,$B13,CalcGroup,"خرید")) | I13: =IF($B13="","",IFERROR(IF(VLOOKUP($B13,AcctTbl,5,0)="","—",VLOOKUP($B13,AcctTbl,5,0)),"—")) | J13: =IF($B13="","",IFERROR(IF(VLOOKUP($B13,AcctTbl,6,0)="","—",VLOOKUP($B13,AcctTbl,6,0)),"—")) | K13: =IF(OR($B13="",$H$570=0),"",$H13/$H$570)
A14: =IF(ROW()-9>NAcctAll,"",ROW()-9) | B14: =IF($A14="","",IF($A14<=NAcctAll,INDEX(PkAcctAll,$A14),"")) | C14: =IF($B14="","",IFERROR(IF(VLOOKUP($B14,AcctTbl,4,0)="","(بدون نام)",VLOOKUP($B14,AcctTbl,4,0)),"—")) | D14: =IF($B14="","",IFERROR(IF(VLOOKUP($B14,AcctTbl,3,0)="",IF(VLOOKUP($B14,AcctTbl,2,0)="","—",VLOOKUP($B14,AcctTbl,2,0)),VLOOKUP($B14,AcctTbl,3,0)),"—")) | E14: =IF($B14="","",COUNTIFS(CalcParty,$B14,CalcGroup,"خرید")) | F14: =IF($B14="","",SUMIFS(CalcScale,CalcParty,$B14,CalcGroup,"خرید")) | G14: =IF($B14="","",SUMIFS(CalcBaskets,CalcParty,$B14,CalcGroup,"خرید")) | H14: =IF($B14="","",SUMIFS(CalcNet,CalcParty,$B14,CalcGroup,"خرید")) | I14: =IF($B14="","",IFERROR(IF(VLOOKUP($B14,AcctTbl,5,0)="","—",VLOOKUP($B14,AcctTbl,5,0)),"—")) | J14: =IF($B14="","",IFERROR(IF(VLOOKUP($B14,AcctTbl,6,0)="","—",VLOOKUP($B14,AcctTbl,6,0)),"—")) | K14: =IF(OR($B14="",$H$570=0),"",$H14/$H$570)
A15: =IF(ROW()-9>NAcctAll,"",ROW()-9) | B15: =IF($A15="","",IF($A15<=NAcctAll,INDEX(PkAcctAll,$A15),"")) | C15: =IF($B15="","",IFERROR(IF(VLOOKUP($B15,AcctTbl,4,0)="","(بدون نام)",VLOOKUP($B15,AcctTbl,4,0)),"—")) | D15: =IF($B15="","",IFERROR(IF(VLOOKUP($B15,AcctTbl,3,0)="",IF(VLOOKUP($B15,AcctTbl,2,0)="","—",VLOOKUP($B15,AcctTbl,2,0)),VLOOKUP($B15,AcctTbl,3,0)),"—")) | E15: =IF($B15="","",COUNTIFS(CalcParty,$B15,CalcGroup,"خرید")) | F15: =IF($B15="","",SUMIFS(CalcScale,CalcParty,$B15,CalcGroup,"خرید")) | G15: =IF($B15="","",SUMIFS(CalcBaskets,CalcParty,$B15,CalcGroup,"خرید")) | H15: =IF($B15="","",SUMIFS(CalcNet,CalcParty,$B15,CalcGroup,"خرید")) | I15: =IF($B15="","",IFERROR(IF(VLOOKUP($B15,AcctTbl,5,0)="","—",VLOOKUP($B15,AcctTbl,5,0)),"—")) | J15: =IF($B15="","",IFERROR(IF(VLOOKUP($B15,AcctTbl,6,0)="","—",VLOOKUP($B15,AcctTbl,6,0)),"—")) | K15: =IF(OR($B15="",$H$570=0),"",$H15/$H$570)
A16: =IF(ROW()-9>NAcctAll,"",ROW()-9) | B16: =IF($A16="","",IF($A16<=NAcctAll,INDEX(PkAcctAll,$A16),"")) | C16: =IF($B16="","",IFERROR(IF(VLOOKUP($B16,AcctTbl,4,0)="","(بدون نام)",VLOOKUP($B16,AcctTbl,4,0)),"—")) | D16: =IF($B16="","",IFERROR(IF(VLOOKUP($B16,AcctTbl,3,0)="",IF(VLOOKUP($B16,AcctTbl,2,0)="","—",VLOOKUP($B16,AcctTbl,2,0)),VLOOKUP($B16,AcctTbl,3,0)),"—")) | E16: =IF($B16="","",COUNTIFS(CalcParty,$B16,CalcGroup,"خرید")) | F16: =IF($B16="","",SUMIFS(CalcScale,CalcParty,$B16,CalcGroup,"خرید")) | G16: =IF($B16="","",SUMIFS(CalcBaskets,CalcParty,$B16,CalcGroup,"خرید")) | H16: =IF($B16="","",SUMIFS(CalcNet,CalcParty,$B16,CalcGroup,"خرید")) | I16: =IF($B16="","",IFERROR(IF(VLOOKUP($B16,AcctTbl,5,0)="","—",VLOOKUP($B16,AcctTbl,5,0)),"—")) | J16: =IF($B16="","",IFERROR(IF(VLOOKUP($B16,AcctTbl,6,0)="","—",VLOOKUP($B16,AcctTbl,6,0)),"—")) | K16: =IF(OR($B16="",$H$570=0),"",$H16/$H$570)
A17: =IF(ROW()-9>NAcctAll,"",ROW()-9) | B17: =IF($A17="","",IF($A17<=NAcctAll,INDEX(PkAcctAll,$A17),"")) | C17: =IF($B17="","",IFERROR(IF(VLOOKUP($B17,AcctTbl,4,0)="","(بدون نام)",VLOOKUP($B17,AcctTbl,4,0)),"—")) | D17: =IF($B17="","",IFERROR(IF(VLOOKUP($B17,AcctTbl,3,0)="",IF(VLOOKUP($B17,AcctTbl,2,0)="","—",VLOOKUP($B17,AcctTbl,2,0)),VLOOKUP($B17,AcctTbl,3,0)),"—")) | E17: =IF($B17="","",COUNTIFS(CalcParty,$B17,CalcGroup,"خرید")) | F17: =IF($B17="","",SUMIFS(CalcScale,CalcParty,$B17,CalcGroup,"خرید")) | G17: =IF($B17="","",SUMIFS(CalcBaskets,CalcParty,$B17,CalcGroup,"خرید")) | H17: =IF($B17="","",SUMIFS(CalcNet,CalcParty,$B17,CalcGroup,"خرید")) | I17: =IF($B17="","",IFERROR(IF(VLOOKUP($B17,AcctTbl,5,0)="","—",VLOOKUP($B17,AcctTbl,5,0)),"—")) | J17: =IF($B17="","",IFERROR(IF(VLOOKUP($B17,AcctTbl,6,0)="","—",VLOOKUP($B17,AcctTbl,6,0)),"—")) | K17: =IF(OR($B17="",$H$570=0),"",$H17/$H$570)
A18: =IF(ROW()-9>NAcctAll,"",ROW()-9) | B18: =IF($A18="","",IF($A18<=NAcctAll,INDEX(PkAcctAll,$A18),"")) | C18: =IF($B18="","",IFERROR(IF(VLOOKUP($B18,AcctTbl,4,0)="","(بدون نام)",VLOOKUP($B18,AcctTbl,4,0)),"—")) | D18: =IF($B18="","",IFERROR(IF(VLOOKUP($B18,AcctTbl,3,0)="",IF(VLOOKUP($B18,AcctTbl,2,0)="","—",VLOOKUP($B18,AcctTbl,2,0)),VLOOKUP($B18,AcctTbl,3,0)),"—")) | E18: =IF($B18="","",COUNTIFS(CalcParty,$B18,CalcGroup,"خرید")) | F18: =IF($B18="","",SUMIFS(CalcScale,CalcParty,$B18,CalcGroup,"خرید")) | G18: =IF($B18="","",SUMIFS(CalcBaskets,CalcParty,$B18,CalcGroup,"خرید")) | H18: =IF($B18="","",SUMIFS(CalcNet,CalcParty,$B18,CalcGroup,"خرید")) | I18: =IF($B18="","",IFERROR(IF(VLOOKUP($B18,AcctTbl,5,0)="","—",VLOOKUP($B18,AcctTbl,5,0)),"—")) | J18: =IF($B18="","",IFERROR(IF(VLOOKUP($B18,AcctTbl,6,0)="","—",VLOOKUP($B18,AcctTbl,6,0)),"—")) | K18: =IF(OR($B18="",$H$570=0),"",$H18/$H$570)
A19: =IF(ROW()-9>NAcctAll,"",ROW()-9) | B19: =IF($A19="","",IF($A19<=NAcctAll,INDEX(PkAcctAll,$A19),"")) | C19: =IF($B19="","",IFERROR(IF(VLOOKUP($B19,AcctTbl,4,0)="","(بدون نام)",VLOOKUP($B19,AcctTbl,4,0)),"—")) | D19: =IF($B19="","",IFERROR(IF(VLOOKUP($B19,AcctTbl,3,0)="",IF(VLOOKUP($B19,AcctTbl,2,0)="","—",VLOOKUP($B19,AcctTbl,2,0)),VLOOKUP($B19,AcctTbl,3,0)),"—")) | E19: =IF($B19="","",COUNTIFS(CalcParty,$B19,CalcGroup,"خرید")) | F19: =IF($B19="","",SUMIFS(CalcScale,CalcParty,$B19,CalcGroup,"خرید")) | G19: =IF($B19="","",SUMIFS(CalcBaskets,CalcParty,$B19,CalcGroup,"خرید")) | H19: =IF($B19="","",SUMIFS(CalcNet,CalcParty,$B19,CalcGroup,"خرید")) | I19: =IF($B19="","",IFERROR(IF(VLOOKUP($B19,AcctTbl,5,0)="","—",VLOOKUP($B19,AcctTbl,5,0)),"—")) | J19: =IF($B19="","",IFERROR(IF(VLOOKUP($B19,AcctTbl,6,0)="","—",VLOOKUP($B19,AcctTbl,6,0)),"—")) | K19: =IF(OR($B19="",$H$570=0),"",$H19/$H$570)
A20: =IF(ROW()-9>NAcctAll,"",ROW()-9) | B20: =IF($A20="","",IF($A20<=NAcctAll,INDEX(PkAcctAll,$A20),"")) | C20: =IF($B20="","",IFERROR(IF(VLOOKUP($B20,AcctTbl,4,0)="","(بدون نام)",VLOOKUP($B20,AcctTbl,4,0)),"—")) | D20: =IF($B20="","",IFERROR(IF(VLOOKUP($B20,AcctTbl,3,0)="",IF(VLOOKUP($B20,AcctTbl,2,0)="","—",VLOOKUP($B20,AcctTbl,2,0)),VLOOKUP($B20,AcctTbl,3,0)),"—")) | E20: =IF($B20="","",COUNTIFS(CalcParty,$B20,CalcGroup,"خرید")) | F20: =IF($B20="","",SUMIFS(CalcScale,CalcParty,$B20,CalcGroup,"خرید")) | G20: =IF($B20="","",SUMIFS(CalcBaskets,CalcParty,$B20,CalcGroup,"خرید")) | H20: =IF($B20="","",SUMIFS(CalcNet,CalcParty,$B20,CalcGroup,"خرید")) | I20: =IF($B20="","",IFERROR(IF(VLOOKUP($B20,AcctTbl,5,0)="","—",VLOOKUP($B20,AcctTbl,5,0)),"—")) | J20: =IF($B20="","",IFERROR(IF(VLOOKUP($B20,AcctTbl,6,0)="","—",VLOOKUP($B20,AcctTbl,6,0)),"—")) | K20: =IF(OR($B20="",$H$570=0),"",$H20/$H$570)
A21: =IF(ROW()-9>NAcctAll,"",ROW()-9) | B21: =IF($A21="","",IF($A21<=NAcctAll,INDEX(PkAcctAll,$A21),"")) | C21: =IF($B21="","",IFERROR(IF(VLOOKUP($B21,AcctTbl,4,0)="","(بدون نام)",VLOOKUP($B21,AcctTbl,4,0)),"—")) | D21: =IF($B21="","",IFERROR(IF(VLOOKUP($B21,AcctTbl,3,0)="",IF(VLOOKUP($B21,AcctTbl,2,0)="","—",VLOOKUP($B21,AcctTbl,2,0)),VLOOKUP($B21,AcctTbl,3,0)),"—")) | E21: =IF($B21="","",COUNTIFS(CalcParty,$B21,CalcGroup,"خرید")) | F21: =IF($B21="","",SUMIFS(CalcScale,CalcParty,$B21,CalcGroup,"خرید")) | G21: =IF($B21="","",SUMIFS(CalcBaskets,CalcParty,$B21,CalcGroup,"خرید")) | H21: =IF($B21="","",SUMIFS(CalcNet,CalcParty,$B21,CalcGroup,"خرید")) | I21: =IF($B21="","",IFERROR(IF(VLOOKUP($B21,AcctTbl,5,0)="","—",VLOOKUP($B21,AcctTbl,5,0)),"—")) | J21: =IF($B21="","",IFERROR(IF(VLOOKUP($B21,AcctTbl,6,0)="","—",VLOOKUP($B21,AcctTbl,6,0)),"—")) | K21: =IF(OR($B21="",$H$570=0),"",$H21/$H$570)
... A569: =IF(ROW()-9>NAcctAll,"",ROW()-9) | B569: =IF($A569="","",IF($A569<=NAcctAll,INDEX(PkAcctAll,$A569),"")) | C569: =IF($B569="","",IFERROR(IF(VLOOKUP($B569,AcctTbl,4,0)="","(بدون نام)",VLOOKUP($B569,AcctTbl,4,0)),"—")) | D569: =IF($B569="","",IFERROR(IF(VLOOKUP($B569,AcctTbl,3,0)="",IF(VLOOKUP($B569,AcctTbl,2,0)="","—",VLOOKUP($B569,AcctTbl,2,0)),VLOOKUP($B569,AcctTbl,3,0)),"—")) | E569: =IF($B569="","",COUNTIFS(CalcParty,$B569,CalcGroup,"خرید")) | F569: =IF($B569="","",SUMIFS(CalcScale,CalcParty,$B569,CalcGroup,"خرید")) | G569: =IF($B569="","",SUMIFS(CalcBaskets,CalcParty,$B569,CalcGroup,"خرید")) | H569: =IF($B569="","",SUMIFS(CalcNet,CalcParty,$B569,CalcGroup,"خرید")) | I569: =IF($B569="","",IFERROR(IF(VLOOKUP($B569,AcctTbl,5,0)="","—",VLOOKUP($B569,AcctTbl,5,0)),"—")) | J569: =IF($B569="","",IFERROR(IF(VLOOKUP($B569,AcctTbl,6,0)="","—",VLOOKUP($B569,AcctTbl,6,0)),"—")) | K569: =IF(OR($B569="",$H$570=0),"",$H569/$H$570)
A570: جمع کل | E570: =SUM(E10:E569) | F570: =SUM(F10:F569) | G570: =SUM(G10:G569) | H570: =SUM(H10:H569)

Sheet Sync
A1: مازندشت — سورتینگ و بسته‌بندی مرکبات
A2: باغدشت، بخش مرکزی، شهرستان قائم‌شهر، استان مازندران، ایران | MAZANDASHT · CITRUS SORTING & PACKING
A3: برگه فنی — آینه‌ی فایل مادر (INFO)، دفتر باسکول (Baskol) و فایل واریز/برداشت (Transactions) برای گزارش خرید. فرمول‌ها را تغییر ندهید. اگر همه سلول‌ها خالی شدند یعنی لینک به‌روز نشده: Data ← Edit Links ← Update Values.
A5: Accounts · Code | B5: · Nature | C5: · Subgroup | D5: · Name | E5: · Acct Group | F5: · Audit Group | H5: Ops · Code | I5: · Title | J5: · Direction | K5: · Group | M5: Lists · Citrus Types | O5: Params · Code | P5: · Name | Q5: · Value | S5: Company | U5: Baskol · Date | V5: · Time | W5: · Doc | X5: · Op | Y5: · Party | Z5: · Sub | AA5: · Citrus | AB5: · Scale | AC5: · Baskets | AD5: · Amount | AE5: · Notes | AG5: Txn Entry · C | AH5: Txn Entry · D | AI5: Txn Entry · E | AJ5: Txn Entry · G | AK5: Txn Entry · K | AL5: Txn Entry · L | AM5: Txn Entry · M | AN5: Txn Entry · N | AO5: Txn Entry · R | AQ5: flg | AR5: cum·N | AS5: packed·Acct
A6: =IF([1]Accounts!$D$7="","",[1]Accounts!$A$7) | B6: =IF([1]Accounts!$D$7="","",[1]Accounts!$B$7) | C6: =IF([1]Accounts!$D$7="","",[1]Accounts!$C$7) | D6: =IF([1]Accounts!$D$7="","",[1]Accounts!$D$7) | E6: =IF([1]Accounts!$D$7="","",[1]Accounts!$J$7) | F6: =IF([1]Accounts!$D$7="","",[1]Accounts!$K$7) | H6: =IF([1]Ops!$B$7="","",[1]Ops!$A$7) | I6: =IF([1]Ops!$B$7="","",[1]Ops!$B$7) | J6: =IF([1]Ops!$B$7="","",[1]Ops!$C$7) | K6: =IF([1]Ops!$B$7="","",[1]Ops!$D$7) | M6: =IF([1]Lists!$C$7="","",[1]Lists!$C$7) | O6: =IF([1]Params!$A$7="","",[1]Params!$A$7) | P6: =IF([1]Params!$B$7="","",[1]Params!$B$7) | Q6: =[1]Params!$C$7 | S6: =IF([1]Company!$C$5="","",[1]Company!$C$5) | U6: =IF([2]Baskol!$B$9="","",[2]Baskol!$B$9) | V6: =IF([2]Baskol!$C$9="","",[2]Baskol!$C$9) | W6: =IF([2]Baskol!$D$9="","",[2]Baskol!$D$9) | X6: =IF([2]Baskol!$E$9="","",[2]Baskol!$E$9) | Y6: =IF([2]Baskol!$G$9="","",[2]Baskol!$G$9) | Z6: =IF([2]Baskol!$I$9="","",[2]Baskol!$I$9) | AA6: =IF([2]Baskol!$J$9="","",[2]Baskol!$J$9) | AB6: =IF([2]Baskol!$K$9="","",[2]Baskol!$K$9) | AC6: =IF([2]Baskol!$L$9="","",[2]Baskol!$L$9) | AD6: =IF([2]Baskol!$N$9="","",[2]Baskol!$N$9) | AE6: =IF([2]Baskol!$O$9="","",[2]Baskol!$O$9) | AG6: =IF([3]Entry!$C$9="","",[3]Entry!$C$9) | AH6: =IF([3]Entry!$D$9="","",[3]Entry!$D$9) | AI6: =IF([3]Entry!$E$9="","",[3]Entry!$E$9) | AJ6: =IF([3]Entry!$G$9="","",[3]Entry!$G$9) | AK6: =IF([3]Entry!$K$9="","",[3]Entry!$K$9) | AL6: =IF([3]Entry!$L$9="","",[3]Entry!$L$9) | AM6: =IF([3]Entry!$M$9="","",[3]Entry!$M$9) | AN6: =IF([3]Entry!$N$9="","",[3]Entry!$N$9) | AO6: =IF([3]Entry!$R$9="","",[3]Entry!$R$9) | AQ6: =IF(AND($D6<>"",$A6<>""),1,0) | AR6: =SUM($AQ$6:$AQ6) | AS6: =IFERROR(INDEX($A$6:$A$565,MATCH(ROW()-5,$AR$6:$AR$565,0)),"")
A7: =IF([1]Accounts!$D$8="","",[1]Accounts!$A$8) | B7: =IF([1]Accounts!$D$8="","",[1]Accounts!$B$8) | C7: =IF([1]Accounts!$D$8="","",[1]Accounts!$C$8) | D7: =IF([1]Accounts!$D$8="","",[1]Accounts!$D$8) | E7: =IF([1]Accounts!$D$8="","",[1]Accounts!$J$8) | F7: =IF([1]Accounts!$D$8="","",[1]Accounts!$K$8) | H7: =IF([1]Ops!$B$8="","",[1]Ops!$A$8) | I7: =IF([1]Ops!$B$8="","",[1]Ops!$B$8) | J7: =IF([1]Ops!$B$8="","",[1]Ops!$C$8) | K7: =IF([1]Ops!$B$8="","",[1]Ops!$D$8) | M7: =IF([1]Lists!$C$8="","",[1]Lists!$C$8) | O7: =IF([1]Params!$A$8="","",[1]Params!$A$8) | P7: =IF([1]Params!$B$8="","",[1]Params!$B$8) | Q7: =[1]Params!$C$8 | S7: =IF([1]Company!$C$8="","",[1]Company!$C$8) | U7: =IF([2]Baskol!$B$10="","",[2]Baskol!$B$10) | V7: =IF([2]Baskol!$C$10="","",[2]Baskol!$C$10) | W7: =IF([2]Baskol!$D$10="","",[2]Baskol!$D$10) | X7: =IF([2]Baskol!$E$10="","",[2]Baskol!$E$10) | Y7: =IF([2]Baskol!$G$10="","",[2]Baskol!$G$10) | Z7: =IF([2]Baskol!$I$10="","",[2]Baskol!$I$10) | AA7: =IF([2]Baskol!$J$10="","",[2]Baskol!$J$10) | AB7: =IF([2]Baskol!$K$10="","",[2]Baskol!$K$10) | AC7: =IF([2]Baskol!$L$10="","",[2]Baskol!$L$10) | AD7: =IF([2]Baskol!$N$10="","",[2]Baskol!$N$10) | AE7: =IF([2]Baskol!$O$10="","",[2]Baskol!$O$10) | AG7: =IF([3]Entry!$C$10="","",[3]Entry!$C$10) | AH7: =IF([3]Entry!$D$10="","",[3]Entry!$D$10) | AI7: =IF([3]Entry!$E$10="","",[3]Entry!$E$10) | AJ7: =IF([3]Entry!$G$10="","",[3]Entry!$G$10) | AK7: =IF([3]Entry!$K$10="","",[3]Entry!$K$10) | AL7: =IF([3]Entry!$L$10="","",[3]Entry!$L$10) | AM7: =IF([3]Entry!$M$10="","",[3]Entry!$M$10) | AN7: =IF([3]Entry!$N$10="","",[3]Entry!$N$10) | AO7: =IF([3]Entry!$R$10="","",[3]Entry!$R$10) | AQ7: =IF(AND($D7<>"",$A7<>""),1,0) | AR7: =SUM($AQ$6:$AQ7) | AS7: =IFERROR(INDEX($A$6:$A$565,MATCH(ROW()-5,$AR$6:$AR$565,0)),"")
A8: =IF([1]Accounts!$D$9="","",[1]Accounts!$A$9) | B8: =IF([1]Accounts!$D$9="","",[1]Accounts!$B$9) | C8: =IF([1]Accounts!$D$9="","",[1]Accounts!$C$9) | D8: =IF([1]Accounts!$D$9="","",[1]Accounts!$D$9) | E8: =IF([1]Accounts!$D$9="","",[1]Accounts!$J$9) | F8: =IF([1]Accounts!$D$9="","",[1]Accounts!$K$9) | H8: =IF([1]Ops!$B$9="","",[1]Ops!$A$9) | I8: =IF([1]Ops!$B$9="","",[1]Ops!$B$9) | J8: =IF([1]Ops!$B$9="","",[1]Ops!$C$9) | K8: =IF([1]Ops!$B$9="","",[1]Ops!$D$9) | M8: =IF([1]Lists!$C$9="","",[1]Lists!$C$9) | O8: =IF([1]Params!$A$9="","",[1]Params!$A$9) | P8: =IF([1]Params!$B$9="","",[1]Params!$B$9) | Q8: =[1]Params!$C$9 | S8: =IF([1]Company!$C$9="","",[1]Company!$C$9) | U8: =IF([2]Baskol!$B$11="","",[2]Baskol!$B$11) | V8: =IF([2]Baskol!$C$11="","",[2]Baskol!$C$11) | W8: =IF([2]Baskol!$D$11="","",[2]Baskol!$D$11) | X8: =IF([2]Baskol!$E$11="","",[2]Baskol!$E$11) | Y8: =IF([2]Baskol!$G$11="","",[2]Baskol!$G$11) | Z8: =IF([2]Baskol!$I$11="","",[2]Baskol!$I$11) | AA8: =IF([2]Baskol!$J$11="","",[2]Baskol!$J$11) | AB8: =IF([2]Baskol!$K$11="","",[2]Baskol!$K$11) | AC8: =IF([2]Baskol!$L$11="","",[2]Baskol!$L$11) | AD8: =IF([2]Baskol!$N$11="","",[2]Baskol!$N$11) | AE8: =IF([2]Baskol!$O$11="","",[2]Baskol!$O$11) | AG8: =IF([3]Entry!$C$11="","",[3]Entry!$C$11) | AH8: =IF([3]Entry!$D$11="","",[3]Entry!$D$11) | AI8: =IF([3]Entry!$E$11="","",[3]Entry!$E$11) | AJ8: =IF([3]Entry!$G$11="","",[3]Entry!$G$11) | AK8: =IF([3]Entry!$K$11="","",[3]Entry!$K$11) | AL8: =IF([3]Entry!$L$11="","",[3]Entry!$L$11) | AM8: =IF([3]Entry!$M$11="","",[3]Entry!$M$11) | AN8: =IF([3]Entry!$N$11="","",[3]Entry!$N$11) | AO8: =IF([3]Entry!$R$11="","",[3]Entry!$R$11) | AQ8: =IF(AND($D8<>"",$A8<>""),1,0) | AR8: =SUM($AQ$6:$AQ8) | AS8: =IFERROR(INDEX($A$6:$A$565,MATCH(ROW()-5,$AR$6:$AR$565,0)),"")
A9: =IF([1]Accounts!$D$10="","",[1]Accounts!$A$10) | B9: =IF([1]Accounts!$D$10="","",[1]Accounts!$B$10) | C9: =IF([1]Accounts!$D$10="","",[1]Accounts!$C$10) | D9: =IF([1]Accounts!$D$10="","",[1]Accounts!$D$10) | E9: =IF([1]Accounts!$D$10="","",[1]Accounts!$J$10) | F9: =IF([1]Accounts!$D$10="","",[1]Accounts!$K$10) | H9: =IF([1]Ops!$B$10="","",[1]Ops!$A$10) | I9: =IF([1]Ops!$B$10="","",[1]Ops!$B$10) | J9: =IF([1]Ops!$B$10="","",[1]Ops!$C$10) | K9: =IF([1]Ops!$B$10="","",[1]Ops!$D$10) | M9: =IF([1]Lists!$C$10="","",[1]Lists!$C$10) | O9: =IF([1]Params!$A$10="","",[1]Params!$A$10) | P9: =IF([1]Params!$B$10="","",[1]Params!$B$10) | Q9: =[1]Params!$C$10 | S9: =IF([1]Company!$C$7="","",[1]Company!$C$7) | U9: =IF([2]Baskol!$B$12="","",[2]Baskol!$B$12) | V9: =IF([2]Baskol!$C$12="","",[2]Baskol!$C$12) | W9: =IF([2]Baskol!$D$12="","",[2]Baskol!$D$12) | X9: =IF([2]Baskol!$E$12="","",[2]Baskol!$E$12) | Y9: =IF([2]Baskol!$G$12="","",[2]Baskol!$G$12) | Z9: =IF([2]Baskol!$I$12="","",[2]Baskol!$I$12) | AA9: =IF([2]Baskol!$J$12="","",[2]Baskol!$J$12) | AB9: =IF([2]Baskol!$K$12="","",[2]Baskol!$K$12) | AC9: =IF([2]Baskol!$L$12="","",[2]Baskol!$L$12) | AD9: =IF([2]Baskol!$N$12="","",[2]Baskol!$N$12) | AE9: =IF([2]Baskol!$O$12="","",[2]Baskol!$O$12) | AG9: =IF([3]Entry!$C$12="","",[3]Entry!$C$12) | AH9: =IF([3]Entry!$D$12="","",[3]Entry!$D$12) | AI9: =IF([3]Entry!$E$12="","",[3]Entry!$E$12) | AJ9: =IF([3]Entry!$G$12="","",[3]Entry!$G$12) | AK9: =IF([3]Entry!$K$12="","",[3]Entry!$K$12) | AL9: =IF([3]Entry!$L$12="","",[3]Entry!$L$12) | AM9: =IF([3]Entry!$M$12="","",[3]Entry!$M$12) | AN9: =IF([3]Entry!$N$12="","",[3]Entry!$N$12) | AO9: =IF([3]Entry!$R$12="","",[3]Entry!$R$12) | AQ9: =IF(AND($D9<>"",$A9<>""),1,0) | AR9: =SUM($AQ$6:$AQ9) | AS9: =IFERROR(INDEX($A$6:$A$565,MATCH(ROW()-5,$AR$6:$AR$565,0)),"")
A10: =IF([1]Accounts!$D$11="","",[1]Accounts!$A$11) | B10: =IF([1]Accounts!$D$11="","",[1]Accounts!$B$11) | C10: =IF([1]Accounts!$D$11="","",[1]Accounts!$C$11) | D10: =IF([1]Accounts!$D$11="","",[1]Accounts!$D$11) | E10: =IF([1]Accounts!$D$11="","",[1]Accounts!$J$11) | F10: =IF([1]Accounts!$D$11="","",[1]Accounts!$K$11) | H10: =IF([1]Ops!$B$11="","",[1]Ops!$A$11) | I10: =IF([1]Ops!$B$11="","",[1]Ops!$B$11) | J10: =IF([1]Ops!$B$11="","",[1]Ops!$C$11) | K10: =IF([1]Ops!$B$11="","",[1]Ops!$D$11) | M10: =IF([1]Lists!$C$11="","",[1]Lists!$C$11) | O10: =IF([1]Params!$A$11="","",[1]Params!$A$11) | P10: =IF([1]Params!$B$11="","",[1]Params!$B$11) | Q10: =[1]Params!$C$11 | U10: =IF([2]Baskol!$B$13="","",[2]Baskol!$B$13) | V10: =IF([2]Baskol!$C$13="","",[2]Baskol!$C$13) | W10: =IF([2]Baskol!$D$13="","",[2]Baskol!$D$13) | X10: =IF([2]Baskol!$E$13="","",[2]Baskol!$E$13) | Y10: =IF([2]Baskol!$G$13="","",[2]Baskol!$G$13) | Z10: =IF([2]Baskol!$I$13="","",[2]Baskol!$I$13) | AA10: =IF([2]Baskol!$J$13="","",[2]Baskol!$J$13) | AB10: =IF([2]Baskol!$K$13="","",[2]Baskol!$K$13) | AC10: =IF([2]Baskol!$L$13="","",[2]Baskol!$L$13) | AD10: =IF([2]Baskol!$N$13="","",[2]Baskol!$N$13) | AE10: =IF([2]Baskol!$O$13="","",[2]Baskol!$O$13) | AG10: =IF([3]Entry!$C$13="","",[3]Entry!$C$13) | AH10: =IF([3]Entry!$D$13="","",[3]Entry!$D$13) | AI10: =IF([3]Entry!$E$13="","",[3]Entry!$E$13) | AJ10: =IF([3]Entry!$G$13="","",[3]Entry!$G$13) | AK10: =IF([3]Entry!$K$13="","",[3]Entry!$K$13) | AL10: =IF([3]Entry!$L$13="","",[3]Entry!$L$13) | AM10: =IF([3]Entry!$M$13="","",[3]Entry!$M$13) | AN10: =IF([3]Entry!$N$13="","",[3]Entry!$N$13) | AO10: =IF([3]Entry!$R$13="","",[3]Entry!$R$13) | AQ10: =IF(AND($D10<>"",$A10<>""),1,0) | AR10: =SUM($AQ$6:$AQ10) | AS10: =IFERROR(INDEX($A$6:$A$565,MATCH(ROW()-5,$AR$6:$AR$565,0)),"")
A11: =IF([1]Accounts!$D$12="","",[1]Accounts!$A$12) | B11: =IF([1]Accounts!$D$12="","",[1]Accounts!$B$12) | C11: =IF([1]Accounts!$D$12="","",[1]Accounts!$C$12) | D11: =IF([1]Accounts!$D$12="","",[1]Accounts!$D$12) | E11: =IF([1]Accounts!$D$12="","",[1]Accounts!$J$12) | F11: =IF([1]Accounts!$D$12="","",[1]Accounts!$K$12) | H11: =IF([1]Ops!$B$12="","",[1]Ops!$A$12) | I11: =IF([1]Ops!$B$12="","",[1]Ops!$B$12) | J11: =IF([1]Ops!$B$12="","",[1]Ops!$C$12) | K11: =IF([1]Ops!$B$12="","",[1]Ops!$D$12) | M11: =IF([1]Lists!$C$12="","",[1]Lists!$C$12) | O11: =IF([1]Params!$A$12="","",[1]Params!$A$12) | P11: =IF([1]Params!$B$12="","",[1]Params!$B$12) | Q11: =[1]Params!$C$12 | U11: =IF([2]Baskol!$B$14="","",[2]Baskol!$B$14) | V11: =IF([2]Baskol!$C$14="","",[2]Baskol!$C$14) | W11: =IF([2]Baskol!$D$14="","",[2]Baskol!$D$14) | X11: =IF([2]Baskol!$E$14="","",[2]Baskol!$E$14) | Y11: =IF([2]Baskol!$G$14="","",[2]Baskol!$G$14) | Z11: =IF([2]Baskol!$I$14="","",[2]Baskol!$I$14) | AA11: =IF([2]Baskol!$J$14="","",[2]Baskol!$J$14) | AB11: =IF([2]Baskol!$K$14="","",[2]Baskol!$K$14) | AC11: =IF([2]Baskol!$L$14="","",[2]Baskol!$L$14) | AD11: =IF([2]Baskol!$N$14="","",[2]Baskol!$N$14) | AE11: =IF([2]Baskol!$O$14="","",[2]Baskol!$O$14) | AG11: =IF([3]Entry!$C$14="","",[3]Entry!$C$14) | AH11: =IF([3]Entry!$D$14="","",[3]Entry!$D$14) | AI11: =IF([3]Entry!$E$14="","",[3]Entry!$E$14) | AJ11: =IF([3]Entry!$G$14="","",[3]Entry!$G$14) | AK11: =IF([3]Entry!$K$14="","",[3]Entry!$K$14) | AL11: =IF([3]Entry!$L$14="","",[3]Entry!$L$14) | AM11: =IF([3]Entry!$M$14="","",[3]Entry!$M$14) | AN11: =IF([3]Entry!$N$14="","",[3]Entry!$N$14) | AO11: =IF([3]Entry!$R$14="","",[3]Entry!$R$14) | AQ11: =IF(AND($D11<>"",$A11<>""),1,0) | AR11: =SUM($AQ$6:$AQ11) | AS11: =IFERROR(INDEX($A$6:$A$565,MATCH(ROW()-5,$AR$6:$AR$565,0)),"")
A12: =IF([1]Accounts!$D$13="","",[1]Accounts!$A$13) | B12: =IF([1]Accounts!$D$13="","",[1]Accounts!$B$13) | C12: =IF([1]Accounts!$D$13="","",[1]Accounts!$C$13) | D12: =IF([1]Accounts!$D$13="","",[1]Accounts!$D$13) | E12: =IF([1]Accounts!$D$13="","",[1]Accounts!$J$13) | F12: =IF([1]Accounts!$D$13="","",[1]Accounts!$K$13) | H12: =IF([1]Ops!$B$13="","",[1]Ops!$A$13) | I12: =IF([1]Ops!$B$13="","",[1]Ops!$B$13) | J12: =IF([1]Ops!$B$13="","",[1]Ops!$C$13) | K12: =IF([1]Ops!$B$13="","",[1]Ops!$D$13) | M12: =IF([1]Lists!$C$13="","",[1]Lists!$C$13) | O12: =IF([1]Params!$A$13="","",[1]Params!$A$13) | P12: =IF([1]Params!$B$13="","",[1]Params!$B$13) | Q12: =[1]Params!$C$13 | U12: =IF([2]Baskol!$B$15="","",[2]Baskol!$B$15) | V12: =IF([2]Baskol!$C$15="","",[2]Baskol!$C$15) | W12: =IF([2]Baskol!$D$15="","",[2]Baskol!$D$15) | X12: =IF([2]Baskol!$E$15="","",[2]Baskol!$E$15) | Y12: =IF([2]Baskol!$G$15="","",[2]Baskol!$G$15) | Z12: =IF([2]Baskol!$I$15="","",[2]Baskol!$I$15) | AA12: =IF([2]Baskol!$J$15="","",[2]Baskol!$J$15) | AB12: =IF([2]Baskol!$K$15="","",[2]Baskol!$K$15) | AC12: =IF([2]Baskol!$L$15="","",[2]Baskol!$L$15) | AD12: =IF([2]Baskol!$N$15="","",[2]Baskol!$N$15) | AE12: =IF([2]Baskol!$O$15="","",[2]Baskol!$O$15) | AG12: =IF([3]Entry!$C$15="","",[3]Entry!$C$15) | AH12: =IF([3]Entry!$D$15="","",[3]Entry!$D$15) | AI12: =IF([3]Entry!$E$15="","",[3]Entry!$E$15) | AJ12: =IF([3]Entry!$G$15="","",[3]Entry!$G$15) | AK12: =IF([3]Entry!$K$15="","",[3]Entry!$K$15) | AL12: =IF([3]Entry!$L$15="","",[3]Entry!$L$15) | AM12: =IF([3]Entry!$M$15="","",[3]Entry!$M$15) | AN12: =IF([3]Entry!$N$15="","",[3]Entry!$N$15) | AO12: =IF([3]Entry!$R$15="","",[3]Entry!$R$15) | AQ12: =IF(AND($D12<>"",$A12<>""),1,0) | AR12: =SUM($AQ$6:$AQ12) | AS12: =IFERROR(INDEX($A$6:$A$565,MATCH(ROW()-5,$AR$6:$AR$565,0)),"")
A13: =IF([1]Accounts!$D$14="","",[1]Accounts!$A$14) | B13: =IF([1]Accounts!$D$14="","",[1]Accounts!$B$14) | C13: =IF([1]Accounts!$D$14="","",[1]Accounts!$C$14) | D13: =IF([1]Accounts!$D$14="","",[1]Accounts!$D$14) | E13: =IF([1]Accounts!$D$14="","",[1]Accounts!$J$14) | F13: =IF([1]Accounts!$D$14="","",[1]Accounts!$K$14) | H13: =IF([1]Ops!$B$14="","",[1]Ops!$A$14) | I13: =IF([1]Ops!$B$14="","",[1]Ops!$B$14) | J13: =IF([1]Ops!$B$14="","",[1]Ops!$C$14) | K13: =IF([1]Ops!$B$14="","",[1]Ops!$D$14) | M13: =IF([1]Lists!$C$14="","",[1]Lists!$C$14) | O13: =IF([1]Params!$A$14="","",[1]Params!$A$14) | P13: =IF([1]Params!$B$14="","",[1]Params!$B$14) | Q13: =[1]Params!$C$14 | U13: =IF([2]Baskol!$B$16="","",[2]Baskol!$B$16) | V13: =IF([2]Baskol!$C$16="","",[2]Baskol!$C$16) | W13: =IF([2]Baskol!$D$16="","",[2]Baskol!$D$16) | X13: =IF([2]Baskol!$E$16="","",[2]Baskol!$E$16) | Y13: =IF([2]Baskol!$G$16="","",[2]Baskol!$G$16) | Z13: =IF([2]Baskol!$I$16="","",[2]Baskol!$I$16) | AA13: =IF([2]Baskol!$J$16="","",[2]Baskol!$J$16) | AB13: =IF([2]Baskol!$K$16="","",[2]Baskol!$K$16) | AC13: =IF([2]Baskol!$L$16="","",[2]Baskol!$L$16) | AD13: =IF([2]Baskol!$N$16="","",[2]Baskol!$N$16) | AE13: =IF([2]Baskol!$O$16="","",[2]Baskol!$O$16) | AG13: =IF([3]Entry!$C$16="","",[3]Entry!$C$16) | AH13: =IF([3]Entry!$D$16="","",[3]Entry!$D$16) | AI13: =IF([3]Entry!$E$16="","",[3]Entry!$E$16) | AJ13: =IF([3]Entry!$G$16="","",[3]Entry!$G$16) | AK13: =IF([3]Entry!$K$16="","",[3]Entry!$K$16) | AL13: =IF([3]Entry!$L$16="","",[3]Entry!$L$16) | AM13: =IF([3]Entry!$M$16="","",[3]Entry!$M$16) | AN13: =IF([3]Entry!$N$16="","",[3]Entry!$N$16) | AO13: =IF([3]Entry!$R$16="","",[3]Entry!$R$16) | AQ13: =IF(AND($D13<>"",$A13<>""),1,0) | AR13: =SUM($AQ$6:$AQ13) | AS13: =IFERROR(INDEX($A$6:$A$565,MATCH(ROW()-5,$AR$6:$AR$565,0)),"")
A14: =IF([1]Accounts!$D$15="","",[1]Accounts!$A$15) | B14: =IF([1]Accounts!$D$15="","",[1]Accounts!$B$15) | C14: =IF([1]Accounts!$D$15="","",[1]Accounts!$C$15) | D14: =IF([1]Accounts!$D$15="","",[1]Accounts!$D$15) | E14: =IF([1]Accounts!$D$15="","",[1]Accounts!$J$15) | F14: =IF([1]Accounts!$D$15="","",[1]Accounts!$K$15) | H14: =IF([1]Ops!$B$15="","",[1]Ops!$A$15) | I14: =IF([1]Ops!$B$15="","",[1]Ops!$B$15) | J14: =IF([1]Ops!$B$15="","",[1]Ops!$C$15) | K14: =IF([1]Ops!$B$15="","",[1]Ops!$D$15) | M14: =IF([1]Lists!$C$15="","",[1]Lists!$C$15) | O14: =IF([1]Params!$A$15="","",[1]Params!$A$15) | P14: =IF([1]Params!$B$15="","",[1]Params!$B$15) | Q14: =[1]Params!$C$15 | U14: =IF([2]Baskol!$B$17="","",[2]Baskol!$B$17) | V14: =IF([2]Baskol!$C$17="","",[2]Baskol!$C$17) | W14: =IF([2]Baskol!$D$17="","",[2]Baskol!$D$17) | X14: =IF([2]Baskol!$E$17="","",[2]Baskol!$E$17) | Y14: =IF([2]Baskol!$G$17="","",[2]Baskol!$G$17) | Z14: =IF([2]Baskol!$I$17="","",[2]Baskol!$I$17) | AA14: =IF([2]Baskol!$J$17="","",[2]Baskol!$J$17) | AB14: =IF([2]Baskol!$K$17="","",[2]Baskol!$K$17) | AC14: =IF([2]Baskol!$L$17="","",[2]Baskol!$L$17) | AD14: =IF([2]Baskol!$N$17="","",[2]Baskol!$N$17) | AE14: =IF([2]Baskol!$O$17="","",[2]Baskol!$O$17) | AG14: =IF([3]Entry!$C$17="","",[3]Entry!$C$17) | AH14: =IF([3]Entry!$D$17="","",[3]Entry!$D$17) | AI14: =IF([3]Entry!$E$17="","",[3]Entry!$E$17) | AJ14: =IF([3]Entry!$G$17="","",[3]Entry!$G$17) | AK14: =IF([3]Entry!$K$17="","",[3]Entry!$K$17) | AL14: =IF([3]Entry!$L$17="","",[3]Entry!$L$17) | AM14: =IF([3]Entry!$M$17="","",[3]Entry!$M$17) | AN14: =IF([3]Entry!$N$17="","",[3]Entry!$N$17) | AO14: =IF([3]Entry!$R$17="","",[3]Entry!$R$17) | AQ14: =IF(AND($D14<>"",$A14<>""),1,0) | AR14: =SUM($AQ$6:$AQ14) | AS14: =IFERROR(INDEX($A$6:$A$565,MATCH(ROW()-5,$AR$6:$AR$565,0)),"")
A15: =IF([1]Accounts!$D$16="","",[1]Accounts!$A$16) | B15: =IF([1]Accounts!$D$16="","",[1]Accounts!$B$16) | C15: =IF([1]Accounts!$D$16="","",[1]Accounts!$C$16) | D15: =IF([1]Accounts!$D$16="","",[1]Accounts!$D$16) | E15: =IF([1]Accounts!$D$16="","",[1]Accounts!$J$16) | F15: =IF([1]Accounts!$D$16="","",[1]Accounts!$K$16) | H15: =IF([1]Ops!$B$16="","",[1]Ops!$A$16) | I15: =IF([1]Ops!$B$16="","",[1]Ops!$B$16) | J15: =IF([1]Ops!$B$16="","",[1]Ops!$C$16) | K15: =IF([1]Ops!$B$16="","",[1]Ops!$D$16) | M15: =IF([1]Lists!$C$16="","",[1]Lists!$C$16) | O15: =IF([1]Params!$A$16="","",[1]Params!$A$16) | P15: =IF([1]Params!$B$16="","",[1]Params!$B$16) | Q15: =[1]Params!$C$16 | U15: =IF([2]Baskol!$B$18="","",[2]Baskol!$B$18) | V15: =IF([2]Baskol!$C$18="","",[2]Baskol!$C$18) | W15: =IF([2]Baskol!$D$18="","",[2]Baskol!$D$18) | X15: =IF([2]Baskol!$E$18="","",[2]Baskol!$E$18) | Y15: =IF([2]Baskol!$G$18="","",[2]Baskol!$G$18) | Z15: =IF([2]Baskol!$I$18="","",[2]Baskol!$I$18) | AA15: =IF([2]Baskol!$J$18="","",[2]Baskol!$J$18) | AB15: =IF([2]Baskol!$K$18="","",[2]Baskol!$K$18) | AC15: =IF([2]Baskol!$L$18="","",[2]Baskol!$L$18) | AD15: =IF([2]Baskol!$N$18="","",[2]Baskol!$N$18) | AE15: =IF([2]Baskol!$O$18="","",[2]Baskol!$O$18) | AG15: =IF([3]Entry!$C$18="","",[3]Entry!$C$18) | AH15: =IF([3]Entry!$D$18="","",[3]Entry!$D$18) | AI15: =IF([3]Entry!$E$18="","",[3]Entry!$E$18) | AJ15: =IF([3]Entry!$G$18="","",[3]Entry!$G$18) | AK15: =IF([3]Entry!$K$18="","",[3]Entry!$K$18) | AL15: =IF([3]Entry!$L$18="","",[3]Entry!$L$18) | AM15: =IF([3]Entry!$M$18="","",[3]Entry!$M$18) | AN15: =IF([3]Entry!$N$18="","",[3]Entry!$N$18) | AO15: =IF([3]Entry!$R$18="","",[3]Entry!$R$18) | AQ15: =IF(AND($D15<>"",$A15<>""),1,0) | AR15: =SUM($AQ$6:$AQ15) | AS15: =IFERROR(INDEX($A$6:$A$565,MATCH(ROW()-5,$AR$6:$AR$565,0)),"")
A16: =IF([1]Accounts!$D$17="","",[1]Accounts!$A$17) | B16: =IF([1]Accounts!$D$17="","",[1]Accounts!$B$17) | C16: =IF([1]Accounts!$D$17="","",[1]Accounts!$C$17) | D16: =IF([1]Accounts!$D$17="","",[1]Accounts!$D$17) | E16: =IF([1]Accounts!$D$17="","",[1]Accounts!$J$17) | F16: =IF([1]Accounts!$D$17="","",[1]Accounts!$K$17) | H16: =IF([1]Ops!$B$17="","",[1]Ops!$A$17) | I16: =IF([1]Ops!$B$17="","",[1]Ops!$B$17) | J16: =IF([1]Ops!$B$17="","",[1]Ops!$C$17) | K16: =IF([1]Ops!$B$17="","",[1]Ops!$D$17) | M16: =IF([1]Lists!$C$17="","",[1]Lists!$C$17) | O16: =IF([1]Params!$A$17="","",[1]Params!$A$17) | P16: =IF([1]Params!$B$17="","",[1]Params!$B$17) | Q16: =[1]Params!$C$17 | U16: =IF([2]Baskol!$B$19="","",[2]Baskol!$B$19) | V16: =IF([2]Baskol!$C$19="","",[2]Baskol!$C$19) | W16: =IF([2]Baskol!$D$19="","",[2]Baskol!$D$19) | X16: =IF([2]Baskol!$E$19="","",[2]Baskol!$E$19) | Y16: =IF([2]Baskol!$G$19="","",[2]Baskol!$G$19) | Z16: =IF([2]Baskol!$I$19="","",[2]Baskol!$I$19) | AA16: =IF([2]Baskol!$J$19="","",[2]Baskol!$J$19) | AB16: =IF([2]Baskol!$K$19="","",[2]Baskol!$K$19) | AC16: =IF([2]Baskol!$L$19="","",[2]Baskol!$L$19) | AD16: =IF([2]Baskol!$N$19="","",[2]Baskol!$N$19) | AE16: =IF([2]Baskol!$O$19="","",[2]Baskol!$O$19) | AG16: =IF([3]Entry!$C$19="","",[3]Entry!$C$19) | AH16: =IF([3]Entry!$D$19="","",[3]Entry!$D$19) | AI16: =IF([3]Entry!$E$19="","",[3]Entry!$E$19) | AJ16: =IF([3]Entry!$G$19="","",[3]Entry!$G$19) | AK16: =IF([3]Entry!$K$19="","",[3]Entry!$K$19) | AL16: =IF([3]Entry!$L$19="","",[3]Entry!$L$19) | AM16: =IF([3]Entry!$M$19="","",[3]Entry!$M$19) | AN16: =IF([3]Entry!$N$19="","",[3]Entry!$N$19) | AO16: =IF([3]Entry!$R$19="","",[3]Entry!$R$19) | AQ16: =IF(AND($D16<>"",$A16<>""),1,0) | AR16: =SUM($AQ$6:$AQ16) | AS16: =IFERROR(INDEX($A$6:$A$565,MATCH(ROW()-5,$AR$6:$AR$565,0)),"")
A17: =IF([1]Accounts!$D$18="","",[1]Accounts!$A$18) | B17: =IF([1]Accounts!$D$18="","",[1]Accounts!$B$18) | C17: =IF([1]Accounts!$D$18="","",[1]Accounts!$C$18) | D17: =IF([1]Accounts!$D$18="","",[1]Accounts!$D$18) | E17: =IF([1]Accounts!$D$18="","",[1]Accounts!$J$18) | F17: =IF([1]Accounts!$D$18="","",[1]Accounts!$K$18) | H17: =IF([1]Ops!$B$18="","",[1]Ops!$A$18) | I17: =IF([1]Ops!$B$18="","",[1]Ops!$B$18) | J17: =IF([1]Ops!$B$18="","",[1]Ops!$C$18) | K17: =IF([1]Ops!$B$18="","",[1]Ops!$D$18) | M17: =IF([1]Lists!$C$18="","",[1]Lists!$C$18) | O17: =IF([1]Params!$A$18="","",[1]Params!$A$18) | P17: =IF([1]Params!$B$18="","",[1]Params!$B$18) | Q17: =[1]Params!$C$18 | U17: =IF([2]Baskol!$B$20="","",[2]Baskol!$B$20) | V17: =IF([2]Baskol!$C$20="","",[2]Baskol!$C$20) | W17: =IF([2]Baskol!$D$20="","",[2]Baskol!$D$20) | X17: =IF([2]Baskol!$E$20="","",[2]Baskol!$E$20) | Y17: =IF([2]Baskol!$G$20="","",[2]Baskol!$G$20) | Z17: =IF([2]Baskol!$I$20="","",[2]Baskol!$I$20) | AA17: =IF([2]Baskol!$J$20="","",[2]Baskol!$J$20) | AB17: =IF([2]Baskol!$K$20="","",[2]Baskol!$K$20) | AC17: =IF([2]Baskol!$L$20="","",[2]Baskol!$L$20) | AD17: =IF([2]Baskol!$N$20="","",[2]Baskol!$N$20) | AE17: =IF([2]Baskol!$O$20="","",[2]Baskol!$O$20) | AG17: =IF([3]Entry!$C$20="","",[3]Entry!$C$20) | AH17: =IF([3]Entry!$D$20="","",[3]Entry!$D$20) | AI17: =IF([3]Entry!$E$20="","",[3]Entry!$E$20) | AJ17: =IF([3]Entry!$G$20="","",[3]Entry!$G$20) | AK17: =IF([3]Entry!$K$20="","",[3]Entry!$K$20) | AL17: =IF([3]Entry!$L$20="","",[3]Entry!$L$20) | AM17: =IF([3]Entry!$M$20="","",[3]Entry!$M$20) | AN17: =IF([3]Entry!$N$20="","",[3]Entry!$N$20) | AO17: =IF([3]Entry!$R$20="","",[3]Entry!$R$20) | AQ17: =IF(AND($D17<>"",$A17<>""),1,0) | AR17: =SUM($AQ$6:$AQ17) | AS17: =IFERROR(INDEX($A$6:$A$565,MATCH(ROW()-5,$AR$6:$AR$565,0)),"")
A18: =IF([1]Accounts!$D$19="","",[1]Accounts!$A$19) | B18: =IF([1]Accounts!$D$19="","",[1]Accounts!$B$19) | C18: =IF([1]Accounts!$D$19="","",[1]Accounts!$C$19) | D18: =IF([1]Accounts!$D$19="","",[1]Accounts!$D$19) | E18: =IF([1]Accounts!$D$19="","",[1]Accounts!$J$19) | F18: =IF([1]Accounts!$D$19="","",[1]Accounts!$K$19) | H18: =IF([1]Ops!$B$19="","",[1]Ops!$A$19) | I18: =IF([1]Ops!$B$19="","",[1]Ops!$B$19) | J18: =IF([1]Ops!$B$19="","",[1]Ops!$C$19) | K18: =IF([1]Ops!$B$19="","",[1]Ops!$D$19) | M18: =IF([1]Lists!$C$19="","",[1]Lists!$C$19) | U18: =IF([2]Baskol!$B$21="","",[2]Baskol!$B$21) | V18: =IF([2]Baskol!$C$21="","",[2]Baskol!$C$21) | W18: =IF([2]Baskol!$D$21="","",[2]Baskol!$D$21) | X18: =IF([2]Baskol!$E$21="","",[2]Baskol!$E$21) | Y18: =IF([2]Baskol!$G$21="","",[2]Baskol!$G$21) | Z18: =IF([2]Baskol!$I$21="","",[2]Baskol!$I$21) | AA18: =IF([2]Baskol!$J$21="","",[2]Baskol!$J$21) | AB18: =IF([2]Baskol!$K$21="","",[2]Baskol!$K$21) | AC18: =IF([2]Baskol!$L$21="","",[2]Baskol!$L$21) | AD18: =IF([2]Baskol!$N$21="","",[2]Baskol!$N$21) | AE18: =IF([2]Baskol!$O$21="","",[2]Baskol!$O$21) | AG18: =IF([3]Entry!$C$21="","",[3]Entry!$C$21) | AH18: =IF([3]Entry!$D$21="","",[3]Entry!$D$21) | AI18: =IF([3]Entry!$E$21="","",[3]Entry!$E$21) | AJ18: =IF([3]Entry!$G$21="","",[3]Entry!$G$21) | AK18: =IF([3]Entry!$K$21="","",[3]Entry!$K$21) | AL18: =IF([3]Entry!$L$21="","",[3]Entry!$L$21) | AM18: =IF([3]Entry!$M$21="","",[3]Entry!$M$21) | AN18: =IF([3]Entry!$N$21="","",[3]Entry!$N$21) | AO18: =IF([3]Entry!$R$21="","",[3]Entry!$R$21) | AQ18: =IF(AND($D18<>"",$A18<>""),1,0) | AR18: =SUM($AQ$6:$AQ18) | AS18: =IFERROR(INDEX($A$6:$A$565,MATCH(ROW()-5,$AR$6:$AR$565,0)),"")
A19: =IF([1]Accounts!$D$20="","",[1]Accounts!$A$20) | B19: =IF([1]Accounts!$D$20="","",[1]Accounts!$B$20) | C19: =IF([1]Accounts!$D$20="","",[1]Accounts!$C$20) | D19: =IF([1]Accounts!$D$20="","",[1]Accounts!$D$20) | E19: =IF([1]Accounts!$D$20="","",[1]Accounts!$J$20) | F19: =IF([1]Accounts!$D$20="","",[1]Accounts!$K$20) | H19: =IF([1]Ops!$B$20="","",[1]Ops!$A$20) | I19: =IF([1]Ops!$B$20="","",[1]Ops!$B$20) | J19: =IF([1]Ops!$B$20="","",[1]Ops!$C$20) | K19: =IF([1]Ops!$B$20="","",[1]Ops!$D$20) | M19: =IF([1]Lists!$C$20="","",[1]Lists!$C$20) | U19: =IF([2]Baskol!$B$22="","",[2]Baskol!$B$22) | V19: =IF([2]Baskol!$C$22="","",[2]Baskol!$C$22) | W19: =IF([2]Baskol!$D$22="","",[2]Baskol!$D$22) | X19: =IF([2]Baskol!$E$22="","",[2]Baskol!$E$22) | Y19: =IF([2]Baskol!$G$22="","",[2]Baskol!$G$22) | Z19: =IF([2]Baskol!$I$22="","",[2]Baskol!$I$22) | AA19: =IF([2]Baskol!$J$22="","",[2]Baskol!$J$22) | AB19: =IF([2]Baskol!$K$22="","",[2]Baskol!$K$22) | AC19: =IF([2]Baskol!$L$22="","",[2]Baskol!$L$22) | AD19: =IF([2]Baskol!$N$22="","",[2]Baskol!$N$22) | AE19: =IF([2]Baskol!$O$22="","",[2]Baskol!$O$22) | AG19: =IF([3]Entry!$C$22="","",[3]Entry!$C$22) | AH19: =IF([3]Entry!$D$22="","",[3]Entry!$D$22) | AI19: =IF([3]Entry!$E$22="","",[3]Entry!$E$22) | AJ19: =IF([3]Entry!$G$22="","",[3]Entry!$G$22) | AK19: =IF([3]Entry!$K$22="","",[3]Entry!$K$22) | AL19: =IF([3]Entry!$L$22="","",[3]Entry!$L$22) | AM19: =IF([3]Entry!$M$22="","",[3]Entry!$M$22) | AN19: =IF([3]Entry!$N$22="","",[3]Entry!$N$22) | AO19: =IF([3]Entry!$R$22="","",[3]Entry!$R$22) | AQ19: =IF(AND($D19<>"",$A19<>""),1,0) | AR19: =SUM($AQ$6:$AQ19) | AS19: =IFERROR(INDEX($A$6:$A$565,MATCH(ROW()-5,$AR$6:$AR$565,0)),"")
A20: =IF([1]Accounts!$D$21="","",[1]Accounts!$A$21) | B20: =IF([1]Accounts!$D$21="","",[1]Accounts!$B$21) | C20: =IF([1]Accounts!$D$21="","",[1]Accounts!$C$21) | D20: =IF([1]Accounts!$D$21="","",[1]Accounts!$D$21) | E20: =IF([1]Accounts!$D$21="","",[1]Accounts!$J$21) | F20: =IF([1]Accounts!$D$21="","",[1]Accounts!$K$21) | H20: =IF([1]Ops!$B$21="","",[1]Ops!$A$21) | I20: =IF([1]Ops!$B$21="","",[1]Ops!$B$21) | J20: =IF([1]Ops!$B$21="","",[1]Ops!$C$21) | K20: =IF([1]Ops!$B$21="","",[1]Ops!$D$21) | M20: =IF([1]Lists!$C$21="","",[1]Lists!$C$21) | U20: =IF([2]Baskol!$B$23="","",[2]Baskol!$B$23) | V20: =IF([2]Baskol!$C$23="","",[2]Baskol!$C$23) | W20: =IF([2]Baskol!$D$23="","",[2]Baskol!$D$23) | X20: =IF([2]Baskol!$E$23="","",[2]Baskol!$E$23) | Y20: =IF([2]Baskol!$G$23="","",[2]Baskol!$G$23) | Z20: =IF([2]Baskol!$I$23="","",[2]Baskol!$I$23) | AA20: =IF([2]Baskol!$J$23="","",[2]Baskol!$J$23) | AB20: =IF([2]Baskol!$K$23="","",[2]Baskol!$K$23) | AC20: =IF([2]Baskol!$L$23="","",[2]Baskol!$L$23) | AD20: =IF([2]Baskol!$N$23="","",[2]Baskol!$N$23) | AE20: =IF([2]Baskol!$O$23="","",[2]Baskol!$O$23) | AG20: =IF([3]Entry!$C$23="","",[3]Entry!$C$23) | AH20: =IF([3]Entry!$D$23="","",[3]Entry!$D$23) | AI20: =IF([3]Entry!$E$23="","",[3]Entry!$E$23) | AJ20: =IF([3]Entry!$G$23="","",[3]Entry!$G$23) | AK20: =IF([3]Entry!$K$23="","",[3]Entry!$K$23) | AL20: =IF([3]Entry!$L$23="","",[3]Entry!$L$23) | AM20: =IF([3]Entry!$M$23="","",[3]Entry!$M$23) | AN20: =IF([3]Entry!$N$23="","",[3]Entry!$N$23) | AO20: =IF([3]Entry!$R$23="","",[3]Entry!$R$23) | AQ20: =IF(AND($D20<>"",$A20<>""),1,0) | AR20: =SUM($AQ$6:$AQ20) | AS20: =IFERROR(INDEX($A$6:$A$565,MATCH(ROW()-5,$AR$6:$AR$565,0)),"")
A21: =IF([1]Accounts!$D$22="","",[1]Accounts!$A$22) | B21: =IF([1]Accounts!$D$22="","",[1]Accounts!$B$22) | C21: =IF([1]Accounts!$D$22="","",[1]Accounts!$C$22) | D21: =IF([1]Accounts!$D$22="","",[1]Accounts!$D$22) | E21: =IF([1]Accounts!$D$22="","",[1]Accounts!$J$22) | F21: =IF([1]Accounts!$D$22="","",[1]Accounts!$K$22) | H21: =IF([1]Ops!$B$22="","",[1]Ops!$A$22) | I21: =IF([1]Ops!$B$22="","",[1]Ops!$B$22) | J21: =IF([1]Ops!$B$22="","",[1]Ops!$C$22) | K21: =IF([1]Ops!$B$22="","",[1]Ops!$D$22) | M21: =IF([1]Lists!$C$22="","",[1]Lists!$C$22) | U21: =IF([2]Baskol!$B$24="","",[2]Baskol!$B$24) | V21: =IF([2]Baskol!$C$24="","",[2]Baskol!$C$24) | W21: =IF([2]Baskol!$D$24="","",[2]Baskol!$D$24) | X21: =IF([2]Baskol!$E$24="","",[2]Baskol!$E$24) | Y21: =IF([2]Baskol!$G$24="","",[2]Baskol!$G$24) | Z21: =IF([2]Baskol!$I$24="","",[2]Baskol!$I$24) | AA21: =IF([2]Baskol!$J$24="","",[2]Baskol!$J$24) | AB21: =IF([2]Baskol!$K$24="","",[2]Baskol!$K$24) | AC21: =IF([2]Baskol!$L$24="","",[2]Baskol!$L$24) | AD21: =IF([2]Baskol!$N$24="","",[2]Baskol!$N$24) | AE21: =IF([2]Baskol!$O$24="","",[2]Baskol!$O$24) | AG21: =IF([3]Entry!$C$24="","",[3]Entry!$C$24) | AH21: =IF([3]Entry!$D$24="","",[3]Entry!$D$24) | AI21: =IF([3]Entry!$E$24="","",[3]Entry!$E$24) | AJ21: =IF([3]Entry!$G$24="","",[3]Entry!$G$24) | AK21: =IF([3]Entry!$K$24="","",[3]Entry!$K$24) | AL21: =IF([3]Entry!$L$24="","",[3]Entry!$L$24) | AM21: =IF([3]Entry!$M$24="","",[3]Entry!$M$24) | AN21: =IF([3]Entry!$N$24="","",[3]Entry!$N$24) | AO21: =IF([3]Entry!$R$24="","",[3]Entry!$R$24) | AQ21: =IF(AND($D21<>"",$A21<>""),1,0) | AR21: =SUM($AQ$6:$AQ21) | AS21: =IFERROR(INDEX($A$6:$A$565,MATCH(ROW()-5,$AR$6:$AR$565,0)),"")
A22: =IF([1]Accounts!$D$23="","",[1]Accounts!$A$23) | B22: =IF([1]Accounts!$D$23="","",[1]Accounts!$B$23) | C22: =IF([1]Accounts!$D$23="","",[1]Accounts!$C$23) | D22: =IF([1]Accounts!$D$23="","",[1]Accounts!$D$23) | E22: =IF([1]Accounts!$D$23="","",[1]Accounts!$J$23) | F22: =IF([1]Accounts!$D$23="","",[1]Accounts!$K$23) | H22: =IF([1]Ops!$B$23="","",[1]Ops!$A$23) | I22: =IF([1]Ops!$B$23="","",[1]Ops!$B$23) | J22: =IF([1]Ops!$B$23="","",[1]Ops!$C$23) | K22: =IF([1]Ops!$B$23="","",[1]Ops!$D$23) | M22: =IF([1]Lists!$C$23="","",[1]Lists!$C$23) | U22: =IF([2]Baskol!$B$25="","",[2]Baskol!$B$25) | V22: =IF([2]Baskol!$C$25="","",[2]Baskol!$C$25) | W22: =IF([2]Baskol!$D$25="","",[2]Baskol!$D$25) | X22: =IF([2]Baskol!$E$25="","",[2]Baskol!$E$25) | Y22: =IF([2]Baskol!$G$25="","",[2]Baskol!$G$25) | Z22: =IF([2]Baskol!$I$25="","",[2]Baskol!$I$25) | AA22: =IF([2]Baskol!$J$25="","",[2]Baskol!$J$25) | AB22: =IF([2]Baskol!$K$25="","",[2]Baskol!$K$25) | AC22: =IF([2]Baskol!$L$25="","",[2]Baskol!$L$25) | AD22: =IF([2]Baskol!$N$25="","",[2]Baskol!$N$25) | AE22: =IF([2]Baskol!$O$25="","",[2]Baskol!$O$25) | AG22: =IF([3]Entry!$C$25="","",[3]Entry!$C$25) | AH22: =IF([3]Entry!$D$25="","",[3]Entry!$D$25) | AI22: =IF([3]Entry!$E$25="","",[3]Entry!$E$25) | AJ22: =IF([3]Entry!$G$25="","",[3]Entry!$G$25) | AK22: =IF([3]Entry!$K$25="","",[3]Entry!$K$25) | AL22: =IF([3]Entry!$L$25="","",[3]Entry!$L$25) | AM22: =IF([3]Entry!$M$25="","",[3]Entry!$M$25) | AN22: =IF([3]Entry!$N$25="","",[3]Entry!$N$25) | AO22: =IF([3]Entry!$R$25="","",[3]Entry!$R$25) | AQ22: =IF(AND($D22<>"",$A22<>""),1,0) | AR22: =SUM($AQ$6:$AQ22) | AS22: =IFERROR(INDEX($A$6:$A$565,MATCH(ROW()-5,$AR$6:$AR$565,0)),"")
A23: =IF([1]Accounts!$D$24="","",[1]Accounts!$A$24) | B23: =IF([1]Accounts!$D$24="","",[1]Accounts!$B$24) | C23: =IF([1]Accounts!$D$24="","",[1]Accounts!$C$24) | D23: =IF([1]Accounts!$D$24="","",[1]Accounts!$D$24) | E23: =IF([1]Accounts!$D$24="","",[1]Accounts!$J$24) | F23: =IF([1]Accounts!$D$24="","",[1]Accounts!$K$24) | H23: =IF([1]Ops!$B$24="","",[1]Ops!$A$24) | I23: =IF([1]Ops!$B$24="","",[1]Ops!$B$24) | J23: =IF([1]Ops!$B$24="","",[1]Ops!$C$24) | K23: =IF([1]Ops!$B$24="","",[1]Ops!$D$24) | M23: =IF([1]Lists!$C$24="","",[1]Lists!$C$24) | U23: =IF([2]Baskol!$B$26="","",[2]Baskol!$B$26) | V23: =IF([2]Baskol!$C$26="","",[2]Baskol!$C$26) | W23: =IF([2]Baskol!$D$26="","",[2]Baskol!$D$26) | X23: =IF([2]Baskol!$E$26="","",[2]Baskol!$E$26) | Y23: =IF([2]Baskol!$G$26="","",[2]Baskol!$G$26) | Z23: =IF([2]Baskol!$I$26="","",[2]Baskol!$I$26) | AA23: =IF([2]Baskol!$J$26="","",[2]Baskol!$J$26) | AB23: =IF([2]Baskol!$K$26="","",[2]Baskol!$K$26) | AC23: =IF([2]Baskol!$L$26="","",[2]Baskol!$L$26) | AD23: =IF([2]Baskol!$N$26="","",[2]Baskol!$N$26) | AE23: =IF([2]Baskol!$O$26="","",[2]Baskol!$O$26) | AG23: =IF([3]Entry!$C$26="","",[3]Entry!$C$26) | AH23: =IF([3]Entry!$D$26="","",[3]Entry!$D$26) | AI23: =IF([3]Entry!$E$26="","",[3]Entry!$E$26) | AJ23: =IF([3]Entry!$G$26="","",[3]Entry!$G$26) | AK23: =IF([3]Entry!$K$26="","",[3]Entry!$K$26) | AL23: =IF([3]Entry!$L$26="","",[3]Entry!$L$26) | AM23: =IF([3]Entry!$M$26="","",[3]Entry!$M$26) | AN23: =IF([3]Entry!$N$26="","",[3]Entry!$N$26) | AO23: =IF([3]Entry!$R$26="","",[3]Entry!$R$26) | AQ23: =IF(AND($D23<>"",$A23<>""),1,0) | AR23: =SUM($AQ$6:$AQ23) | AS23: =IFERROR(INDEX($A$6:$A$565,MATCH(ROW()-5,$AR$6:$AR$565,0)),"")
A24: =IF([1]Accounts!$D$25="","",[1]Accounts!$A$25) | B24: =IF([1]Accounts!$D$25="","",[1]Accounts!$B$25) | C24: =IF([1]Accounts!$D$25="","",[1]Accounts!$C$25) | D24: =IF([1]Accounts!$D$25="","",[1]Accounts!$D$25) | E24: =IF([1]Accounts!$D$25="","",[1]Accounts!$J$25) | F24: =IF([1]Accounts!$D$25="","",[1]Accounts!$K$25) | H24: =IF([1]Ops!$B$25="","",[1]Ops!$A$25) | I24: =IF([1]Ops!$B$25="","",[1]Ops!$B$25) | J24: =IF([1]Ops!$B$25="","",[1]Ops!$C$25) | K24: =IF([1]Ops!$B$25="","",[1]Ops!$D$25) | M24: =IF([1]Lists!$C$25="","",[1]Lists!$C$25) | U24: =IF([2]Baskol!$B$27="","",[2]Baskol!$B$27) | V24: =IF([2]Baskol!$C$27="","",[2]Baskol!$C$27) | W24: =IF([2]Baskol!$D$27="","",[2]Baskol!$D$27) | X24: =IF([2]Baskol!$E$27="","",[2]Baskol!$E$27) | Y24: =IF([2]Baskol!$G$27="","",[2]Baskol!$G$27) | Z24: =IF([2]Baskol!$I$27="","",[2]Baskol!$I$27) | AA24: =IF([2]Baskol!$J$27="","",[2]Baskol!$J$27) | AB24: =IF([2]Baskol!$K$27="","",[2]Baskol!$K$27) | AC24: =IF([2]Baskol!$L$27="","",[2]Baskol!$L$27) | AD24: =IF([2]Baskol!$N$27="","",[2]Baskol!$N$27) | AE24: =IF([2]Baskol!$O$27="","",[2]Baskol!$O$27) | AG24: =IF([3]Entry!$C$27="","",[3]Entry!$C$27) | AH24: =IF([3]Entry!$D$27="","",[3]Entry!$D$27) | AI24: =IF([3]Entry!$E$27="","",[3]Entry!$E$27) | AJ24: =IF([3]Entry!$G$27="","",[3]Entry!$G$27) | AK24: =IF([3]Entry!$K$27="","",[3]Entry!$K$27) | AL24: =IF([3]Entry!$L$27="","",[3]Entry!$L$27) | AM24: =IF([3]Entry!$M$27="","",[3]Entry!$M$27) | AN24: =IF([3]Entry!$N$27="","",[3]Entry!$N$27) | AO24: =IF([3]Entry!$R$27="","",[3]Entry!$R$27) | AQ24: =IF(AND($D24<>"",$A24<>""),1,0) | AR24: =SUM($AQ$6:$AQ24) | AS24: =IFERROR(INDEX($A$6:$A$565,MATCH(ROW()-5,$AR$6:$AR$565,0)),"")
A25: =IF([1]Accounts!$D$26="","",[1]Accounts!$A$26) | B25: =IF([1]Accounts!$D$26="","",[1]Accounts!$B$26) | C25: =IF([1]Accounts!$D$26="","",[1]Accounts!$C$26) | D25: =IF([1]Accounts!$D$26="","",[1]Accounts!$D$26) | E25: =IF([1]Accounts!$D$26="","",[1]Accounts!$J$26) | F25: =IF([1]Accounts!$D$26="","",[1]Accounts!$K$26) | H25: =IF([1]Ops!$B$26="","",[1]Ops!$A$26) | I25: =IF([1]Ops!$B$26="","",[1]Ops!$B$26) | J25: =IF([1]Ops!$B$26="","",[1]Ops!$C$26) | K25: =IF([1]Ops!$B$26="","",[1]Ops!$D$26) | M25: =IF([1]Lists!$C$26="","",[1]Lists!$C$26) | U25: =IF([2]Baskol!$B$28="","",[2]Baskol!$B$28) | V25: =IF([2]Baskol!$C$28="","",[2]Baskol!$C$28) | W25: =IF([2]Baskol!$D$28="","",[2]Baskol!$D$28) | X25: =IF([2]Baskol!$E$28="","",[2]Baskol!$E$28) | Y25: =IF([2]Baskol!$G$28="","",[2]Baskol!$G$28) | Z25: =IF([2]Baskol!$I$28="","",[2]Baskol!$I$28) | AA25: =IF([2]Baskol!$J$28="","",[2]Baskol!$J$28) | AB25: =IF([2]Baskol!$K$28="","",[2]Baskol!$K$28) | AC25: =IF([2]Baskol!$L$28="","",[2]Baskol!$L$28) | AD25: =IF([2]Baskol!$N$28="","",[2]Baskol!$N$28) | AE25: =IF([2]Baskol!$O$28="","",[2]Baskol!$O$28) | AG25: =IF([3]Entry!$C$28="","",[3]Entry!$C$28) | AH25: =IF([3]Entry!$D$28="","",[3]Entry!$D$28) | AI25: =IF([3]Entry!$E$28="","",[3]Entry!$E$28) | AJ25: =IF([3]Entry!$G$28="","",[3]Entry!$G$28) | AK25: =IF([3]Entry!$K$28="","",[3]Entry!$K$28) | AL25: =IF([3]Entry!$L$28="","",[3]Entry!$L$28) | AM25: =IF([3]Entry!$M$28="","",[3]Entry!$M$28) | AN25: =IF([3]Entry!$N$28="","",[3]Entry!$N$28) | AO25: =IF([3]Entry!$R$28="","",[3]Entry!$R$28) | AQ25: =IF(AND($D25<>"",$A25<>""),1,0) | AR25: =SUM($AQ$6:$AQ25) | AS25: =IFERROR(INDEX($A$6:$A$565,MATCH(ROW()-5,$AR$6:$AR$565,0)),"")
A26: =IF([1]Accounts!$D$27="","",[1]Accounts!$A$27) | B26: =IF([1]Accounts!$D$27="","",[1]Accounts!$B$27) | C26: =IF([1]Accounts!$D$27="","",[1]Accounts!$C$27) | D26: =IF([1]Accounts!$D$27="","",[1]Accounts!$D$27) | E26: =IF([1]Accounts!$D$27="","",[1]Accounts!$J$27) | F26: =IF([1]Accounts!$D$27="","",[1]Accounts!$K$27) | M26: =IF([1]Lists!$C$27="","",[1]Lists!$C$27) | U26: =IF([2]Baskol!$B$29="","",[2]Baskol!$B$29) | V26: =IF([2]Baskol!$C$29="","",[2]Baskol!$C$29) | W26: =IF([2]Baskol!$D$29="","",[2]Baskol!$D$29) | X26: =IF([2]Baskol!$E$29="","",[2]Baskol!$E$29) | Y26: =IF([2]Baskol!$G$29="","",[2]Baskol!$G$29) | Z26: =IF([2]Baskol!$I$29="","",[2]Baskol!$I$29) | AA26: =IF([2]Baskol!$J$29="","",[2]Baskol!$J$29) | AB26: =IF([2]Baskol!$K$29="","",[2]Baskol!$K$29) | AC26: =IF([2]Baskol!$L$29="","",[2]Baskol!$L$29) | AD26: =IF([2]Baskol!$N$29="","",[2]Baskol!$N$29) | AE26: =IF([2]Baskol!$O$29="","",[2]Baskol!$O$29) | AG26: =IF([3]Entry!$C$29="","",[3]Entry!$C$29) | AH26: =IF([3]Entry!$D$29="","",[3]Entry!$D$29) | AI26: =IF([3]Entry!$E$29="","",[3]Entry!$E$29) | AJ26: =IF([3]Entry!$G$29="","",[3]Entry!$G$29) | AK26: =IF([3]Entry!$K$29="","",[3]Entry!$K$29) | AL26: =IF([3]Entry!$L$29="","",[3]Entry!$L$29) | AM26: =IF([3]Entry!$M$29="","",[3]Entry!$M$29) | AN26: =IF([3]Entry!$N$29="","",[3]Entry!$N$29) | AO26: =IF([3]Entry!$R$29="","",[3]Entry!$R$29) | AQ26: =IF(AND($D26<>"",$A26<>""),1,0) | AR26: =SUM($AQ$6:$AQ26) | AS26: =IFERROR(INDEX($A$6:$A$565,MATCH(ROW()-5,$AR$6:$AR$565,0)),"")
A27: =IF([1]Accounts!$D$28="","",[1]Accounts!$A$28) | B27: =IF([1]Accounts!$D$28="","",[1]Accounts!$B$28) | C27: =IF([1]Accounts!$D$28="","",[1]Accounts!$C$28) | D27: =IF([1]Accounts!$D$28="","",[1]Accounts!$D$28) | E27: =IF([1]Accounts!$D$28="","",[1]Accounts!$J$28) | F27: =IF([1]Accounts!$D$28="","",[1]Accounts!$K$28) | M27: =IF([1]Lists!$C$28="","",[1]Lists!$C$28) | U27: =IF([2]Baskol!$B$30="","",[2]Baskol!$B$30) | V27: =IF([2]Baskol!$C$30="","",[2]Baskol!$C$30) | W27: =IF([2]Baskol!$D$30="","",[2]Baskol!$D$30) | X27: =IF([2]Baskol!$E$30="","",[2]Baskol!$E$30) | Y27: =IF([2]Baskol!$G$30="","",[2]Baskol!$G$30) | Z27: =IF([2]Baskol!$I$30="","",[2]Baskol!$I$30) | AA27: =IF([2]Baskol!$J$30="","",[2]Baskol!$J$30) | AB27: =IF([2]Baskol!$K$30="","",[2]Baskol!$K$30) | AC27: =IF([2]Baskol!$L$30="","",[2]Baskol!$L$30) | AD27: =IF([2]Baskol!$N$30="","",[2]Baskol!$N$30) | AE27: =IF([2]Baskol!$O$30="","",[2]Baskol!$O$30) | AG27: =IF([3]Entry!$C$30="","",[3]Entry!$C$30) | AH27: =IF([3]Entry!$D$30="","",[3]Entry!$D$30) | AI27: =IF([3]Entry!$E$30="","",[3]Entry!$E$30) | AJ27: =IF([3]Entry!$G$30="","",[3]Entry!$G$30) | AK27: =IF([3]Entry!$K$30="","",[3]Entry!$K$30) | AL27: =IF([3]Entry!$L$30="","",[3]Entry!$L$30) | AM27: =IF([3]Entry!$M$30="","",[3]Entry!$M$30) | AN27: =IF([3]Entry!$N$30="","",[3]Entry!$N$30) | AO27: =IF([3]Entry!$R$30="","",[3]Entry!$R$30) | AQ27: =IF(AND($D27<>"",$A27<>""),1,0) | AR27: =SUM($AQ$6:$AQ27) | AS27: =IFERROR(INDEX($A$6:$A$565,MATCH(ROW()-5,$AR$6:$AR$565,0)),"")
A28: =IF([1]Accounts!$D$29="","",[1]Accounts!$A$29) | B28: =IF([1]Accounts!$D$29="","",[1]Accounts!$B$29) | C28: =IF([1]Accounts!$D$29="","",[1]Accounts!$C$29) | D28: =IF([1]Accounts!$D$29="","",[1]Accounts!$D$29) | E28: =IF([1]Accounts!$D$29="","",[1]Accounts!$J$29) | F28: =IF([1]Accounts!$D$29="","",[1]Accounts!$K$29) | M28: =IF([1]Lists!$C$29="","",[1]Lists!$C$29) | U28: =IF([2]Baskol!$B$31="","",[2]Baskol!$B$31) | V28: =IF([2]Baskol!$C$31="","",[2]Baskol!$C$31) | W28: =IF([2]Baskol!$D$31="","",[2]Baskol!$D$31) | X28: =IF([2]Baskol!$E$31="","",[2]Baskol!$E$31) | Y28: =IF([2]Baskol!$G$31="","",[2]Baskol!$G$31) | Z28: =IF([2]Baskol!$I$31="","",[2]Baskol!$I$31) | AA28: =IF([2]Baskol!$J$31="","",[2]Baskol!$J$31) | AB28: =IF([2]Baskol!$K$31="","",[2]Baskol!$K$31) | AC28: =IF([2]Baskol!$L$31="","",[2]Baskol!$L$31) | AD28: =IF([2]Baskol!$N$31="","",[2]Baskol!$N$31) | AE28: =IF([2]Baskol!$O$31="","",[2]Baskol!$O$31) | AG28: =IF([3]Entry!$C$31="","",[3]Entry!$C$31) | AH28: =IF([3]Entry!$D$31="","",[3]Entry!$D$31) | AI28: =IF([3]Entry!$E$31="","",[3]Entry!$E$31) | AJ28: =IF([3]Entry!$G$31="","",[3]Entry!$G$31) | AK28: =IF([3]Entry!$K$31="","",[3]Entry!$K$31) | AL28: =IF([3]Entry!$L$31="","",[3]Entry!$L$31) | AM28: =IF([3]Entry!$M$31="","",[3]Entry!$M$31) | AN28: =IF([3]Entry!$N$31="","",[3]Entry!$N$31) | AO28: =IF([3]Entry!$R$31="","",[3]Entry!$R$31) | AQ28: =IF(AND($D28<>"",$A28<>""),1,0) | AR28: =SUM($AQ$6:$AQ28) | AS28: =IFERROR(INDEX($A$6:$A$565,MATCH(ROW()-5,$AR$6:$AR$565,0)),"")
A29: =IF([1]Accounts!$D$30="","",[1]Accounts!$A$30) | B29: =IF([1]Accounts!$D$30="","",[1]Accounts!$B$30) | C29: =IF([1]Accounts!$D$30="","",[1]Accounts!$C$30) | D29: =IF([1]Accounts!$D$30="","",[1]Accounts!$D$30) | E29: =IF([1]Accounts!$D$30="","",[1]Accounts!$J$30) | F29: =IF([1]Accounts!$D$30="","",[1]Accounts!$K$30) | M29: =IF([1]Lists!$C$30="","",[1]Lists!$C$30) | U29: =IF([2]Baskol!$B$32="","",[2]Baskol!$B$32) | V29: =IF([2]Baskol!$C$32="","",[2]Baskol!$C$32) | W29: =IF([2]Baskol!$D$32="","",[2]Baskol!$D$32) | X29: =IF([2]Baskol!$E$32="","",[2]Baskol!$E$32) | Y29: =IF([2]Baskol!$G$32="","",[2]Baskol!$G$32) | Z29: =IF([2]Baskol!$I$32="","",[2]Baskol!$I$32) | AA29: =IF([2]Baskol!$J$32="","",[2]Baskol!$J$32) | AB29: =IF([2]Baskol!$K$32="","",[2]Baskol!$K$32) | AC29: =IF([2]Baskol!$L$32="","",[2]Baskol!$L$32) | AD29: =IF([2]Baskol!$N$32="","",[2]Baskol!$N$32) | AE29: =IF([2]Baskol!$O$32="","",[2]Baskol!$O$32) | AG29: =IF([3]Entry!$C$32="","",[3]Entry!$C$32) | AH29: =IF([3]Entry!$D$32="","",[3]Entry!$D$32) | AI29: =IF([3]Entry!$E$32="","",[3]Entry!$E$32) | AJ29: =IF([3]Entry!$G$32="","",[3]Entry!$G$32) | AK29: =IF([3]Entry!$K$32="","",[3]Entry!$K$32) | AL29: =IF([3]Entry!$L$32="","",[3]Entry!$L$32) | AM29: =IF([3]Entry!$M$32="","",[3]Entry!$M$32) | AN29: =IF([3]Entry!$N$32="","",[3]Entry!$N$32) | AO29: =IF([3]Entry!$R$32="","",[3]Entry!$R$32) | AQ29: =IF(AND($D29<>"",$A29<>""),1,0) | AR29: =SUM($AQ$6:$AQ29) | AS29: =IFERROR(INDEX($A$6:$A$565,MATCH(ROW()-5,$AR$6:$AR$565,0)),"")
A30: =IF([1]Accounts!$D$31="","",[1]Accounts!$A$31) | B30: =IF([1]Accounts!$D$31="","",[1]Accounts!$B$31) | C30: =IF([1]Accounts!$D$31="","",[1]Accounts!$C$31) | D30: =IF([1]Accounts!$D$31="","",[1]Accounts!$D$31) | E30: =IF([1]Accounts!$D$31="","",[1]Accounts!$J$31) | F30: =IF([1]Accounts!$D$31="","",[1]Accounts!$K$31) | M30: =IF([1]Lists!$C$31="","",[1]Lists!$C$31) | U30: =IF([2]Baskol!$B$33="","",[2]Baskol!$B$33) | V30: =IF([2]Baskol!$C$33="","",[2]Baskol!$C$33) | W30: =IF([2]Baskol!$D$33="","",[2]Baskol!$D$33) | X30: =IF([2]Baskol!$E$33="","",[2]Baskol!$E$33) | Y30: =IF([2]Baskol!$G$33="","",[2]Baskol!$G$33) | Z30: =IF([2]Baskol!$I$33="","",[2]Baskol!$I$33) | AA30: =IF([2]Baskol!$J$33="","",[2]Baskol!$J$33) | AB30: =IF([2]Baskol!$K$33="","",[2]Baskol!$K$33) | AC30: =IF([2]Baskol!$L$33="","",[2]Baskol!$L$33) | AD30: =IF([2]Baskol!$N$33="","",[2]Baskol!$N$33) | AE30: =IF([2]Baskol!$O$33="","",[2]Baskol!$O$33) | AG30: =IF([3]Entry!$C$33="","",[3]Entry!$C$33) | AH30: =IF([3]Entry!$D$33="","",[3]Entry!$D$33) | AI30: =IF([3]Entry!$E$33="","",[3]Entry!$E$33) | AJ30: =IF([3]Entry!$G$33="","",[3]Entry!$G$33) | AK30: =IF([3]Entry!$K$33="","",[3]Entry!$K$33) | AL30: =IF([3]Entry!$L$33="","",[3]Entry!$L$33) | AM30: =IF([3]Entry!$M$33="","",[3]Entry!$M$33) | AN30: =IF([3]Entry!$N$33="","",[3]Entry!$N$33) | AO30: =IF([3]Entry!$R$33="","",[3]Entry!$R$33) | AQ30: =IF(AND($D30<>"",$A30<>""),1,0) | AR30: =SUM($AQ$6:$AQ30) | AS30: =IFERROR(INDEX($A$6:$A$565,MATCH(ROW()-5,$AR$6:$AR$565,0)),"")
A31: =IF([1]Accounts!$D$32="","",[1]Accounts!$A$32) | B31: =IF([1]Accounts!$D$32="","",[1]Accounts!$B$32) | C31: =IF([1]Accounts!$D$32="","",[1]Accounts!$C$32) | D31: =IF([1]Accounts!$D$32="","",[1]Accounts!$D$32) | E31: =IF([1]Accounts!$D$32="","",[1]Accounts!$J$32) | F31: =IF([1]Accounts!$D$32="","",[1]Accounts!$K$32) | M31: =IF([1]Lists!$C$32="","",[1]Lists!$C$32) | U31: =IF([2]Baskol!$B$34="","",[2]Baskol!$B$34) | V31: =IF([2]Baskol!$C$34="","",[2]Baskol!$C$34) | W31: =IF([2]Baskol!$D$34="","",[2]Baskol!$D$34) | X31: =IF([2]Baskol!$E$34="","",[2]Baskol!$E$34) | Y31: =IF([2]Baskol!$G$34="","",[2]Baskol!$G$34) | Z31: =IF([2]Baskol!$I$34="","",[2]Baskol!$I$34) | AA31: =IF([2]Baskol!$J$34="","",[2]Baskol!$J$34) | AB31: =IF([2]Baskol!$K$34="","",[2]Baskol!$K$34) | AC31: =IF([2]Baskol!$L$34="","",[2]Baskol!$L$34) | AD31: =IF([2]Baskol!$N$34="","",[2]Baskol!$N$34) | AE31: =IF([2]Baskol!$O$34="","",[2]Baskol!$O$34) | AG31: =IF([3]Entry!$C$34="","",[3]Entry!$C$34) | AH31: =IF([3]Entry!$D$34="","",[3]Entry!$D$34) | AI31: =IF([3]Entry!$E$34="","",[3]Entry!$E$34) | AJ31: =IF([3]Entry!$G$34="","",[3]Entry!$G$34) | AK31: =IF([3]Entry!$K$34="","",[3]Entry!$K$34) | AL31: =IF([3]Entry!$L$34="","",[3]Entry!$L$34) | AM31: =IF([3]Entry!$M$34="","",[3]Entry!$M$34) | AN31: =IF([3]Entry!$N$34="","",[3]Entry!$N$34) | AO31: =IF([3]Entry!$R$34="","",[3]Entry!$R$34) | AQ31: =IF(AND($D31<>"",$A31<>""),1,0) | AR31: =SUM($AQ$6:$AQ31) | AS31: =IFERROR(INDEX($A$6:$A$565,MATCH(ROW()-5,$AR$6:$AR$565,0)),"")
A32: =IF([1]Accounts!$D$33="","",[1]Accounts!$A$33) | B32: =IF([1]Accounts!$D$33="","",[1]Accounts!$B$33) | C32: =IF([1]Accounts!$D$33="","",[1]Accounts!$C$33) | D32: =IF([1]Accounts!$D$33="","",[1]Accounts!$D$33) | E32: =IF([1]Accounts!$D$33="","",[1]Accounts!$J$33) | F32: =IF([1]Accounts!$D$33="","",[1]Accounts!$K$33) | U32: =IF([2]Baskol!$B$35="","",[2]Baskol!$B$35) | V32: =IF([2]Baskol!$C$35="","",[2]Baskol!$C$35) | W32: =IF([2]Baskol!$D$35="","",[2]Baskol!$D$35) | X32: =IF([2]Baskol!$E$35="","",[2]Baskol!$E$35) | Y32: =IF([2]Baskol!$G$35="","",[2]Baskol!$G$35) | Z32: =IF([2]Baskol!$I$35="","",[2]Baskol!$I$35) | AA32: =IF([2]Baskol!$J$35="","",[2]Baskol!$J$35) | AB32: =IF([2]Baskol!$K$35="","",[2]Baskol!$K$35) | AC32: =IF([2]Baskol!$L$35="","",[2]Baskol!$L$35) | AD32: =IF([2]Baskol!$N$35="","",[2]Baskol!$N$35) | AE32: =IF([2]Baskol!$O$35="","",[2]Baskol!$O$35) | AG32: =IF([3]Entry!$C$35="","",[3]Entry!$C$35) | AH32: =IF([3]Entry!$D$35="","",[3]Entry!$D$35) | AI32: =IF([3]Entry!$E$35="","",[3]Entry!$E$35) | AJ32: =IF([3]Entry!$G$35="","",[3]Entry!$G$35) | AK32: =IF([3]Entry!$K$35="","",[3]Entry!$K$35) | AL32: =IF([3]Entry!$L$35="","",[3]Entry!$L$35) | AM32: =IF([3]Entry!$M$35="","",[3]Entry!$M$35) | AN32: =IF([3]Entry!$N$35="","",[3]Entry!$N$35) | AO32: =IF([3]Entry!$R$35="","",[3]Entry!$R$35) | AQ32: =IF(AND($D32<>"",$A32<>""),1,0) | AR32: =SUM($AQ$6:$AQ32) | AS32: =IFERROR(INDEX($A$6:$A$565,MATCH(ROW()-5,$AR$6:$AR$565,0)),"")
A33: =IF([1]Accounts!$D$34="","",[1]Accounts!$A$34) | B33: =IF([1]Accounts!$D$34="","",[1]Accounts!$B$34) | C33: =IF([1]Accounts!$D$34="","",[1]Accounts!$C$34) | D33: =IF([1]Accounts!$D$34="","",[1]Accounts!$D$34) | E33: =IF([1]Accounts!$D$34="","",[1]Accounts!$J$34) | F33: =IF([1]Accounts!$D$34="","",[1]Accounts!$K$34) | U33: =IF([2]Baskol!$B$36="","",[2]Baskol!$B$36) | V33: =IF([2]Baskol!$C$36="","",[2]Baskol!$C$36) | W33: =IF([2]Baskol!$D$36="","",[2]Baskol!$D$36) | X33: =IF([2]Baskol!$E$36="","",[2]Baskol!$E$36) | Y33: =IF([2]Baskol!$G$36="","",[2]Baskol!$G$36) | Z33: =IF([2]Baskol!$I$36="","",[2]Baskol!$I$36) | AA33: =IF([2]Baskol!$J$36="","",[2]Baskol!$J$36) | AB33: =IF([2]Baskol!$K$36="","",[2]Baskol!$K$36) | AC33: =IF([2]Baskol!$L$36="","",[2]Baskol!$L$36) | AD33: =IF([2]Baskol!$N$36="","",[2]Baskol!$N$36) | AE33: =IF([2]Baskol!$O$36="","",[2]Baskol!$O$36) | AG33: =IF([3]Entry!$C$36="","",[3]Entry!$C$36) | AH33: =IF([3]Entry!$D$36="","",[3]Entry!$D$36) | AI33: =IF([3]Entry!$E$36="","",[3]Entry!$E$36) | AJ33: =IF([3]Entry!$G$36="","",[3]Entry!$G$36) | AK33: =IF([3]Entry!$K$36="","",[3]Entry!$K$36) | AL33: =IF([3]Entry!$L$36="","",[3]Entry!$L$36) | AM33: =IF([3]Entry!$M$36="","",[3]Entry!$M$36) | AN33: =IF([3]Entry!$N$36="","",[3]Entry!$N$36) | AO33: =IF([3]Entry!$R$36="","",[3]Entry!$R$36) | AQ33: =IF(AND($D33<>"",$A33<>""),1,0) | AR33: =SUM($AQ$6:$AQ33) | AS33: =IFERROR(INDEX($A$6:$A$565,MATCH(ROW()-5,$AR$6:$AR$565,0)),"")
A34: =IF([1]Accounts!$D$35="","",[1]Accounts!$A$35) | B34: =IF([1]Accounts!$D$35="","",[1]Accounts!$B$35) | C34: =IF([1]Accounts!$D$35="","",[1]Accounts!$C$35) | D34: =IF([1]Accounts!$D$35="","",[1]Accounts!$D$35) | E34: =IF([1]Accounts!$D$35="","",[1]Accounts!$J$35) | F34: =IF([1]Accounts!$D$35="","",[1]Accounts!$K$35) | U34: =IF([2]Baskol!$B$37="","",[2]Baskol!$B$37) | V34: =IF([2]Baskol!$C$37="","",[2]Baskol!$C$37) | W34: =IF([2]Baskol!$D$37="","",[2]Baskol!$D$37) | X34: =IF([2]Baskol!$E$37="","",[2]Baskol!$E$37) | Y34: =IF([2]Baskol!$G$37="","",[2]Baskol!$G$37) | Z34: =IF([2]Baskol!$I$37="","",[2]Baskol!$I$37) | AA34: =IF([2]Baskol!$J$37="","",[2]Baskol!$J$37) | AB34: =IF([2]Baskol!$K$37="","",[2]Baskol!$K$37) | AC34: =IF([2]Baskol!$L$37="","",[2]Baskol!$L$37) | AD34: =IF([2]Baskol!$N$37="","",[2]Baskol!$N$37) | AE34: =IF([2]Baskol!$O$37="","",[2]Baskol!$O$37) | AG34: =IF([3]Entry!$C$37="","",[3]Entry!$C$37) | AH34: =IF([3]Entry!$D$37="","",[3]Entry!$D$37) | AI34: =IF([3]Entry!$E$37="","",[3]Entry!$E$37) | AJ34: =IF([3]Entry!$G$37="","",[3]Entry!$G$37) | AK34: =IF([3]Entry!$K$37="","",[3]Entry!$K$37) | AL34: =IF([3]Entry!$L$37="","",[3]Entry!$L$37) | AM34: =IF([3]Entry!$M$37="","",[3]Entry!$M$37) | AN34: =IF([3]Entry!$N$37="","",[3]Entry!$N$37) | AO34: =IF([3]Entry!$R$37="","",[3]Entry!$R$37) | AQ34: =IF(AND($D34<>"",$A34<>""),1,0) | AR34: =SUM($AQ$6:$AQ34) | AS34: =IFERROR(INDEX($A$6:$A$565,MATCH(ROW()-5,$AR$6:$AR$565,0)),"")
A35: =IF([1]Accounts!$D$36="","",[1]Accounts!$A$36) | B35: =IF([1]Accounts!$D$36="","",[1]Accounts!$B$36) | C35: =IF([1]Accounts!$D$36="","",[1]Accounts!$C$36) | D35: =IF([1]Accounts!$D$36="","",[1]Accounts!$D$36) | E35: =IF([1]Accounts!$D$36="","",[1]Accounts!$J$36) | F35: =IF([1]Accounts!$D$36="","",[1]Accounts!$K$36) | U35: =IF([2]Baskol!$B$38="","",[2]Baskol!$B$38) | V35: =IF([2]Baskol!$C$38="","",[2]Baskol!$C$38) | W35: =IF([2]Baskol!$D$38="","",[2]Baskol!$D$38) | X35: =IF([2]Baskol!$E$38="","",[2]Baskol!$E$38) | Y35: =IF([2]Baskol!$G$38="","",[2]Baskol!$G$38) | Z35: =IF([2]Baskol!$I$38="","",[2]Baskol!$I$38) | AA35: =IF([2]Baskol!$J$38="","",[2]Baskol!$J$38) | AB35: =IF([2]Baskol!$K$38="","",[2]Baskol!$K$38) | AC35: =IF([2]Baskol!$L$38="","",[2]Baskol!$L$38) | AD35: =IF([2]Baskol!$N$38="","",[2]Baskol!$N$38) | AE35: =IF([2]Baskol!$O$38="","",[2]Baskol!$O$38) | AG35: =IF([3]Entry!$C$38="","",[3]Entry!$C$38) | AH35: =IF([3]Entry!$D$38="","",[3]Entry!$D$38) | AI35: =IF([3]Entry!$E$38="","",[3]Entry!$E$38) | AJ35: =IF([3]Entry!$G$38="","",[3]Entry!$G$38) | AK35: =IF([3]Entry!$K$38="","",[3]Entry!$K$38) | AL35: =IF([3]Entry!$L$38="","",[3]Entry!$L$38) | AM35: =IF([3]Entry!$M$38="","",[3]Entry!$M$38) | AN35: =IF([3]Entry!$N$38="","",[3]Entry!$N$38) | AO35: =IF([3]Entry!$R$38="","",[3]Entry!$R$38) | AQ35: =IF(AND($D35<>"",$A35<>""),1,0) | AR35: =SUM($AQ$6:$AQ35) | AS35: =IFERROR(INDEX($A$6:$A$565,MATCH(ROW()-5,$AR$6:$AR$565,0)),"")
A36: =IF([1]Accounts!$D$37="","",[1]Accounts!$A$37) | B36: =IF([1]Accounts!$D$37="","",[1]Accounts!$B$37) | C36: =IF([1]Accounts!$D$37="","",[1]Accounts!$C$37) | D36: =IF([1]Accounts!$D$37="","",[1]Accounts!$D$37) | E36: =IF([1]Accounts!$D$37="","",[1]Accounts!$J$37) | F36: =IF([1]Accounts!$D$37="","",[1]Accounts!$K$37) | U36: =IF([2]Baskol!$B$39="","",[2]Baskol!$B$39) | V36: =IF([2]Baskol!$C$39="","",[2]Baskol!$C$39) | W36: =IF([2]Baskol!$D$39="","",[2]Baskol!$D$39) | X36: =IF([2]Baskol!$E$39="","",[2]Baskol!$E$39) | Y36: =IF([2]Baskol!$G$39="","",[2]Baskol!$G$39) | Z36: =IF([2]Baskol!$I$39="","",[2]Baskol!$I$39) | AA36: =IF([2]Baskol!$J$39="","",[2]Baskol!$J$39) | AB36: =IF([2]Baskol!$K$39="","",[2]Baskol!$K$39) | AC36: =IF([2]Baskol!$L$39="","",[2]Baskol!$L$39) | AD36: =IF([2]Baskol!$N$39="","",[2]Baskol!$N$39) | AE36: =IF([2]Baskol!$O$39="","",[2]Baskol!$O$39) | AG36: =IF([3]Entry!$C$39="","",[3]Entry!$C$39) | AH36: =IF([3]Entry!$D$39="","",[3]Entry!$D$39) | AI36: =IF([3]Entry!$E$39="","",[3]Entry!$E$39) | AJ36: =IF([3]Entry!$G$39="","",[3]Entry!$G$39) | AK36: =IF([3]Entry!$K$39="","",[3]Entry!$K$39) | AL36: =IF([3]Entry!$L$39="","",[3]Entry!$L$39) | AM36: =IF([3]Entry!$M$39="","",[3]Entry!$M$39) | AN36: =IF([3]Entry!$N$39="","",[3]Entry!$N$39) | AO36: =IF([3]Entry!$R$39="","",[3]Entry!$R$39) | AQ36: =IF(AND($D36<>"",$A36<>""),1,0) | AR36: =SUM($AQ$6:$AQ36) | AS36: =IFERROR(INDEX($A$6:$A$565,MATCH(ROW()-5,$AR$6:$AR$565,0)),"")
A37: =IF([1]Accounts!$D$38="","",[1]Accounts!$A$38) | B37: =IF([1]Accounts!$D$38="","",[1]Accounts!$B$38) | C37: =IF([1]Accounts!$D$38="","",[1]Accounts!$C$38) | D37: =IF([1]Accounts!$D$38="","",[1]Accounts!$D$38) | E37: =IF([1]Accounts!$D$38="","",[1]Accounts!$J$38) | F37: =IF([1]Accounts!$D$38="","",[1]Accounts!$K$38) | U37: =IF([2]Baskol!$B$40="","",[2]Baskol!$B$40) | V37: =IF([2]Baskol!$C$40="","",[2]Baskol!$C$40) | W37: =IF([2]Baskol!$D$40="","",[2]Baskol!$D$40) | X37: =IF([2]Baskol!$E$40="","",[2]Baskol!$E$40) | Y37: =IF([2]Baskol!$G$40="","",[2]Baskol!$G$40) | Z37: =IF([2]Baskol!$I$40="","",[2]Baskol!$I$40) | AA37: =IF([2]Baskol!$J$40="","",[2]Baskol!$J$40) | AB37: =IF([2]Baskol!$K$40="","",[2]Baskol!$K$40) | AC37: =IF([2]Baskol!$L$40="","",[2]Baskol!$L$40) | AD37: =IF([2]Baskol!$N$40="","",[2]Baskol!$N$40) | AE37: =IF([2]Baskol!$O$40="","",[2]Baskol!$O$40) | AG37: =IF([3]Entry!$C$40="","",[3]Entry!$C$40) | AH37: =IF([3]Entry!$D$40="","",[3]Entry!$D$40) | AI37: =IF([3]Entry!$E$40="","",[3]Entry!$E$40) | AJ37: =IF([3]Entry!$G$40="","",[3]Entry!$G$40) | AK37: =IF([3]Entry!$K$40="","",[3]Entry!$K$40) | AL37: =IF([3]Entry!$L$40="","",[3]Entry!$L$40) | AM37: =IF([3]Entry!$M$40="","",[3]Entry!$M$40) | AN37: =IF([3]Entry!$N$40="","",[3]Entry!$N$40) | AO37: =IF([3]Entry!$R$40="","",[3]Entry!$R$40) | AQ37: =IF(AND($D37<>"",$A37<>""),1,0) | AR37: =SUM($AQ$6:$AQ37) | AS37: =IFERROR(INDEX($A$6:$A$565,MATCH(ROW()-5,$AR$6:$AR$565,0)),"")
A38: =IF([1]Accounts!$D$39="","",[1]Accounts!$A$39) | B38: =IF([1]Accounts!$D$39="","",[1]Accounts!$B$39) | C38: =IF([1]Accounts!$D$39="","",[1]Accounts!$C$39) | D38: =IF([1]Accounts!$D$39="","",[1]Accounts!$D$39) | E38: =IF([1]Accounts!$D$39="","",[1]Accounts!$J$39) | F38: =IF([1]Accounts!$D$39="","",[1]Accounts!$K$39) | U38: =IF([2]Baskol!$B$41="","",[2]Baskol!$B$41) | V38: =IF([2]Baskol!$C$41="","",[2]Baskol!$C$41) | W38: =IF([2]Baskol!$D$41="","",[2]Baskol!$D$41) | X38: =IF([2]Baskol!$E$41="","",[2]Baskol!$E$41) | Y38: =IF([2]Baskol!$G$41="","",[2]Baskol!$G$41) | Z38: =IF([2]Baskol!$I$41="","",[2]Baskol!$I$41) | AA38: =IF([2]Baskol!$J$41="","",[2]Baskol!$J$41) | AB38: =IF([2]Baskol!$K$41="","",[2]Baskol!$K$41) | AC38: =IF([2]Baskol!$L$41="","",[2]Baskol!$L$41) | AD38: =IF([2]Baskol!$N$41="","",[2]Baskol!$N$41) | AE38: =IF([2]Baskol!$O$41="","",[2]Baskol!$O$41) | AG38: =IF([3]Entry!$C$41="","",[3]Entry!$C$41) | AH38: =IF([3]Entry!$D$41="","",[3]Entry!$D$41) | AI38: =IF([3]Entry!$E$41="","",[3]Entry!$E$41) | AJ38: =IF([3]Entry!$G$41="","",[3]Entry!$G$41) | AK38: =IF([3]Entry!$K$41="","",[3]Entry!$K$41) | AL38: =IF([3]Entry!$L$41="","",[3]Entry!$L$41) | AM38: =IF([3]Entry!$M$41="","",[3]Entry!$M$41) | AN38: =IF([3]Entry!$N$41="","",[3]Entry!$N$41) | AO38: =IF([3]Entry!$R$41="","",[3]Entry!$R$41) | AQ38: =IF(AND($D38<>"",$A38<>""),1,0) | AR38: =SUM($AQ$6:$AQ38) | AS38: =IFERROR(INDEX($A$6:$A$565,MATCH(ROW()-5,$AR$6:$AR$565,0)),"")
A39: =IF([1]Accounts!$D$40="","",[1]Accounts!$A$40) | B39: =IF([1]Accounts!$D$40="","",[1]Accounts!$B$40) | C39: =IF([1]Accounts!$D$40="","",[1]Accounts!$C$40) | D39: =IF([1]Accounts!$D$40="","",[1]Accounts!$D$40) | E39: =IF([1]Accounts!$D$40="","",[1]Accounts!$J$40) | F39: =IF([1]Accounts!$D$40="","",[1]Accounts!$K$40) | U39: =IF([2]Baskol!$B$42="","",[2]Baskol!$B$42) | V39: =IF([2]Baskol!$C$42="","",[2]Baskol!$C$42) | W39: =IF([2]Baskol!$D$42="","",[2]Baskol!$D$42) | X39: =IF([2]Baskol!$E$42="","",[2]Baskol!$E$42) | Y39: =IF([2]Baskol!$G$42="","",[2]Baskol!$G$42) | Z39: =IF([2]Baskol!$I$42="","",[2]Baskol!$I$42) | AA39: =IF([2]Baskol!$J$42="","",[2]Baskol!$J$42) | AB39: =IF([2]Baskol!$K$42="","",[2]Baskol!$K$42) | AC39: =IF([2]Baskol!$L$42="","",[2]Baskol!$L$42) | AD39: =IF([2]Baskol!$N$42="","",[2]Baskol!$N$42) | AE39: =IF([2]Baskol!$O$42="","",[2]Baskol!$O$42) | AG39: =IF([3]Entry!$C$42="","",[3]Entry!$C$42) | AH39: =IF([3]Entry!$D$42="","",[3]Entry!$D$42) | AI39: =IF([3]Entry!$E$42="","",[3]Entry!$E$42) | AJ39: =IF([3]Entry!$G$42="","",[3]Entry!$G$42) | AK39: =IF([3]Entry!$K$42="","",[3]Entry!$K$42) | AL39: =IF([3]Entry!$L$42="","",[3]Entry!$L$42) | AM39: =IF([3]Entry!$M$42="","",[3]Entry!$M$42) | AN39: =IF([3]Entry!$N$42="","",[3]Entry!$N$42) | AO39: =IF([3]Entry!$R$42="","",[3]Entry!$R$42) | AQ39: =IF(AND($D39<>"",$A39<>""),1,0) | AR39: =SUM($AQ$6:$AQ39) | AS39: =IFERROR(INDEX($A$6:$A$565,MATCH(ROW()-5,$AR$6:$AR$565,0)),"")
A40: =IF([1]Accounts!$D$41="","",[1]Accounts!$A$41) | B40: =IF([1]Accounts!$D$41="","",[1]Accounts!$B$41) | C40: =IF([1]Accounts!$D$41="","",[1]Accounts!$C$41) | D40: =IF([1]Accounts!$D$41="","",[1]Accounts!$D$41) | E40: =IF([1]Accounts!$D$41="","",[1]Accounts!$J$41) | F40: =IF([1]Accounts!$D$41="","",[1]Accounts!$K$41) | U40: =IF([2]Baskol!$B$43="","",[2]Baskol!$B$43) | V40: =IF([2]Baskol!$C$43="","",[2]Baskol!$C$43) | W40: =IF([2]Baskol!$D$43="","",[2]Baskol!$D$43) | X40: =IF([2]Baskol!$E$43="","",[2]Baskol!$E$43) | Y40: =IF([2]Baskol!$G$43="","",[2]Baskol!$G$43) | Z40: =IF([2]Baskol!$I$43="","",[2]Baskol!$I$43) | AA40: =IF([2]Baskol!$J$43="","",[2]Baskol!$J$43) | AB40: =IF([2]Baskol!$K$43="","",[2]Baskol!$K$43) | AC40: =IF([2]Baskol!$L$43="","",[2]Baskol!$L$43) | AD40: =IF([2]Baskol!$N$43="","",[2]Baskol!$N$43) | AE40: =IF([2]Baskol!$O$43="","",[2]Baskol!$O$43) | AG40: =IF([3]Entry!$C$43="","",[3]Entry!$C$43) | AH40: =IF([3]Entry!$D$43="","",[3]Entry!$D$43) | AI40: =IF([3]Entry!$E$43="","",[3]Entry!$E$43) | AJ40: =IF([3]Entry!$G$43="","",[3]Entry!$G$43) | AK40: =IF([3]Entry!$K$43="","",[3]Entry!$K$43) | AL40: =IF([3]Entry!$L$43="","",[3]Entry!$L$43) | AM40: =IF([3]Entry!$M$43="","",[3]Entry!$M$43) | AN40: =IF([3]Entry!$N$43="","",[3]Entry!$N$43) | AO40: =IF([3]Entry!$R$43="","",[3]Entry!$R$43) | AQ40: =IF(AND($D40<>"",$A40<>""),1,0) | AR40: =SUM($AQ$6:$AQ40) | AS40: =IFERROR(INDEX($A$6:$A$565,MATCH(ROW()-5,$AR$6:$AR$565,0)),"")
A41: =IF([1]Accounts!$D$42="","",[1]Accounts!$A$42) | B41: =IF([1]Accounts!$D$42="","",[1]Accounts!$B$42) | C41: =IF([1]Accounts!$D$42="","",[1]Accounts!$C$42) | D41: =IF([1]Accounts!$D$42="","",[1]Accounts!$D$42) | E41: =IF([1]Accounts!$D$42="","",[1]Accounts!$J$42) | F41: =IF([1]Accounts!$D$42="","",[1]Accounts!$K$42) | U41: =IF([2]Baskol!$B$44="","",[2]Baskol!$B$44) | V41: =IF([2]Baskol!$C$44="","",[2]Baskol!$C$44) | W41: =IF([2]Baskol!$D$44="","",[2]Baskol!$D$44) | X41: =IF([2]Baskol!$E$44="","",[2]Baskol!$E$44) | Y41: =IF([2]Baskol!$G$44="","",[2]Baskol!$G$44) | Z41: =IF([2]Baskol!$I$44="","",[2]Baskol!$I$44) | AA41: =IF([2]Baskol!$J$44="","",[2]Baskol!$J$44) | AB41: =IF([2]Baskol!$K$44="","",[2]Baskol!$K$44) | AC41: =IF([2]Baskol!$L$44="","",[2]Baskol!$L$44) | AD41: =IF([2]Baskol!$N$44="","",[2]Baskol!$N$44) | AE41: =IF([2]Baskol!$O$44="","",[2]Baskol!$O$44) | AG41: =IF([3]Entry!$C$44="","",[3]Entry!$C$44) | AH41: =IF([3]Entry!$D$44="","",[3]Entry!$D$44) | AI41: =IF([3]Entry!$E$44="","",[3]Entry!$E$44) | AJ41: =IF([3]Entry!$G$44="","",[3]Entry!$G$44) | AK41: =IF([3]Entry!$K$44="","",[3]Entry!$K$44) | AL41: =IF([3]Entry!$L$44="","",[3]Entry!$L$44) | AM41: =IF([3]Entry!$M$44="","",[3]Entry!$M$44) | AN41: =IF([3]Entry!$N$44="","",[3]Entry!$N$44) | AO41: =IF([3]Entry!$R$44="","",[3]Entry!$R$44) | AQ41: =IF(AND($D41<>"",$A41<>""),1,0) | AR41: =SUM($AQ$6:$AQ41) | AS41: =IFERROR(INDEX($A$6:$A$565,MATCH(ROW()-5,$AR$6:$AR$565,0)),"")
A42: =IF([1]Accounts!$D$43="","",[1]Accounts!$A$43) | B42: =IF([1]Accounts!$D$43="","",[1]Accounts!$B$43) | C42: =IF([1]Accounts!$D$43="","",[1]Accounts!$C$43) | D42: =IF([1]Accounts!$D$43="","",[1]Accounts!$D$43) | E42: =IF([1]Accounts!$D$43="","",[1]Accounts!$J$43) | F42: =IF([1]Accounts!$D$43="","",[1]Accounts!$K$43) | U42: =IF([2]Baskol!$B$45="","",[2]Baskol!$B$45) | V42: =IF([2]Baskol!$C$45="","",[2]Baskol!$C$45) | W42: =IF([2]Baskol!$D$45="","",[2]Baskol!$D$45) | X42: =IF([2]Baskol!$E$45="","",[2]Baskol!$E$45) | Y42: =IF([2]Baskol!$G$45="","",[2]Baskol!$G$45) | Z42: =IF([2]Baskol!$I$45="","",[2]Baskol!$I$45) | AA42: =IF([2]Baskol!$J$45="","",[2]Baskol!$J$45) | AB42: =IF([2]Baskol!$K$45="","",[2]Baskol!$K$45) | AC42: =IF([2]Baskol!$L$45="","",[2]Baskol!$L$45) | AD42: =IF([2]Baskol!$N$45="","",[2]Baskol!$N$45) | AE42: =IF([2]Baskol!$O$45="","",[2]Baskol!$O$45) | AG42: =IF([3]Entry!$C$45="","",[3]Entry!$C$45) | AH42: =IF([3]Entry!$D$45="","",[3]Entry!$D$45) | AI42: =IF([3]Entry!$E$45="","",[3]Entry!$E$45) | AJ42: =IF([3]Entry!$G$45="","",[3]Entry!$G$45) | AK42: =IF([3]Entry!$K$45="","",[3]Entry!$K$45) | AL42: =IF([3]Entry!$L$45="","",[3]Entry!$L$45) | AM42: =IF([3]Entry!$M$45="","",[3]Entry!$M$45) | AN42: =IF([3]Entry!$N$45="","",[3]Entry!$N$45) | AO42: =IF([3]Entry!$R$45="","",[3]Entry!$R$45) | AQ42: =IF(AND($D42<>"",$A42<>""),1,0) | AR42: =SUM($AQ$6:$AQ42) | AS42: =IFERROR(INDEX($A$6:$A$565,MATCH(ROW()-5,$AR$6:$AR$565,0)),"")
A43: =IF([1]Accounts!$D$44="","",[1]Accounts!$A$44) | B43: =IF([1]Accounts!$D$44="","",[1]Accounts!$B$44) | C43: =IF([1]Accounts!$D$44="","",[1]Accounts!$C$44) | D43: =IF([1]Accounts!$D$44="","",[1]Accounts!$D$44) | E43: =IF([1]Accounts!$D$44="","",[1]Accounts!$J$44) | F43: =IF([1]Accounts!$D$44="","",[1]Accounts!$K$44) | U43: =IF([2]Baskol!$B$46="","",[2]Baskol!$B$46) | V43: =IF([2]Baskol!$C$46="","",[2]Baskol!$C$46) | W43: =IF([2]Baskol!$D$46="","",[2]Baskol!$D$46) | X43: =IF([2]Baskol!$E$46="","",[2]Baskol!$E$46) | Y43: =IF([2]Baskol!$G$46="","",[2]Baskol!$G$46) | Z43: =IF([2]Baskol!$I$46="","",[2]Baskol!$I$46) | AA43: =IF([2]Baskol!$J$46="","",[2]Baskol!$J$46) | AB43: =IF([2]Baskol!$K$46="","",[2]Baskol!$K$46) | AC43: =IF([2]Baskol!$L$46="","",[2]Baskol!$L$46) | AD43: =IF([2]Baskol!$N$46="","",[2]Baskol!$N$46) | AE43: =IF([2]Baskol!$O$46="","",[2]Baskol!$O$46) | AG43: =IF([3]Entry!$C$46="","",[3]Entry!$C$46) | AH43: =IF([3]Entry!$D$46="","",[3]Entry!$D$46) | AI43: =IF([3]Entry!$E$46="","",[3]Entry!$E$46) | AJ43: =IF([3]Entry!$G$46="","",[3]Entry!$G$46) | AK43: =IF([3]Entry!$K$46="","",[3]Entry!$K$46) | AL43: =IF([3]Entry!$L$46="","",[3]Entry!$L$46) | AM43: =IF([3]Entry!$M$46="","",[3]Entry!$M$46) | AN43: =IF([3]Entry!$N$46="","",[3]Entry!$N$46) | AO43: =IF([3]Entry!$R$46="","",[3]Entry!$R$46) | AQ43: =IF(AND($D43<>"",$A43<>""),1,0) | AR43: =SUM($AQ$6:$AQ43) | AS43: =IFERROR(INDEX($A$6:$A$565,MATCH(ROW()-5,$AR$6:$AR$565,0)),"")
A44: =IF([1]Accounts!$D$45="","",[1]Accounts!$A$45) | B44: =IF([1]Accounts!$D$45="","",[1]Accounts!$B$45) | C44: =IF([1]Accounts!$D$45="","",[1]Accounts!$C$45) | D44: =IF([1]Accounts!$D$45="","",[1]Accounts!$D$45) | E44: =IF([1]Accounts!$D$45="","",[1]Accounts!$J$45) | F44: =IF([1]Accounts!$D$45="","",[1]Accounts!$K$45) | U44: =IF([2]Baskol!$B$47="","",[2]Baskol!$B$47) | V44: =IF([2]Baskol!$C$47="","",[2]Baskol!$C$47) | W44: =IF([2]Baskol!$D$47="","",[2]Baskol!$D$47) | X44: =IF([2]Baskol!$E$47="","",[2]Baskol!$E$47) | Y44: =IF([2]Baskol!$G$47="","",[2]Baskol!$G$47) | Z44: =IF([2]Baskol!$I$47="","",[2]Baskol!$I$47) | AA44: =IF([2]Baskol!$J$47="","",[2]Baskol!$J$47) | AB44: =IF([2]Baskol!$K$47="","",[2]Baskol!$K$47) | AC44: =IF([2]Baskol!$L$47="","",[2]Baskol!$L$47) | AD44: =IF([2]Baskol!$N$47="","",[2]Baskol!$N$47) | AE44: =IF([2]Baskol!$O$47="","",[2]Baskol!$O$47) | AG44: =IF([3]Entry!$C$47="","",[3]Entry!$C$47) | AH44: =IF([3]Entry!$D$47="","",[3]Entry!$D$47) | AI44: =IF([3]Entry!$E$47="","",[3]Entry!$E$47) | AJ44: =IF([3]Entry!$G$47="","",[3]Entry!$G$47) | AK44: =IF([3]Entry!$K$47="","",[3]Entry!$K$47) | AL44: =IF([3]Entry!$L$47="","",[3]Entry!$L$47) | AM44: =IF([3]Entry!$M$47="","",[3]Entry!$M$47) | AN44: =IF([3]Entry!$N$47="","",[3]Entry!$N$47) | AO44: =IF([3]Entry!$R$47="","",[3]Entry!$R$47) | AQ44: =IF(AND($D44<>"",$A44<>""),1,0) | AR44: =SUM($AQ$6:$AQ44) | AS44: =IFERROR(INDEX($A$6:$A$565,MATCH(ROW()-5,$AR$6:$AR$565,0)),"")
A45: =IF([1]Accounts!$D$46="","",[1]Accounts!$A$46) | B45: =IF([1]Accounts!$D$46="","",[1]Accounts!$B$46) | C45: =IF([1]Accounts!$D$46="","",[1]Accounts!$C$46) | D45: =IF([1]Accounts!$D$46="","",[1]Accounts!$D$46) | E45: =IF([1]Accounts!$D$46="","",[1]Accounts!$J$46) | F45: =IF([1]Accounts!$D$46="","",[1]Accounts!$K$46) | U45: =IF([2]Baskol!$B$48="","",[2]Baskol!$B$48) | V45: =IF([2]Baskol!$C$48="","",[2]Baskol!$C$48) | W45: =IF([2]Baskol!$D$48="","",[2]Baskol!$D$48) | X45: =IF([2]Baskol!$E$48="","",[2]Baskol!$E$48) | Y45: =IF([2]Baskol!$G$48="","",[2]Baskol!$G$48) | Z45: =IF([2]Baskol!$I$48="","",[2]Baskol!$I$48) | AA45: =IF([2]Baskol!$J$48="","",[2]Baskol!$J$48) | AB45: =IF([2]Baskol!$K$48="","",[2]Baskol!$K$48) | AC45: =IF([2]Baskol!$L$48="","",[2]Baskol!$L$48) | AD45: =IF([2]Baskol!$N$48="","",[2]Baskol!$N$48) | AE45: =IF([2]Baskol!$O$48="","",[2]Baskol!$O$48) | AG45: =IF([3]Entry!$C$48="","",[3]Entry!$C$48) | AH45: =IF([3]Entry!$D$48="","",[3]Entry!$D$48) | AI45: =IF([3]Entry!$E$48="","",[3]Entry!$E$48) | AJ45: =IF([3]Entry!$G$48="","",[3]Entry!$G$48) | AK45: =IF([3]Entry!$K$48="","",[3]Entry!$K$48) | AL45: =IF([3]Entry!$L$48="","",[3]Entry!$L$48) | AM45: =IF([3]Entry!$M$48="","",[3]Entry!$M$48) | AN45: =IF([3]Entry!$N$48="","",[3]Entry!$N$48) | AO45: =IF([3]Entry!$R$48="","",[3]Entry!$R$48) | AQ45: =IF(AND($D45<>"",$A45<>""),1,0) | AR45: =SUM($AQ$6:$AQ45) | AS45: =IFERROR(INDEX($A$6:$A$565,MATCH(ROW()-5,$AR$6:$AR$565,0)),"")
A46: =IF([1]Accounts!$D$47="","",[1]Accounts!$A$47) | B46: =IF([1]Accounts!$D$47="","",[1]Accounts!$B$47) | C46: =IF([1]Accounts!$D$47="","",[1]Accounts!$C$47) | D46: =IF([1]Accounts!$D$47="","",[1]Accounts!$D$47) | E46: =IF([1]Accounts!$D$47="","",[1]Accounts!$J$47) | F46: =IF([1]Accounts!$D$47="","",[1]Accounts!$K$47) | U46: =IF([2]Baskol!$B$49="","",[2]Baskol!$B$49) | V46: =IF([2]Baskol!$C$49="","",[2]Baskol!$C$49) | W46: =IF([2]Baskol!$D$49="","",[2]Baskol!$D$49) | X46: =IF([2]Baskol!$E$49="","",[2]Baskol!$E$49) | Y46: =IF([2]Baskol!$G$49="","",[2]Baskol!$G$49) | Z46: =IF([2]Baskol!$I$49="","",[2]Baskol!$I$49) | AA46: =IF([2]Baskol!$J$49="","",[2]Baskol!$J$49) | AB46: =IF([2]Baskol!$K$49="","",[2]Baskol!$K$49) | AC46: =IF([2]Baskol!$L$49="","",[2]Baskol!$L$49) | AD46: =IF([2]Baskol!$N$49="","",[2]Baskol!$N$49) | AE46: =IF([2]Baskol!$O$49="","",[2]Baskol!$O$49) | AG46: =IF([3]Entry!$C$49="","",[3]Entry!$C$49) | AH46: =IF([3]Entry!$D$49="","",[3]Entry!$D$49) | AI46: =IF([3]Entry!$E$49="","",[3]Entry!$E$49) | AJ46: =IF([3]Entry!$G$49="","",[3]Entry!$G$49) | AK46: =IF([3]Entry!$K$49="","",[3]Entry!$K$49) | AL46: =IF([3]Entry!$L$49="","",[3]Entry!$L$49) | AM46: =IF([3]Entry!$M$49="","",[3]Entry!$M$49) | AN46: =IF([3]Entry!$N$49="","",[3]Entry!$N$49) | AO46: =IF([3]Entry!$R$49="","",[3]Entry!$R$49) | AQ46: =IF(AND($D46<>"",$A46<>""),1,0) | AR46: =SUM($AQ$6:$AQ46) | AS46: =IFERROR(INDEX($A$6:$A$565,MATCH(ROW()-5,$AR$6:$AR$565,0)),"")
A47: =IF([1]Accounts!$D$48="","",[1]Accounts!$A$48) | B47: =IF([1]Accounts!$D$48="","",[1]Accounts!$B$48) | C47: =IF([1]Accounts!$D$48="","",[1]Accounts!$C$48) | D47: =IF([1]Accounts!$D$48="","",[1]Accounts!$D$48) | E47: =IF([1]Accounts!$D$48="","",[1]Accounts!$J$48) | F47: =IF([1]Accounts!$D$48="","",[1]Accounts!$K$48) | U47: =IF([2]Baskol!$B$50="","",[2]Baskol!$B$50) | V47: =IF([2]Baskol!$C$50="","",[2]Baskol!$C$50) | W47: =IF([2]Baskol!$D$50="","",[2]Baskol!$D$50) | X47: =IF([2]Baskol!$E$50="","",[2]Baskol!$E$50) | Y47: =IF([2]Baskol!$G$50="","",[2]Baskol!$G$50) | Z47: =IF([2]Baskol!$I$50="","",[2]Baskol!$I$50) | AA47: =IF([2]Baskol!$J$50="","",[2]Baskol!$J$50) | AB47: =IF([2]Baskol!$K$50="","",[2]Baskol!$K$50) | AC47: =IF([2]Baskol!$L$50="","",[2]Baskol!$L$50) | AD47: =IF([2]Baskol!$N$50="","",[2]Baskol!$N$50) | AE47: =IF([2]Baskol!$O$50="","",[2]Baskol!$O$50) | AG47: =IF([3]Entry!$C$50="","",[3]Entry!$C$50) | AH47: =IF([3]Entry!$D$50="","",[3]Entry!$D$50) | AI47: =IF([3]Entry!$E$50="","",[3]Entry!$E$50) | AJ47: =IF([3]Entry!$G$50="","",[3]Entry!$G$50) | AK47: =IF([3]Entry!$K$50="","",[3]Entry!$K$50) | AL47: =IF([3]Entry!$L$50="","",[3]Entry!$L$50) | AM47: =IF([3]Entry!$M$50="","",[3]Entry!$M$50) | AN47: =IF([3]Entry!$N$50="","",[3]Entry!$N$50) | AO47: =IF([3]Entry!$R$50="","",[3]Entry!$R$50) | AQ47: =IF(AND($D47<>"",$A47<>""),1,0) | AR47: =SUM($AQ$6:$AQ47) | AS47: =IFERROR(INDEX($A$6:$A$565,MATCH(ROW()-5,$AR$6:$AR$565,0)),"")
A48: =IF([1]Accounts!$D$49="","",[1]Accounts!$A$49) | B48: =IF([1]Accounts!$D$49="","",[1]Accounts!$B$49) | C48: =IF([1]Accounts!$D$49="","",[1]Accounts!$C$49) | D48: =IF([1]Accounts!$D$49="","",[1]Accounts!$D$49) | E48: =IF([1]Accounts!$D$49="","",[1]Accounts!$J$49) | F48: =IF([1]Accounts!$D$49="","",[1]Accounts!$K$49) | U48: =IF([2]Baskol!$B$51="","",[2]Baskol!$B$51) | V48: =IF([2]Baskol!$C$51="","",[2]Baskol!$C$51) | W48: =IF([2]Baskol!$D$51="","",[2]Baskol!$D$51) | X48: =IF([2]Baskol!$E$51="","",[2]Baskol!$E$51) | Y48: =IF([2]Baskol!$G$51="","",[2]Baskol!$G$51) | Z48: =IF([2]Baskol!$I$51="","",[2]Baskol!$I$51) | AA48: =IF([2]Baskol!$J$51="","",[2]Baskol!$J$51) | AB48: =IF([2]Baskol!$K$51="","",[2]Baskol!$K$51) | AC48: =IF([2]Baskol!$L$51="","",[2]Baskol!$L$51) | AD48: =IF([2]Baskol!$N$51="","",[2]Baskol!$N$51) | AE48: =IF([2]Baskol!$O$51="","",[2]Baskol!$O$51) | AG48: =IF([3]Entry!$C$51="","",[3]Entry!$C$51) | AH48: =IF([3]Entry!$D$51="","",[3]Entry!$D$51) | AI48: =IF([3]Entry!$E$51="","",[3]Entry!$E$51) | AJ48: =IF([3]Entry!$G$51="","",[3]Entry!$G$51) | AK48: =IF([3]Entry!$K$51="","",[3]Entry!$K$51) | AL48: =IF([3]Entry!$L$51="","",[3]Entry!$L$51) | AM48: =IF([3]Entry!$M$51="","",[3]Entry!$M$51) | AN48: =IF([3]Entry!$N$51="","",[3]Entry!$N$51) | AO48: =IF([3]Entry!$R$51="","",[3]Entry!$R$51) | AQ48: =IF(AND($D48<>"",$A48<>""),1,0) | AR48: =SUM($AQ$6:$AQ48) | AS48: =IFERROR(INDEX($A$6:$A$565,MATCH(ROW()-5,$AR$6:$AR$565,0)),"")
