Workbook
Name AcctTbl: Sync!$A$6:$G$565
Name AcctCodes: Sync!$A$6:$A$565
Name SellerPhone: Sync!$E$6:$E$565
Name SellerMobile: Sync!$F$6:$F$565
Name SellerAddr: Sync!$G$6:$G$565
Name OpTbl: Sync!$J$6:$L$25
Name ParamTbl: Sync!$N$6:$P$17
Name LdgSellerA: Ledger!$A$6:$A$2005
Name LdgKeyA: Ledger!$B$6:$B$2005
Name LdgRankKeyA: Ledger!$D$6:$D$2005
Name LdgSellerB: Ledger!$F$6:$F$2005
Name LdgKeyB: Ledger!$K$6:$K$2005
Name LdgRankKeyB: Ledger!$M$6:$M$2005
Name LdgDateB: Ledger!$J$6:$J$2005
Name LdgDepB: Sync!$AK$6:$AK$2005
Name LdgWitB: Sync!$AL$6:$AL$2005
Name LdgBankB: Sync!$AG$6:$AG$2005
Name LdgNoteB: Sync!$AM$6:$AM$2005
Name SCNormDate: Calc!$E$10:$E$2009
Name SCYM: Calc!$F$10:$F$2009
Name SCSeller: Calc!$G$10:$G$2009
Name SCOp: Calc!$H$10:$H$2009
Name SCSub: Calc!$I$10:$I$2009
Name SCCitrus: Calc!$J$10:$J$2009
Name SCNet: Calc!$M$10:$M$2009
Name SCAmount: Calc!$N$10:$N$2009
Name SCDoc: Calc!$O$10:$O$2009
Name SCNotes: Calc!$P$10:$P$2009
Name SCTime: Calc!$Q$10:$Q$2009

Sheet Report
A1: =IF(Sync!$N$6="","مازندشت",Sync!$N$6)&" — "&IF(Sync!$N$9="","سورتینگ و بسته‌بندی مرکبات",Sync!$N$9)
A2: =IF(Sync!$N$7="","باغدشت، بخش مرکزی، شهرستان قائم‌شهر، استان مازندران، ایران",Sync!$N$7)&" | MAZANDASHT · CITRUS SORTING & PACKING"
A3: ="صورت حساب — "&IFERROR(IF(VLOOKUP($C$5,AcctTbl,4,0)="","(بدون عنوان)",VLOOKUP($C$5,AcctTbl,4,0)),"کد را وارد کنید")
A5: کد حساب (ورود دستی): | C5: SL001 | E5: کد را از فایل INFO (شیت Accounts) وارد کنید — همه‌چیز این شیت خودکار به‌روز می‌شود. برای حساب دیگر، همین شیت را کپی و کد را عوض کنید.
A6: نام صاحب حساب: | C6: =IFERROR(IF(VLOOKUP($C$5,AcctTbl,4,0)="","(بدون عنوان)",VLOOKUP($C$5,AcctTbl,4,0)),"—")
A7: نوع حساب: | C7: =IFERROR(IF(VLOOKUP($C$5,AcctTbl,3,0)="",IF(VLOOKUP($C$5,AcctTbl,2,0)="","—",VLOOKUP($C$5,AcctTbl,2,0)),VLOOKUP($C$5,AcctTbl,3,0)),"—")
A8: تلفن / همراه: | C8: =IFERROR(IF(AND(INDEX(SellerPhone,MATCH($C$5,AcctCodes,0))="",INDEX(SellerMobile,MATCH($C$5,AcctCodes,0))=""),"—",TRIM(INDEX(SellerPhone,MATCH($C$5,AcctCodes,0))&" / "&INDEX(SellerMobile,MATCH($C$5,AcctCodes,0)))),"—")
A9: نشانی: | C9: =IFERROR(IF(INDEX(SellerAddr,MATCH($C$5,AcctCodes,0))="","—",INDEX(SellerAddr,MATCH($C$5,AcctCodes,0))),"—")
A10: مانده اولیه حساب (دستی): | C10: 0 | E10: اگر حساب از قبل مانده دارد اینجا بنویسید (مثبت = بدهکار) — در مانده‌ها اثر می‌گذارد.
A11: جمع بدهکار (ریال) | C11: جمع بستانکار (ریال) | E11: مانده نهایی حساب | G11: ماهیت حساب
A12: =SUM($G$17:$G$2016) | C12: =SUM($H$17:$H$2016) | E12: =IFERROR(LOOKUP(9.99E+307,$I$17:$I$2016),$C$10) | G12: =IF($E$12>0,"▲ بدهکار — به ما بدهکار است",IF($E$12<0,"▼ بستانکار — ما بدهکاریم","= تسویه شده"))
A13: تعداد توزین فروش | C13: تعداد پرداخت بانکی | E13: جمع وزن خالص فروش (kg) | G13: آخرین تراکنش
A14: =COUNTIF($C$17:$C$2016,"فروش")+COUNTIF($C$17:$C$2016,"مرجوعی فروش") | C14: =COUNTIF($C$17:$C$2016,"پرداخت بانکی") | E14: =SUMIF($C$17:$C$2016,"فروش",$F$17:$F$2016)-SUMIF($C$17:$C$2016,"مرجوعی فروش",$F$17:$F$2016) | G14: =IF(COUNT($I$17:$I$2016)=0,"—",INDEX($B$17:$B$2016,COUNT($I$17:$I$2016)))
A15: ردیف | B15: تاریخ | C15: نوع عملیات | D15: مرجع | E15: توضیحات | F15: وزن خالص (kg) | G15: بدهکار (ریال) | H15: بستانکار (ریال) | I15: مانده (ریال)
A16: No. | B16: Date | C16: Type | D16: Ref | E16: Description | F16: Net Weight | G16: Debit | H16: Credit | I16: Balance
A17: 1 | B17: =IF(AND($L17="",$M17=""),"",IF($L17<>"",INDEX(SCNormDate,$L17),INDEX(LdgDateB,$M17))) | C17: =IF($L17<>"",INDEX(SCOp,$L17),IF($M17<>"","پرداخت بانکی","")) | D17: =IF($L17<>"",IF(INDEX(SCDoc,$L17)="","—",INDEX(SCDoc,$L17)),IF($M17<>"",INDEX(LdgBankB,$M17),"")) | E17: =IF($L17<>"",IF(INDEX(SCCitrus,$L17)&INDEX(SCNotes,$L17)="","",IF(INDEX(SCCitrus,$L17)="","",INDEX(SCCitrus,$L17))&IF(INDEX(SCNotes,$L17)="",""," — "&INDEX(SCNotes,$L17))),IF($M17<>"",IF(INDEX(LdgNoteB,$M17)="","—",INDEX(LdgNoteB,$M17)),"")) | F17: =IF($L17<>"",IF(INDEX(SCNet,$L17)=0,"",INDEX(SCNet,$L17)),"") | G17: =IF($L17<>"",IF(INDEX(SCOp,$L17)="مرجوعی فروش","",IF(INDEX(SCAmount,$L17)<=0,"",INDEX(SCAmount,$L17))),IF($M17<>"",IF(INDEX(LdgWitB,$M17)=0,"",INDEX(LdgWitB,$M17)),"")) | H17: =IF($L17<>"",IF(INDEX(SCOp,$L17)="مرجوعی فروش",IF(INDEX(SCAmount,$L17)=0,"",-INDEX(SCAmount,$L17)),""),IF($M17<>"",IF(INDEX(LdgDepB,$M17)=0,"",INDEX(LdgDepB,$M17)),"")) | I17: =IF($B17="","",$C$10+IF($G17="",0,$G17)-IF($H17="",0,$H17)) | L17: =IFERROR(MATCH($C$5&"|"&RIGHT("000000"&1,6),LdgRankKeyA,0),"") | M17: =IFERROR(MATCH($C$5&"|"&RIGHT("000000"&1,6),LdgRankKeyB,0),"")
A18: 2 | B18: =IF(AND($L18="",$M18=""),"",IF($L18<>"",INDEX(SCNormDate,$L18),INDEX(LdgDateB,$M18))) | C18: =IF($L18<>"",INDEX(SCOp,$L18),IF($M18<>"","پرداخت بانکی","")) | D18: =IF($L18<>"",IF(INDEX(SCDoc,$L18)="","—",INDEX(SCDoc,$L18)),IF($M18<>"",INDEX(LdgBankB,$M18),"")) | E18: =IF($L18<>"",IF(INDEX(SCCitrus,$L18)&INDEX(SCNotes,$L18)="","",IF(INDEX(SCCitrus,$L18)="","",INDEX(SCCitrus,$L18))&IF(INDEX(SCNotes,$L18)="",""," — "&INDEX(SCNotes,$L18))),IF($M18<>"",IF(INDEX(LdgNoteB,$M18)="","—",INDEX(LdgNoteB,$M18)),"")) | F18: =IF($L18<>"",IF(INDEX(SCNet,$L18)=0,"",INDEX(SCNet,$L18)),"") | G18: =IF($L18<>"",IF(INDEX(SCOp,$L18)="مرجوعی فروش","",IF(INDEX(SCAmount,$L18)<=0,"",INDEX(SCAmount,$L18))),IF($M18<>"",IF(INDEX(LdgWitB,$M18)=0,"",INDEX(LdgWitB,$M18)),"")) | H18: =IF($L18<>"",IF(INDEX(SCOp,$L18)="مرجوعی فروش",IF(INDEX(SCAmount,$L18)=0,"",-INDEX(SCAmount,$L18)),""),IF($M18<>"",IF(INDEX(LdgDepB,$M18)=0,"",INDEX(LdgDepB,$M18)),"")) | I18: =IF($B18="","",IF($I17="",$C$10,$I17)+IF($G18="",0,$G18)-IF($H18="",0,$H18)) | L18: =IFERROR(MATCH($C$5&"|"&RIGHT("000000"&2,6),LdgRankKeyA,0),"") | M18: =IFERROR(MATCH($C$5&"|"&RIGHT("000000"&2,6),LdgRankKeyB,0),"")
A19: 3 | B19: =IF(AND($L19="",$M19=""),"",IF($L19<>"",INDEX(SCNormDate,$L19),INDEX(LdgDateB,$M19))) | C19: =IF($L19<>"",INDEX(SCOp,$L19),IF($M19<>"","پرداخت بانکی","")) | D19: =IF($L19<>"",IF(INDEX(SCDoc,$L19)="","—",INDEX(SCDoc,$L19)),IF($M19<>"",INDEX(LdgBankB,$M19),"")) | E19: =IF($L19<>"",IF(INDEX(SCCitrus,$L19)&INDEX(SCNotes,$L19)="","",IF(INDEX(SCCitrus,$L19)="","",INDEX(SCCitrus,$L19))&IF(INDEX(SCNotes,$L19)="",""," — "&INDEX(SCNotes,$L19))),IF($M19<>"",IF(INDEX(LdgNoteB,$M19)="","—",INDEX(LdgNoteB,$M19)),"")) | F19: =IF($L19<>"",IF(INDEX(SCNet,$L19)=0,"",INDEX(SCNet,$L19)),"") | G19: =IF($L19<>"",IF(INDEX(SCOp,$L19)="مرجوعی فروش","",IF(INDEX(SCAmount,$L19)<=0,"",INDEX(SCAmount,$L19))),IF($M19<>"",IF(INDEX(LdgWitB,$M19)=0,"",INDEX(LdgWitB,$M19)),"")) | H19: =IF($L19<>"",IF(INDEX(SCOp,$L19)="مرجوعی فروش",IF(INDEX(SCAmount,$L19)=0,"",-INDEX(SCAmount,$L19)),""),IF($M19<>"",IF(INDEX(LdgDepB,$M19)=0,"",INDEX(LdgDepB,$M19)),"")) | I19: =IF($B19="","",IF($I18="",$C$10,$I18)+IF($G19="",0,$G19)-IF($H19="",0,$H19)) | L19: =IFERROR(MATCH($C$5&"|"&RIGHT("000000"&3,6),LdgRankKeyA,0),"") | M19: =IFERROR(MATCH($C$5&"|"&RIGHT("000000"&3,6),LdgRankKeyB,0),"")
A20: 4 | B20: =IF(AND($L20="",$M20=""),"",IF($L20<>"",INDEX(SCNormDate,$L20),INDEX(LdgDateB,$M20))) | C20: =IF($L20<>"",INDEX(SCOp,$L20),IF($M20<>"","پرداخت بانکی","")) | D20: =IF($L20<>"",IF(INDEX(SCDoc,$L20)="","—",INDEX(SCDoc,$L20)),IF($M20<>"",INDEX(LdgBankB,$M20),"")) | E20: =IF($L20<>"",IF(INDEX(SCCitrus,$L20)&INDEX(SCNotes,$L20)="","",IF(INDEX(SCCitrus,$L20)="","",INDEX(SCCitrus,$L20))&IF(INDEX(SCNotes,$L20)="",""," — "&INDEX(SCNotes,$L20))),IF($M20<>"",IF(INDEX(LdgNoteB,$M20)="","—",INDEX(LdgNoteB,$M20)),"")) | F20: =IF($L20<>"",IF(INDEX(SCNet,$L20)=0,"",INDEX(SCNet,$L20)),"") | G20: =IF($L20<>"",IF(INDEX(SCOp,$L20)="مرجوعی فروش","",IF(INDEX(SCAmount,$L20)<=0,"",INDEX(SCAmount,$L20))),IF($M20<>"",IF(INDEX(LdgWitB,$M20)=0,"",INDEX(LdgWitB,$M20)),"")) | H20: =IF($L20<>"",IF(INDEX(SCOp,$L20)="مرجوعی فروش",IF(INDEX(SCAmount,$L20)=0,"",-INDEX(SCAmount,$L20)),""),IF($M20<>"",IF(INDEX(LdgDepB,$M20)=0,"",INDEX(LdgDepB,$M20)),"")) | I20: =IF($B20="","",IF($I19="",$C$10,$I19)+IF($G20="",0,$G20)-IF($H20="",0,$H20)) | L20: =IFERROR(MATCH($C$5&"|"&RIGHT("000000"&4,6),LdgRankKeyA,0),"") | M20: =IFERROR(MATCH($C$5&"|"&RIGHT("000000"&4,6),LdgRankKeyB,0),"")
A21: 5 | B21: =IF(AND($L21="",$M21=""),"",IF($L21<>"",INDEX(SCNormDate,$L21),INDEX(LdgDateB,$M21))) | C21: =IF($L21<>"",INDEX(SCOp,$L21),IF($M21<>"","پرداخت بانکی","")) | D21: =IF($L21<>"",IF(INDEX(SCDoc,$L21)="","—",INDEX(SCDoc,$L21)),IF($M21<>"",INDEX(LdgBankB,$M21),"")) | E21: =IF($L21<>"",IF(INDEX(SCCitrus,$L21)&INDEX(SCNotes,$L21)="","",IF(INDEX(SCCitrus,$L21)="","",INDEX(SCCitrus,$L21))&IF(INDEX(SCNotes,$L21)="",""," — "&INDEX(SCNotes,$L21))),IF($M21<>"",IF(INDEX(LdgNoteB,$M21)="","—",INDEX(LdgNoteB,$M21)),"")) | F21: =IF($L21<>"",IF(INDEX(SCNet,$L21)=0,"",INDEX(SCNet,$L21)),"") | G21: =IF($L21<>"",IF(INDEX(SCOp,$L21)="مرجوعی فروش","",IF(INDEX(SCAmount,$L21)<=0,"",INDEX(SCAmount,$L21))),IF($M21<>"",IF(INDEX(LdgWitB,$M21)=0,"",INDEX(LdgWitB,$M21)),"")) | H21: =IF($L21<>"",IF(INDEX(SCOp,$L21)="مرجوعی فروش",IF(INDEX(SCAmount,$L21)=0,"",-INDEX(SCAmount,$L21)),""),IF($M21<>"",IF(INDEX(LdgDepB,$M21)=0,"",INDEX(LdgDepB,$M21)),"")) | I21: =IF($B21="","",IF($I20="",$C$10,$I20)+IF($G21="",0,$G21)-IF($H21="",0,$H21)) | L21: =IFERROR(MATCH($C$5&"|"&RIGHT("000000"&5,6),LdgRankKeyA,0),"") | M21: =IFERROR(MATCH($C$5&"|"&RIGHT("000000"&5,6),LdgRankKeyB,0),"")
A22: 6 | B22: =IF(AND($L22="",$M22=""),"",IF($L22<>"",INDEX(SCNormDate,$L22),INDEX(LdgDateB,$M22))) | C22: =IF($L22<>"",INDEX(SCOp,$L22),IF($M22<>"","پرداخت بانکی","")) | D22: =IF($L22<>"",IF(INDEX(SCDoc,$L22)="","—",INDEX(SCDoc,$L22)),IF($M22<>"",INDEX(LdgBankB,$M22),"")) | E22: =IF($L22<>"",IF(INDEX(SCCitrus,$L22)&INDEX(SCNotes,$L22)="","",IF(INDEX(SCCitrus,$L22)="","",INDEX(SCCitrus,$L22))&IF(INDEX(SCNotes,$L22)="",""," — "&INDEX(SCNotes,$L22))),IF($M22<>"",IF(INDEX(LdgNoteB,$M22)="","—",INDEX(LdgNoteB,$M22)),"")) | F22: =IF($L22<>"",IF(INDEX(SCNet,$L22)=0,"",INDEX(SCNet,$L22)),"") | G22: =IF($L22<>"",IF(INDEX(SCOp,$L22)="مرجوعی فروش","",IF(INDEX(SCAmount,$L22)<=0,"",INDEX(SCAmount,$L22))),IF($M22<>"",IF(INDEX(LdgWitB,$M22)=0,"",INDEX(LdgWitB,$M22)),"")) | H22: =IF($L22<>"",IF(INDEX(SCOp,$L22)="مرجوعی فروش",IF(INDEX(SCAmount,$L22)=0,"",-INDEX(SCAmount,$L22)),""),IF($M22<>"",IF(INDEX(LdgDepB,$M22)=0,"",INDEX(LdgDepB,$M22)),"")) | I22: =IF($B22="","",IF($I21="",$C$10,$I21)+IF($G22="",0,$G22)-IF($H22="",0,$H22)) | L22: =IFERROR(MATCH($C$5&"|"&RIGHT("000000"&6,6),LdgRankKeyA,0),"") | M22: =IFERROR(MATCH($C$5&"|"&RIGHT("000000"&6,6),LdgRankKeyB,0),"")
A23: 7 | B23: =IF(AND($L23="",$M23=""),"",IF($L23<>"",INDEX(SCNormDate,$L23),INDEX(LdgDateB,$M23))) | C23: =IF($L23<>"",INDEX(SCOp,$L23),IF($M23<>"","پرداخت بانکی","")) | D23: =IF($L23<>"",IF(INDEX(SCDoc,$L23)="","—",INDEX(SCDoc,$L23)),IF($M23<>"",INDEX(LdgBankB,$M23),"")) | E23: =IF($L23<>"",IF(INDEX(SCCitrus,$L23)&INDEX(SCNotes,$L23)="","",IF(INDEX(SCCitrus,$L23)="","",INDEX(SCCitrus,$L23))&IF(INDEX(SCNotes,$L23)="",""," — "&INDEX(SCNotes,$L23))),IF($M23<>"",IF(INDEX(LdgNoteB,$M23)="","—",INDEX(LdgNoteB,$M23)),"")) | F23: =IF($L23<>"",IF(INDEX(SCNet,$L23)=0,"",INDEX(SCNet,$L23)),"") | G23: =IF($L23<>"",IF(INDEX(SCOp,$L23)="مرجوعی فروش","",IF(INDEX(SCAmount,$L23)<=0,"",INDEX(SCAmount,$L23))),IF($M23<>"",IF(INDEX(LdgWitB,$M23)=0,"",INDEX(LdgWitB,$M23)),"")) | H23: =IF($L23<>"",IF(INDEX(SCOp,$L23)="مرجوعی فروش",IF(INDEX(SCAmount,$L23)=0,"",-INDEX(SCAmount,$L23)),""),IF($M23<>"",IF(INDEX(LdgDepB,$M23)=0,"",INDEX(LdgDepB,$M23)),"")) | I23: =IF($B23="","",IF($I22="",$C$10,$I22)+IF($G23="",0,$G23)-IF($H23="",0,$H23)) | L23: =IFERROR(MATCH($C$5&"|"&RIGHT("000000"&7,6),LdgRankKeyA,0),"") | M23: =IFERROR(MATCH($C$5&"|"&RIGHT("000000"&7,6),LdgRankKeyB,0),"")
A24: 8 | B24: =IF(AND($L24="",$M24=""),"",IF($L24<>"",INDEX(SCNormDate,$L24),INDEX(LdgDateB,$M24))) | C24: =IF($L24<>"",INDEX(SCOp,$L24),IF($M24<>"","پرداخت بانکی","")) | D24: =IF($L24<>"",IF(INDEX(SCDoc,$L24)="","—",INDEX(SCDoc,$L24)),IF($M24<>"",INDEX(LdgBankB,$M24),"")) | E24: =IF($L24<>"",IF(INDEX(SCCitrus,$L24)&INDEX(SCNotes,$L24)="","",IF(INDEX(SCCitrus,$L24)="","",INDEX(SCCitrus,$L24))&IF(INDEX(SCNotes,$L24)="",""," — "&INDEX(SCNotes,$L24))),IF($M24<>"",IF(INDEX(LdgNoteB,$M24)="","—",INDEX(LdgNoteB,$M24)),"")) | F24: =IF($L24<>"",IF(INDEX(SCNet,$L24)=0,"",INDEX(SCNet,$L24)),"") | G24: =IF($L24<>"",IF(INDEX(SCOp,$L24)="مرجوعی فروش","",IF(INDEX(SCAmount,$L24)<=0,"",INDEX(SCAmount,$L24))),IF($M24<>"",IF(INDEX(LdgWitB,$M24)=0,"",INDEX(LdgWitB,$M24)),"")) | H24: =IF($L24<>"",IF(INDEX(SCOp,$L24)="مرجوعی فروش",IF(INDEX(SCAmount,$L24)=0,"",-INDEX(SCAmount,$L24)),""),IF($M24<>"",IF(INDEX(LdgDepB,$M24)=0,"",INDEX(LdgDepB,$M24)),"")) | I24: =IF($B24="","",IF($I23="",$C$10,$I23)+IF($G24="",0,$G24)-IF($H24="",0,$H24)) | L24: =IFERROR(MATCH($C$5&"|"&RIGHT("000000"&8,6),LdgRankKeyA,0),"") | M24: =IFERROR(MATCH($C$5&"|"&RIGHT("000000"&8,6),LdgRankKeyB,0),"")
A25: 9 | B25: =IF(AND($L25="",$M25=""),"",IF($L25<>"",INDEX(SCNormDate,$L25),INDEX(LdgDateB,$M25))) | C25: =IF($L25<>"",INDEX(SCOp,$L25),IF($M25<>"","پرداخت بانکی","")) | D25: =IF($L25<>"",IF(INDEX(SCDoc,$L25)="","—",INDEX(SCDoc,$L25)),IF($M25<>"",INDEX(LdgBankB,$M25),"")) | E25: =IF($L25<>"",IF(INDEX(SCCitrus,$L25)&INDEX(SCNotes,$L25)="","",IF(INDEX(SCCitrus,$L25)="","",INDEX(SCCitrus,$L25))&IF(INDEX(SCNotes,$L25)="",""," — "&INDEX(SCNotes,$L25))),IF($M25<>"",IF(INDEX(LdgNoteB,$M25)="","—",INDEX(LdgNoteB,$M25)),"")) | F25: =IF($L25<>"",IF(INDEX(SCNet,$L25)=0,"",INDEX(SCNet,$L25)),"") | G25: =IF($L25<>"",IF(INDEX(SCOp,$L25)="مرجوعی فروش","",IF(INDEX(SCAmount,$L25)<=0,"",INDEX(SCAmount,$L25))),IF($M25<>"",IF(INDEX(LdgWitB,$M25)=0,"",INDEX(LdgWitB,$M25)),"")) | H25: =IF($L25<>"",IF(INDEX(SCOp,$L25)="مرجوعی فروش",IF(INDEX(SCAmount,$L25)=0,"",-INDEX(SCAmount,$L25)),""),IF($M25<>"",IF(INDEX(LdgDepB,$M25)=0,"",INDEX(LdgDepB,$M25)),"")) | I25: =IF($B25="","",IF($I24="",$C$10,$I24)+IF($G25="",0,$G25)-IF($H25="",0,$H25)) | L25: =IFERROR(MATCH($C$5&"|"&RIGHT("000000"&9,6),LdgRankKeyA,0),"") | M25: =IFERROR(MATCH($C$5&"|"&RIGHT("000000"&9,6),LdgRankKeyB,0),"")
A26: 10 | B26: =IF(AND($L26="",$M26=""),"",IF($L26<>"",INDEX(SCNormDate,$L26),INDEX(LdgDateB,$M26))) | C26: =IF($L26<>"",INDEX(SCOp,$L26),IF($M26<>"","پرداخت بانکی","")) | D26: =IF($L26<>"",IF(INDEX(SCDoc,$L26)="","—",INDEX(SCDoc,$L26)),IF($M26<>"",INDEX(LdgBankB,$M26),"")) | E26: =IF($L26<>"",IF(INDEX(SCCitrus,$L26)&INDEX(SCNotes,$L26)="","",IF(INDEX(SCCitrus,$L26)="","",INDEX(SCCitrus,$L26))&IF(INDEX(SCNotes,$L26)="",""," — "&INDEX(SCNotes,$L26))),IF($M26<>"",IF(INDEX(LdgNoteB,$M26)="","—",INDEX(LdgNoteB,$M26)),"")) | F26: =IF($L26<>"",IF(INDEX(SCNet,$L26)=0,"",INDEX(SCNet,$L26)),"") | G26: =IF($L26<>"",IF(INDEX(SCOp,$L26)="مرجوعی فروش","",IF(INDEX(SCAmount,$L26)<=0,"",INDEX(SCAmount,$L26))),IF($M26<>"",IF(INDEX(LdgWitB,$M26)=0,"",INDEX(LdgWitB,$M26)),"")) | H26: =IF($L26<>"",IF(INDEX(SCOp,$L26)="مرجوعی فروش",IF(INDEX(SCAmount,$L26)=0,"",-INDEX(SCAmount,$L26)),""),IF($M26<>"",IF(INDEX(LdgDepB,$M26)=0,"",INDEX(LdgDepB,$M26)),"")) | I26: =IF($B26="","",IF($I25="",$C$10,$I25)+IF($G26="",0,$G26)-IF($H26="",0,$H26)) | L26: =IFERROR(MATCH($C$5&"|"&RIGHT("000000"&10,6),LdgRankKeyA,0),"") | M26: =IFERROR(MATCH($C$5&"|"&RIGHT("000000"&10,6),LdgRankKeyB,0),"")
A27: 11 | B27: =IF(AND($L27="",$M27=""),"",IF($L27<>"",INDEX(SCNormDate,$L27),INDEX(LdgDateB,$M27))) | C27: =IF($L27<>"",INDEX(SCOp,$L27),IF($M27<>"","پرداخت بانکی","")) | D27: =IF($L27<>"",IF(INDEX(SCDoc,$L27)="","—",INDEX(SCDoc,$L27)),IF($M27<>"",INDEX(LdgBankB,$M27),"")) | E27: =IF($L27<>"",IF(INDEX(SCCitrus,$L27)&INDEX(SCNotes,$L27)="","",IF(INDEX(SCCitrus,$L27)="","",INDEX(SCCitrus,$L27))&IF(INDEX(SCNotes,$L27)="",""," — "&INDEX(SCNotes,$L27))),IF($M27<>"",IF(INDEX(LdgNoteB,$M27)="","—",INDEX(LdgNoteB,$M27)),"")) | F27: =IF($L27<>"",IF(INDEX(SCNet,$L27)=0,"",INDEX(SCNet,$L27)),"") | G27: =IF($L27<>"",IF(INDEX(SCOp,$L27)="مرجوعی فروش","",IF(INDEX(SCAmount,$L27)<=0,"",INDEX(SCAmount,$L27))),IF($M27<>"",IF(INDEX(LdgWitB,$M27)=0,"",INDEX(LdgWitB,$M27)),"")) | H27: =IF($L27<>"",IF(INDEX(SCOp,$L27)="مرجوعی فروش",IF(INDEX(SCAmount,$L27)=0,"",-INDEX(SCAmount,$L27)),""),IF($M27<>"",IF(INDEX(LdgDepB,$M27)=0,"",INDEX(LdgDepB,$M27)),"")) | I27: =IF($B27="","",IF($I26="",$C$10,$I26)+IF($G27="",0,$G27)-IF($H27="",0,$H27)) | L27: =IFERROR(MATCH($C$5&"|"&RIGHT("000000"&11,6),LdgRankKeyA,0),"") | M27: =IFERROR(MATCH($C$5&"|"&RIGHT("000000"&11,6),LdgRankKeyB,0),"")
A28: 12 | B28: =IF(AND($L28="",$M28=""),"",IF($L28<>"",INDEX(SCNormDate,$L28),INDEX(LdgDateB,$M28))) | C28: =IF($L28<>"",INDEX(SCOp,$L28),IF($M28<>"","پرداخت بانکی","")) | D28: =IF($L28<>"",IF(INDEX(SCDoc,$L28)="","—",INDEX(SCDoc,$L28)),IF($M28<>"",INDEX(LdgBankB,$M28),"")) | E28: =IF($L28<>"",IF(INDEX(SCCitrus,$L28)&INDEX(SCNotes,$L28)="","",IF(INDEX(SCCitrus,$L28)="","",INDEX(SCCitrus,$L28))&IF(INDEX(SCNotes,$L28)="",""," — "&INDEX(SCNotes,$L28))),IF($M28<>"",IF(INDEX(LdgNoteB,$M28)="","—",INDEX(LdgNoteB,$M28)),"")) | F28: =IF($L28<>"",IF(INDEX(SCNet,$L28)=0,"",INDEX(SCNet,$L28)),"") | G28: =IF($L28<>"",IF(INDEX(SCOp,$L28)="مرجوعی فروش","",IF(INDEX(SCAmount,$L28)<=0,"",INDEX(SCAmount,$L28))),IF($M28<>"",IF(INDEX(LdgWitB,$M28)=0,"",INDEX(LdgWitB,$M28)),"")) | H28: =IF($L28<>"",IF(INDEX(SCOp,$L28)="مرجوعی فروش",IF(INDEX(SCAmount,$L28)=0,"",-INDEX(SCAmount,$L28)),""),IF($M28<>"",IF(INDEX(LdgDepB,$M28)=0,"",INDEX(LdgDepB,$M28)),"")) | I28: =IF($B28="","",IF($I27="",$C$10,$I27)+IF($G28="",0,$G28)-IF($H28="",0,$H28)) | L28: =IFERROR(MATCH($C$5&"|"&RIGHT("000000"&12,6),LdgRankKeyA,0),"") | M28: =IFERROR(MATCH($C$5&"|"&RIGHT("000000"&12,6),LdgRankKeyB,0),"")
A29: 13 | B29: =IF(AND($L29="",$M29=""),"",IF($L29<>"",INDEX(SCNormDate,$L29),INDEX(LdgDateB,$M29))) | C29: =IF($L29<>"",INDEX(SCOp,$L29),IF($M29<>"","پرداخت بانکی","")) | D29: =IF($L29<>"",IF(INDEX(SCDoc,$L29)="","—",INDEX(SCDoc,$L29)),IF($M29<>"",INDEX(LdgBankB,$M29),"")) | E29: =IF($L29<>"",IF(INDEX(SCCitrus,$L29)&INDEX(SCNotes,$L29)="","",IF(INDEX(SCCitrus,$L29)="","",INDEX(SCCitrus,$L29))&IF(INDEX(SCNotes,$L29)="",""," — "&INDEX(SCNotes,$L29))),IF($M29<>"",IF(INDEX(LdgNoteB,$M29)="","—",INDEX(LdgNoteB,$M29)),"")) | F29: =IF($L29<>"",IF(INDEX(SCNet,$L29)=0,"",INDEX(SCNet,$L29)),"") | G29: =IF($L29<>"",IF(INDEX(SCOp,$L29)="مرجوعی فروش","",IF(INDEX(SCAmount,$L29)<=0,"",INDEX(SCAmount,$L29))),IF($M29<>"",IF(INDEX(LdgWitB,$M29)=0,"",INDEX(LdgWitB,$M29)),"")) | H29: =IF($L29<>"",IF(INDEX(SCOp,$L29)="مرجوعی فروش",IF(INDEX(SCAmount,$L29)=0,"",-INDEX(SCAmount,$L29)),""),IF($M29<>"",IF(INDEX(LdgDepB,$M29)=0,"",INDEX(LdgDepB,$M29)),"")) | I29: =IF($B29="","",IF($I28="",$C$10,$I28)+IF($G29="",0,$G29)-IF($H29="",0,$H29)) | L29: =IFERROR(MATCH($C$5&"|"&RIGHT("000000"&13,6),LdgRankKeyA,0),"") | M29: =IFERROR(MATCH($C$5&"|"&RIGHT("000000"&13,6),LdgRankKeyB,0),"")
A30: 14 | B30: =IF(AND($L30="",$M30=""),"",IF($L30<>"",INDEX(SCNormDate,$L30),INDEX(LdgDateB,$M30))) | C30: =IF($L30<>"",INDEX(SCOp,$L30),IF($M30<>"","پرداخت بانکی","")) | D30: =IF($L30<>"",IF(INDEX(SCDoc,$L30)="","—",INDEX(SCDoc,$L30)),IF($M30<>"",INDEX(LdgBankB,$M30),"")) | E30: =IF($L30<>"",IF(INDEX(SCCitrus,$L30)&INDEX(SCNotes,$L30)="","",IF(INDEX(SCCitrus,$L30)="","",INDEX(SCCitrus,$L30))&IF(INDEX(SCNotes,$L30)="",""," — "&INDEX(SCNotes,$L30))),IF($M30<>"",IF(INDEX(LdgNoteB,$M30)="","—",INDEX(LdgNoteB,$M30)),"")) | F30: =IF($L30<>"",IF(INDEX(SCNet,$L30)=0,"",INDEX(SCNet,$L30)),"") | G30: =IF($L30<>"",IF(INDEX(SCOp,$L30)="مرجوعی فروش","",IF(INDEX(SCAmount,$L30)<=0,"",INDEX(SCAmount,$L30))),IF($M30<>"",IF(INDEX(LdgWitB,$M30)=0,"",INDEX(LdgWitB,$M30)),"")) | H30: =IF($L30<>"",IF(INDEX(SCOp,$L30)="مرجوعی فروش",IF(INDEX(SCAmount,$L30)=0,"",-INDEX(SCAmount,$L30)),""),IF($M30<>"",IF(INDEX(LdgDepB,$M30)=0,"",INDEX(LdgDepB,$M30)),"")) | I30: =IF($B30="","",IF($I29="",$C$10,$I29)+IF($G30="",0,$G30)-IF($H30="",0,$H30)) | L30: =IFERROR(MATCH($C$5&"|"&RIGHT("000000"&14,6),LdgRankKeyA,0),"") | M30: =IFERROR(MATCH($C$5&"|"&RIGHT("000000"&14,6),LdgRankKeyB,0),"")
A31: 15 | B31: =IF(AND($L31="",$M31=""),"",IF($L31<>"",INDEX(SCNormDate,$L31),INDEX(LdgDateB,$M31))) | C31: =IF($L31<>"",INDEX(SCOp,$L31),IF($M31<>"","پرداخت بانکی","")) | D31: =IF($L31<>"",IF(INDEX(SCDoc,$L31)="","—",INDEX(SCDoc,$L31)),IF($M31<>"",INDEX(LdgBankB,$M31),"")) | E31: =IF($L31<>"",IF(INDEX(SCCitrus,$L31)&INDEX(SCNotes,$L31)="","",IF(INDEX(SCCitrus,$L31)="","",INDEX(SCCitrus,$L31))&IF(INDEX(SCNotes,$L31)="",""," — "&INDEX(SCNotes,$L31))),IF($M31<>"",IF(INDEX(LdgNoteB,$M31)="","—",INDEX(LdgNoteB,$M31)),"")) | F31: =IF($L31<>"",IF(INDEX(SCNet,$L31)=0,"",INDEX(SCNet,$L31)),"") | G31: =IF($L31<>"",IF(INDEX(SCOp,$L31)="مرجوعی فروش","",IF(INDEX(SCAmount,$L31)<=0,"",INDEX(SCAmount,$L31))),IF($M31<>"",IF(INDEX(LdgWitB,$M31)=0,"",INDEX(LdgWitB,$M31)),"")) | H31: =IF($L31<>"",IF(INDEX(SCOp,$L31)="مرجوعی فروش",IF(INDEX(SCAmount,$L31)=0,"",-INDEX(SCAmount,$L31)),""),IF($M31<>"",IF(INDEX(LdgDepB,$M31)=0,"",INDEX(LdgDepB,$M31)),"")) | I31: =IF($B31="","",IF($I30="",$C$10,$I30)+IF($G31="",0,$G31)-IF($H31="",0,$H31)) | L31: =IFERROR(MATCH($C$5&"|"&RIGHT("000000"&15,6),LdgRankKeyA,0),"") | M31: =IFERROR(MATCH($C$5&"|"&RIGHT("000000"&15,6),LdgRankKeyB,0),"")
A32: 16 | B32: =IF(AND($L32="",$M32=""),"",IF($L32<>"",INDEX(SCNormDate,$L32),INDEX(LdgDateB,$M32))) | C32: =IF($L32<>"",INDEX(SCOp,$L32),IF($M32<>"","پرداخت بانکی","")) | D32: =IF($L32<>"",IF(INDEX(SCDoc,$L32)="","—",INDEX(SCDoc,$L32)),IF($M32<>"",INDEX(LdgBankB,$M32),"")) | E32: =IF($L32<>"",IF(INDEX(SCCitrus,$L32)&INDEX(SCNotes,$L32)="","",IF(INDEX(SCCitrus,$L32)="","",INDEX(SCCitrus,$L32))&IF(INDEX(SCNotes,$L32)="",""," — "&INDEX(SCNotes,$L32))),IF($M32<>"",IF(INDEX(LdgNoteB,$M32)="","—",INDEX(LdgNoteB,$M32)),"")) | F32: =IF($L32<>"",IF(INDEX(SCNet,$L32)=0,"",INDEX(SCNet,$L32)),"") | G32: =IF($L32<>"",IF(INDEX(SCOp,$L32)="مرجوعی فروش","",IF(INDEX(SCAmount,$L32)<=0,"",INDEX(SCAmount,$L32))),IF($M32<>"",IF(INDEX(LdgWitB,$M32)=0,"",INDEX(LdgWitB,$M32)),"")) | H32: =IF($L32<>"",IF(INDEX(SCOp,$L32)="مرجوعی فروش",IF(INDEX(SCAmount,$L32)=0,"",-INDEX(SCAmount,$L32)),""),IF($M32<>"",IF(INDEX(LdgDepB,$M32)=0,"",INDEX(LdgDepB,$M32)),"")) | I32: =IF($B32="","",IF($I31="",$C$10,$I31)+IF($G32="",0,$G32)-IF($H32="",0,$H32)) | L32: =IFERROR(MATCH($C$5&"|"&RIGHT("000000"&16,6),LdgRankKeyA,0),"") | M32: =IFERROR(MATCH($C$5&"|"&RIGHT("000000"&16,6),LdgRankKeyB,0),"")
A33: 17 | B33: =IF(AND($L33="",$M33=""),"",IF($L33<>"",INDEX(SCNormDate,$L33),INDEX(LdgDateB,$M33))) | C33: =IF($L33<>"",INDEX(SCOp,$L33),IF($M33<>"","پرداخت بانکی","")) | D33: =IF($L33<>"",IF(INDEX(SCDoc,$L33)="","—",INDEX(SCDoc,$L33)),IF($M33<>"",INDEX(LdgBankB,$M33),"")) | E33: =IF($L33<>"",IF(INDEX(SCCitrus,$L33)&INDEX(SCNotes,$L33)="","",IF(INDEX(SCCitrus,$L33)="","",INDEX(SCCitrus,$L33))&IF(INDEX(SCNotes,$L33)="",""," — "&INDEX(SCNotes,$L33))),IF($M33<>"",IF(INDEX(LdgNoteB,$M33)="","—",INDEX(LdgNoteB,$M33)),"")) | F33: =IF($L33<>"",IF(INDEX(SCNet,$L33)=0,"",INDEX(SCNet,$L33)),"") | G33: =IF($L33<>"",IF(INDEX(SCOp,$L33)="مرجوعی فروش","",IF(INDEX(SCAmount,$L33)<=0,"",INDEX(SCAmount,$L33))),IF($M33<>"",IF(INDEX(LdgWitB,$M33)=0,"",INDEX(LdgWitB,$M33)),"")) | H33: =IF($L33<>"",IF(INDEX(SCOp,$L33)="مرجوعی فروش",IF(INDEX(SCAmount,$L33)=0,"",-INDEX(SCAmount,$L33)),""),IF($M33<>"",IF(INDEX(LdgDepB,$M33)=0,"",INDEX(LdgDepB,$M33)),"")) | I33: =IF($B33="","",IF($I32="",$C$10,$I32)+IF($G33="",0,$G33)-IF($H33="",0,$H33)) | L33: =IFERROR(MATCH($C$5&"|"&RIGHT("000000"&17,6),LdgRankKeyA,0),"") | M33: =IFERROR(MATCH($C$5&"|"&RIGHT("000000"&17,6),LdgRankKeyB,0),"")
A34: 18 | B34: =IF(AND($L34="",$M34=""),"",IF($L34<>"",INDEX(SCNormDate,$L34),INDEX(LdgDateB,$M34))) | C34: =IF($L34<>"",INDEX(SCOp,$L34),IF($M34<>"","پرداخت بانکی","")) | D34: =IF($L34<>"",IF(INDEX(SCDoc,$L34)="","—",INDEX(SCDoc,$L34)),IF($M34<>"",INDEX(LdgBankB,$M34),"")) | E34: =IF($L34<>"",IF(INDEX(SCCitrus,$L34)&INDEX(SCNotes,$L34)="","",IF(INDEX(SCCitrus,$L34)="","",INDEX(SCCitrus,$L34))&IF(INDEX(SCNotes,$L34)="",""," — "&INDEX(SCNotes,$L34))),IF($M34<>"",IF(INDEX(LdgNoteB,$M34)="","—",INDEX(LdgNoteB,$M34)),"")) | F34: =IF($L34<>"",IF(INDEX(SCNet,$L34)=0,"",INDEX(SCNet,$L34)),"") | G34: =IF($L34<>"",IF(INDEX(SCOp,$L34)="مرجوعی فروش","",IF(INDEX(SCAmount,$L34)<=0,"",INDEX(SCAmount,$L34))),IF($M34<>"",IF(INDEX(LdgWitB,$M34)=0,"",INDEX(LdgWitB,$M34)),"")) | H34: =IF($L34<>"",IF(INDEX(SCOp,$L34)="مرجوعی فروش",IF(INDEX(SCAmount,$L34)=0,"",-INDEX(SCAmount,$L34)),""),IF($M34<>"",IF(INDEX(LdgDepB,$M34)=0,"",INDEX(LdgDepB,$M34)),"")) | I34: =IF($B34="","",IF($I33="",$C$10,$I33)+IF($G34="",0,$G34)-IF($H34="",0,$H34)) | L34: =IFERROR(MATCH($C$5&"|"&RIGHT("000000"&18,6),LdgRankKeyA,0),"") | M34: =IFERROR(MATCH($C$5&"|"&RIGHT("000000"&18,6),LdgRankKeyB,0),"")
A35: 19 | B35: =IF(AND($L35="",$M35=""),"",IF($L35<>"",INDEX(SCNormDate,$L35),INDEX(LdgDateB,$M35))) | C35: =IF($L35<>"",INDEX(SCOp,$L35),IF($M35<>"","پرداخت بانکی","")) | D35: =IF($L35<>"",IF(INDEX(SCDoc,$L35)="","—",INDEX(SCDoc,$L35)),IF($M35<>"",INDEX(LdgBankB,$M35),"")) | E35: =IF($L35<>"",IF(INDEX(SCCitrus,$L35)&INDEX(SCNotes,$L35)="","",IF(INDEX(SCCitrus,$L35)="","",INDEX(SCCitrus,$L35))&IF(INDEX(SCNotes,$L35)="",""," — "&INDEX(SCNotes,$L35))),IF($M35<>"",IF(INDEX(LdgNoteB,$M35)="","—",INDEX(LdgNoteB,$M35)),"")) | F35: =IF($L35<>"",IF(INDEX(SCNet,$L35)=0,"",INDEX(SCNet,$L35)),"") | G35: =IF($L35<>"",IF(INDEX(SCOp,$L35)="مرجوعی فروش","",IF(INDEX(SCAmount,$L35)<=0,"",INDEX(SCAmount,$L35))),IF($M35<>"",IF(INDEX(LdgWitB,$M35)=0,"",INDEX(LdgWitB,$M35)),"")) | H35: =IF($L35<>"",IF(INDEX(SCOp,$L35)="مرجوعی فروش",IF(INDEX(SCAmount,$L35)=0,"",-INDEX(SCAmount,$L35)),""),IF($M35<>"",IF(INDEX(LdgDepB,$M35)=0,"",INDEX(LdgDepB,$M35)),"")) | I35: =IF($B35="","",IF($I34="",$C$10,$I34)+IF($G35="",0,$G35)-IF($H35="",0,$H35)) | L35: =IFERROR(MATCH($C$5&"|"&RIGHT("000000"&19,6),LdgRankKeyA,0),"") | M35: =IFERROR(MATCH($C$5&"|"&RIGHT("000000"&19,6),LdgRankKeyB,0),"")
A36: 20 | B36: =IF(AND($L36="",$M36=""),"",IF($L36<>"",INDEX(SCNormDate,$L36),INDEX(LdgDateB,$M36))) | C36: =IF($L36<>"",INDEX(SCOp,$L36),IF($M36<>"","پرداخت بانکی","")) | D36: =IF($L36<>"",IF(INDEX(SCDoc,$L36)="","—",INDEX(SCDoc,$L36)),IF($M36<>"",INDEX(LdgBankB,$M36),"")) | E36: =IF($L36<>"",IF(INDEX(SCCitrus,$L36)&INDEX(SCNotes,$L36)="","",IF(INDEX(SCCitrus,$L36)="","",INDEX(SCCitrus,$L36))&IF(INDEX(SCNotes,$L36)="",""," — "&INDEX(SCNotes,$L36))),IF($M36<>"",IF(INDEX(LdgNoteB,$M36)="","—",INDEX(LdgNoteB,$M36)),"")) | F36: =IF($L36<>"",IF(INDEX(SCNet,$L36)=0,"",INDEX(SCNet,$L36)),"") | G36: =IF($L36<>"",IF(INDEX(SCOp,$L36)="مرجوعی فروش","",IF(INDEX(SCAmount,$L36)<=0,"",INDEX(SCAmount,$L36))),IF($M36<>"",IF(INDEX(LdgWitB,$M36)=0,"",INDEX(LdgWitB,$M36)),"")) | H36: =IF($L36<>"",IF(INDEX(SCOp,$L36)="مرجوعی فروش",IF(INDEX(SCAmount,$L36)=0,"",-INDEX(SCAmount,$L36)),""),IF($M36<>"",IF(INDEX(LdgDepB,$M36)=0,"",INDEX(LdgDepB,$M36)),"")) | I36: =IF($B36="","",IF($I35="",$C$10,$I35)+IF($G36="",0,$G36)-IF($H36="",0,$H36)) | L36: =IFERROR(MATCH($C$5&"|"&RIGHT("000000"&20,6),LdgRankKeyA,0),"") | M36: =IFERROR(MATCH($C$5&"|"&RIGHT("000000"&20,6),LdgRankKeyB,0),"")
A37: 21 | B37: =IF(AND($L37="",$M37=""),"",IF($L37<>"",INDEX(SCNormDate,$L37),INDEX(LdgDateB,$M37))) | C37: =IF($L37<>"",INDEX(SCOp,$L37),IF($M37<>"","پرداخت بانکی","")) | D37: =IF($L37<>"",IF(INDEX(SCDoc,$L37)="","—",INDEX(SCDoc,$L37)),IF($M37<>"",INDEX(LdgBankB,$M37),"")) | E37: =IF($L37<>"",IF(INDEX(SCCitrus,$L37)&INDEX(SCNotes,$L37)="","",IF(INDEX(SCCitrus,$L37)="","",INDEX(SCCitrus,$L37))&IF(INDEX(SCNotes,$L37)="",""," — "&INDEX(SCNotes,$L37))),IF($M37<>"",IF(INDEX(LdgNoteB,$M37)="","—",INDEX(LdgNoteB,$M37)),"")) | F37: =IF($L37<>"",IF(INDEX(SCNet,$L37)=0,"",INDEX(SCNet,$L37)),"") | G37: =IF($L37<>"",IF(INDEX(SCOp,$L37)="مرجوعی فروش","",IF(INDEX(SCAmount,$L37)<=0,"",INDEX(SCAmount,$L37))),IF($M37<>"",IF(INDEX(LdgWitB,$M37)=0,"",INDEX(LdgWitB,$M37)),"")) | H37: =IF($L37<>"",IF(INDEX(SCOp,$L37)="مرجوعی فروش",IF(INDEX(SCAmount,$L37)=0,"",-INDEX(SCAmount,$L37)),""),IF($M37<>"",IF(INDEX(LdgDepB,$M37)=0,"",INDEX(LdgDepB,$M37)),"")) | I37: =IF($B37="","",IF($I36="",$C$10,$I36)+IF($G37="",0,$G37)-IF($H37="",0,$H37)) | L37: =IFERROR(MATCH($C$5&"|"&RIGHT("000000"&21,6),LdgRankKeyA,0),"") | M37: =IFERROR(MATCH($C$5&"|"&RIGHT("000000"&21,6),LdgRankKeyB,0),"")
A38: 22 | B38: =IF(AND($L38="",$M38=""),"",IF($L38<>"",INDEX(SCNormDate,$L38),INDEX(LdgDateB,$M38))) | C38: =IF($L38<>"",INDEX(SCOp,$L38),IF($M38<>"","پرداخت بانکی","")) | D38: =IF($L38<>"",IF(INDEX(SCDoc,$L38)="","—",INDEX(SCDoc,$L38)),IF($M38<>"",INDEX(LdgBankB,$M38),"")) | E38: =IF($L38<>"",IF(INDEX(SCCitrus,$L38)&INDEX(SCNotes,$L38)="","",IF(INDEX(SCCitrus,$L38)="","",INDEX(SCCitrus,$L38))&IF(INDEX(SCNotes,$L38)="",""," — "&INDEX(SCNotes,$L38))),IF($M38<>"",IF(INDEX(LdgNoteB,$M38)="","—",INDEX(LdgNoteB,$M38)),"")) | F38: =IF($L38<>"",IF(INDEX(SCNet,$L38)=0,"",INDEX(SCNet,$L38)),"") | G38: =IF($L38<>"",IF(INDEX(SCOp,$L38)="مرجوعی فروش","",IF(INDEX(SCAmount,$L38)<=0,"",INDEX(SCAmount,$L38))),IF($M38<>"",IF(INDEX(LdgWitB,$M38)=0,"",INDEX(LdgWitB,$M38)),"")) | H38: =IF($L38<>"",IF(INDEX(SCOp,$L38)="مرجوعی فروش",IF(INDEX(SCAmount,$L38)=0,"",-INDEX(SCAmount,$L38)),""),IF($M38<>"",IF(INDEX(LdgDepB,$M38)=0,"",INDEX(LdgDepB,$M38)),"")) | I38: =IF($B38="","",IF($I37="",$C$10,$I37)+IF($G38="",0,$G38)-IF($H38="",0,$H38)) | L38: =IFERROR(MATCH($C$5&"|"&RIGHT("000000"&22,6),LdgRankKeyA,0),"") | M38: =IFERROR(MATCH($C$5&"|"&RIGHT("000000"&22,6),LdgRankKeyB,0),"")
A39: 23 | B39: =IF(AND($L39="",$M39=""),"",IF($L39<>"",INDEX(SCNormDate,$L39),INDEX(LdgDateB,$M39))) | C39: =IF($L39<>"",INDEX(SCOp,$L39),IF($M39<>"","پرداخت بانکی","")) | D39: =IF($L39<>"",IF(INDEX(SCDoc,$L39)="","—",INDEX(SCDoc,$L39)),IF($M39<>"",INDEX(LdgBankB,$M39),"")) | E39: =IF($L39<>"",IF(INDEX(SCCitrus,$L39)&INDEX(SCNotes,$L39)="","",IF(INDEX(SCCitrus,$L39)="","",INDEX(SCCitrus,$L39))&IF(INDEX(SCNotes,$L39)="",""," — "&INDEX(SCNotes,$L39))),IF($M39<>"",IF(INDEX(LdgNoteB,$M39)="","—",INDEX(LdgNoteB,$M39)),"")) | F39: =IF($L39<>"",IF(INDEX(SCNet,$L39)=0,"",INDEX(SCNet,$L39)),"") | G39: =IF($L39<>"",IF(INDEX(SCOp,$L39)="مرجوعی فروش","",IF(INDEX(SCAmount,$L39)<=0,"",INDEX(SCAmount,$L39))),IF($M39<>"",IF(INDEX(LdgWitB,$M39)=0,"",INDEX(LdgWitB,$M39)),"")) | H39: =IF($L39<>"",IF(INDEX(SCOp,$L39)="مرجوعی فروش",IF(INDEX(SCAmount,$L39)=0,"",-INDEX(SCAmount,$L39)),""),IF($M39<>"",IF(INDEX(LdgDepB,$M39)=0,"",INDEX(LdgDepB,$M39)),"")) | I39: =IF($B39="","",IF($I38="",$C$10,$I38)+IF($G39="",0,$G39)-IF($H39="",0,$H39)) | L39: =IFERROR(MATCH($C$5&"|"&RIGHT("000000"&23,6),LdgRankKeyA,0),"") | M39: =IFERROR(MATCH($C$5&"|"&RIGHT("000000"&23,6),LdgRankKeyB,0),"")
A40: 24 | B40: =IF(AND($L40="",$M40=""),"",IF($L40<>"",INDEX(SCNormDate,$L40),INDEX(LdgDateB,$M40))) | C40: =IF($L40<>"",INDEX(SCOp,$L40),IF($M40<>"","پرداخت بانکی","")) | D40: =IF($L40<>"",IF(INDEX(SCDoc,$L40)="","—",INDEX(SCDoc,$L40)),IF($M40<>"",INDEX(LdgBankB,$M40),"")) | E40: =IF($L40<>"",IF(INDEX(SCCitrus,$L40)&INDEX(SCNotes,$L40)="","",IF(INDEX(SCCitrus,$L40)="","",INDEX(SCCitrus,$L40))&IF(INDEX(SCNotes,$L40)="",""," — "&INDEX(SCNotes,$L40))),IF($M40<>"",IF(INDEX(LdgNoteB,$M40)="","—",INDEX(LdgNoteB,$M40)),"")) | F40: =IF($L40<>"",IF(INDEX(SCNet,$L40)=0,"",INDEX(SCNet,$L40)),"") | G40: =IF($L40<>"",IF(INDEX(SCOp,$L40)="مرجوعی فروش","",IF(INDEX(SCAmount,$L40)<=0,"",INDEX(SCAmount,$L40))),IF($M40<>"",IF(INDEX(LdgWitB,$M40)=0,"",INDEX(LdgWitB,$M40)),"")) | H40: =IF($L40<>"",IF(INDEX(SCOp,$L40)="مرجوعی فروش",IF(INDEX(SCAmount,$L40)=0,"",-INDEX(SCAmount,$L40)),""),IF($M40<>"",IF(INDEX(LdgDepB,$M40)=0,"",INDEX(LdgDepB,$M40)),"")) | I40: =IF($B40="","",IF($I39="",$C$10,$I39)+IF($G40="",0,$G40)-IF($H40="",0,$H40)) | L40: =IFERROR(MATCH($C$5&"|"&RIGHT("000000"&24,6),LdgRankKeyA,0),"") | M40: =IFERROR(MATCH($C$5&"|"&RIGHT("000000"&24,6),LdgRankKeyB,0),"")
A41: 25 | B41: =IF(AND($L41="",$M41=""),"",IF($L41<>"",INDEX(SCNormDate,$L41),INDEX(LdgDateB,$M41))) | C41: =IF($L41<>"",INDEX(SCOp,$L41),IF($M41<>"","پرداخت بانکی","")) | D41: =IF($L41<>"",IF(INDEX(SCDoc,$L41)="","—",INDEX(SCDoc,$L41)),IF($M41<>"",INDEX(LdgBankB,$M41),"")) | E41: =IF($L41<>"",IF(INDEX(SCCitrus,$L41)&INDEX(SCNotes,$L41)="","",IF(INDEX(SCCitrus,$L41)="","",INDEX(SCCitrus,$L41))&IF(INDEX(SCNotes,$L41)="",""," — "&INDEX(SCNotes,$L41))),IF($M41<>"",IF(INDEX(LdgNoteB,$M41)="","—",INDEX(LdgNoteB,$M41)),"")) | F41: =IF($L41<>"",IF(INDEX(SCNet,$L41)=0,"",INDEX(SCNet,$L41)),"") | G41: =IF($L41<>"",IF(INDEX(SCOp,$L41)="مرجوعی فروش","",IF(INDEX(SCAmount,$L41)<=0,"",INDEX(SCAmount,$L41))),IF($M41<>"",IF(INDEX(LdgWitB,$M41)=0,"",INDEX(LdgWitB,$M41)),"")) | H41: =IF($L41<>"",IF(INDEX(SCOp,$L41)="مرجوعی فروش",IF(INDEX(SCAmount,$L41)=0,"",-INDEX(SCAmount,$L41)),""),IF($M41<>"",IF(INDEX(LdgDepB,$M41)=0,"",INDEX(LdgDepB,$M41)),"")) | I41: =IF($B41="","",IF($I40="",$C$10,$I40)+IF($G41="",0,$G41)-IF($H41="",0,$H41)) | L41: =IFERROR(MATCH($C$5&"|"&RIGHT("000000"&25,6),LdgRankKeyA,0),"") | M41: =IFERROR(MATCH($C$5&"|"&RIGHT("000000"&25,6),LdgRankKeyB,0),"")
A42: 26 | B42: =IF(AND($L42="",$M42=""),"",IF($L42<>"",INDEX(SCNormDate,$L42),INDEX(LdgDateB,$M42))) | C42: =IF($L42<>"",INDEX(SCOp,$L42),IF($M42<>"","پرداخت بانکی","")) | D42: =IF($L42<>"",IF(INDEX(SCDoc,$L42)="","—",INDEX(SCDoc,$L42)),IF($M42<>"",INDEX(LdgBankB,$M42),"")) | E42: =IF($L42<>"",IF(INDEX(SCCitrus,$L42)&INDEX(SCNotes,$L42)="","",IF(INDEX(SCCitrus,$L42)="","",INDEX(SCCitrus,$L42))&IF(INDEX(SCNotes,$L42)="",""," — "&INDEX(SCNotes,$L42))),IF($M42<>"",IF(INDEX(LdgNoteB,$M42)="","—",INDEX(LdgNoteB,$M42)),"")) | F42: =IF($L42<>"",IF(INDEX(SCNet,$L42)=0,"",INDEX(SCNet,$L42)),"") | G42: =IF($L42<>"",IF(INDEX(SCOp,$L42)="مرجوعی فروش","",IF(INDEX(SCAmount,$L42)<=0,"",INDEX(SCAmount,$L42))),IF($M42<>"",IF(INDEX(LdgWitB,$M42)=0,"",INDEX(LdgWitB,$M42)),"")) | H42: =IF($L42<>"",IF(INDEX(SCOp,$L42)="مرجوعی فروش",IF(INDEX(SCAmount,$L42)=0,"",-INDEX(SCAmount,$L42)),""),IF($M42<>"",IF(INDEX(LdgDepB,$M42)=0,"",INDEX(LdgDepB,$M42)),"")) | I42: =IF($B42="","",IF($I41="",$C$10,$I41)+IF($G42="",0,$G42)-IF($H42="",0,$H42)) | L42: =IFERROR(MATCH($C$5&"|"&RIGHT("000000"&26,6),LdgRankKeyA,0),"") | M42: =IFERROR(MATCH($C$5&"|"&RIGHT("000000"&26,6),LdgRankKeyB,0),"")
A43: 27 | B43: =IF(AND($L43="",$M43=""),"",IF($L43<>"",INDEX(SCNormDate,$L43),INDEX(LdgDateB,$M43))) | C43: =IF($L43<>"",INDEX(SCOp,$L43),IF($M43<>"","پرداخت بانکی","")) | D43: =IF($L43<>"",IF(INDEX(SCDoc,$L43)="","—",INDEX(SCDoc,$L43)),IF($M43<>"",INDEX(LdgBankB,$M43),"")) | E43: =IF($L43<>"",IF(INDEX(SCCitrus,$L43)&INDEX(SCNotes,$L43)="","",IF(INDEX(SCCitrus,$L43)="","",INDEX(SCCitrus,$L43))&IF(INDEX(SCNotes,$L43)="",""," — "&INDEX(SCNotes,$L43))),IF($M43<>"",IF(INDEX(LdgNoteB,$M43)="","—",INDEX(LdgNoteB,$M43)),"")) | F43: =IF($L43<>"",IF(INDEX(SCNet,$L43)=0,"",INDEX(SCNet,$L43)),"") | G43: =IF($L43<>"",IF(INDEX(SCOp,$L43)="مرجوعی فروش","",IF(INDEX(SCAmount,$L43)<=0,"",INDEX(SCAmount,$L43))),IF($M43<>"",IF(INDEX(LdgWitB,$M43)=0,"",INDEX(LdgWitB,$M43)),"")) | H43: =IF($L43<>"",IF(INDEX(SCOp,$L43)="مرجوعی فروش",IF(INDEX(SCAmount,$L43)=0,"",-INDEX(SCAmount,$L43)),""),IF($M43<>"",IF(INDEX(LdgDepB,$M43)=0,"",INDEX(LdgDepB,$M43)),"")) | I43: =IF($B43="","",IF($I42="",$C$10,$I42)+IF($G43="",0,$G43)-IF($H43="",0,$H43)) | L43: =IFERROR(MATCH($C$5&"|"&RIGHT("000000"&27,6),LdgRankKeyA,0),"") | M43: =IFERROR(MATCH($C$5&"|"&RIGHT("000000"&27,6),LdgRankKeyB,0),"")
A44: 28 | B44: =IF(AND($L44="",$M44=""),"",IF($L44<>"",INDEX(SCNormDate,$L44),INDEX(LdgDateB,$M44))) | C44: =IF($L44<>"",INDEX(SCOp,$L44),IF($M44<>"","پرداخت بانکی","")) | D44: =IF($L44<>"",IF(INDEX(SCDoc,$L44)="","—",INDEX(SCDoc,$L44)),IF($M44<>"",INDEX(LdgBankB,$M44),"")) | E44: =IF($L44<>"",IF(INDEX(SCCitrus,$L44)&INDEX(SCNotes,$L44)="","",IF(INDEX(SCCitrus,$L44)="","",INDEX(SCCitrus,$L44))&IF(INDEX(SCNotes,$L44)="",""," — "&INDEX(SCNotes,$L44))),IF($M44<>"",IF(INDEX(LdgNoteB,$M44)="","—",INDEX(LdgNoteB,$M44)),"")) | F44: =IF($L44<>"",IF(INDEX(SCNet,$L44)=0,"",INDEX(SCNet,$L44)),"") | G44: =IF($L44<>"",IF(INDEX(SCOp,$L44)="مرجوعی فروش","",IF(INDEX(SCAmount,$L44)<=0,"",INDEX(SCAmount,$L44))),IF($M44<>"",IF(INDEX(LdgWitB,$M44)=0,"",INDEX(LdgWitB,$M44)),"")) | H44: =IF($L44<>"",IF(INDEX(SCOp,$L44)="مرجوعی فروش",IF(INDEX(SCAmount,$L44)=0,"",-INDEX(SCAmount,$L44)),""),IF($M44<>"",IF(INDEX(LdgDepB,$M44)=0,"",INDEX(LdgDepB,$M44)),"")) | I44: =IF($B44="","",IF($I43="",$C$10,$I43)+IF($G44="",0,$G44)-IF($H44="",0,$H44)) | L44: =IFERROR(MATCH($C$5&"|"&RIGHT("000000"&28,6),LdgRankKeyA,0),"") | M44: =IFERROR(MATCH($C$5&"|"&RIGHT("000000"&28,6),LdgRankKeyB,0),"")
A45: 29 | B45: =IF(AND($L45="",$M45=""),"",IF($L45<>"",INDEX(SCNormDate,$L45),INDEX(LdgDateB,$M45))) | C45: =IF($L45<>"",INDEX(SCOp,$L45),IF($M45<>"","پرداخت بانکی","")) | D45: =IF($L45<>"",IF(INDEX(SCDoc,$L45)="","—",INDEX(SCDoc,$L45)),IF($M45<>"",INDEX(LdgBankB,$M45),"")) | E45: =IF($L45<>"",IF(INDEX(SCCitrus,$L45)&INDEX(SCNotes,$L45)="","",IF(INDEX(SCCitrus,$L45)="","",INDEX(SCCitrus,$L45))&IF(INDEX(SCNotes,$L45)="",""," — "&INDEX(SCNotes,$L45))),IF($M45<>"",IF(INDEX(LdgNoteB,$M45)="","—",INDEX(LdgNoteB,$M45)),"")) | F45: =IF($L45<>"",IF(INDEX(SCNet,$L45)=0,"",INDEX(SCNet,$L45)),"") | G45: =IF($L45<>"",IF(INDEX(SCOp,$L45)="مرجوعی فروش","",IF(INDEX(SCAmount,$L45)<=0,"",INDEX(SCAmount,$L45))),IF($M45<>"",IF(INDEX(LdgWitB,$M45)=0,"",INDEX(LdgWitB,$M45)),"")) | H45: =IF($L45<>"",IF(INDEX(SCOp,$L45)="مرجوعی فروش",IF(INDEX(SCAmount,$L45)=0,"",-INDEX(SCAmount,$L45)),""),IF($M45<>"",IF(INDEX(LdgDepB,$M45)=0,"",INDEX(LdgDepB,$M45)),"")) | I45: =IF($B45="","",IF($I44="",$C$10,$I44)+IF($G45="",0,$G45)-IF($H45="",0,$H45)) | L45: =IFERROR(MATCH($C$5&"|"&RIGHT("000000"&29,6),LdgRankKeyA,0),"") | M45: =IFERROR(MATCH($C$5&"|"&RIGHT("000000"&29,6),LdgRankKeyB,0),"")
A46: 30 | B46: =IF(AND($L46="",$M46=""),"",IF($L46<>"",INDEX(SCNormDate,$L46),INDEX(LdgDateB,$M46))) | C46: =IF($L46<>"",INDEX(SCOp,$L46),IF($M46<>"","پرداخت بانکی","")) | D46: =IF($L46<>"",IF(INDEX(SCDoc,$L46)="","—",INDEX(SCDoc,$L46)),IF($M46<>"",INDEX(LdgBankB,$M46),"")) | E46: =IF($L46<>"",IF(INDEX(SCCitrus,$L46)&INDEX(SCNotes,$L46)="","",IF(INDEX(SCCitrus,$L46)="","",INDEX(SCCitrus,$L46))&IF(INDEX(SCNotes,$L46)="",""," — "&INDEX(SCNotes,$L46))),IF($M46<>"",IF(INDEX(LdgNoteB,$M46)="","—",INDEX(LdgNoteB,$M46)),"")) | F46: =IF($L46<>"",IF(INDEX(SCNet,$L46)=0,"",INDEX(SCNet,$L46)),"") | G46: =IF($L46<>"",IF(INDEX(SCOp,$L46)="مرجوعی فروش","",IF(INDEX(SCAmount,$L46)<=0,"",INDEX(SCAmount,$L46))),IF($M46<>"",IF(INDEX(LdgWitB,$M46)=0,"",INDEX(LdgWitB,$M46)),"")) | H46: =IF($L46<>"",IF(INDEX(SCOp,$L46)="مرجوعی فروش",IF(INDEX(SCAmount,$L46)=0,"",-INDEX(SCAmount,$L46)),""),IF($M46<>"",IF(INDEX(LdgDepB,$M46)=0,"",INDEX(LdgDepB,$M46)),"")) | I46: =IF($B46="","",IF($I45="",$C$10,$I45)+IF($G46="",0,$G46)-IF($H46="",0,$H46)) | L46: =IFERROR(MATCH($C$5&"|"&RIGHT("000000"&30,6),LdgRankKeyA,0),"") | M46: =IFERROR(MATCH($C$5&"|"&RIGHT("000000"&30,6),LdgRankKeyB,0),"")
A47: 31 | B47: =IF(AND($L47="",$M47=""),"",IF($L47<>"",INDEX(SCNormDate,$L47),INDEX(LdgDateB,$M47))) | C47: =IF($L47<>"",INDEX(SCOp,$L47),IF($M47<>"","پرداخت بانکی","")) | D47: =IF($L47<>"",IF(INDEX(SCDoc,$L47)="","—",INDEX(SCDoc,$L47)),IF($M47<>"",INDEX(LdgBankB,$M47),"")) | E47: =IF($L47<>"",IF(INDEX(SCCitrus,$L47)&INDEX(SCNotes,$L47)="","",IF(INDEX(SCCitrus,$L47)="","",INDEX(SCCitrus,$L47))&IF(INDEX(SCNotes,$L47)="",""," — "&INDEX(SCNotes,$L47))),IF($M47<>"",IF(INDEX(LdgNoteB,$M47)="","—",INDEX(LdgNoteB,$M47)),"")) | F47: =IF($L47<>"",IF(INDEX(SCNet,$L47)=0,"",INDEX(SCNet,$L47)),"") | G47: =IF($L47<>"",IF(INDEX(SCOp,$L47)="مرجوعی فروش","",IF(INDEX(SCAmount,$L47)<=0,"",INDEX(SCAmount,$L47))),IF($M47<>"",IF(INDEX(LdgWitB,$M47)=0,"",INDEX(LdgWitB,$M47)),"")) | H47: =IF($L47<>"",IF(INDEX(SCOp,$L47)="مرجوعی فروش",IF(INDEX(SCAmount,$L47)=0,"",-INDEX(SCAmount,$L47)),""),IF($M47<>"",IF(INDEX(LdgDepB,$M47)=0,"",INDEX(LdgDepB,$M47)),"")) | I47: =IF($B47="","",IF($I46="",$C$10,$I46)+IF($G47="",0,$G47)-IF($H47="",0,$H47)) | L47: =IFERROR(MATCH($C$5&"|"&RIGHT("000000"&31,6),LdgRankKeyA,0),"") | M47: =IFERROR(MATCH($C$5&"|"&RIGHT("000000"&31,6),LdgRankKeyB,0),"")
A48: 32 | B48: =IF(AND($L48="",$M48=""),"",IF($L48<>"",INDEX(SCNormDate,$L48),INDEX(LdgDateB,$M48))) | C48: =IF($L48<>"",INDEX(SCOp,$L48),IF($M48<>"","پرداخت بانکی","")) | D48: =IF($L48<>"",IF(INDEX(SCDoc,$L48)="","—",INDEX(SCDoc,$L48)),IF($M48<>"",INDEX(LdgBankB,$M48),"")) | E48: =IF($L48<>"",IF(INDEX(SCCitrus,$L48)&INDEX(SCNotes,$L48)="","",IF(INDEX(SCCitrus,$L48)="","",INDEX(SCCitrus,$L48))&IF(INDEX(SCNotes,$L48)="",""," — "&INDEX(SCNotes,$L48))),IF($M48<>"",IF(INDEX(LdgNoteB,$M48)="","—",INDEX(LdgNoteB,$M48)),"")) | F48: =IF($L48<>"",IF(INDEX(SCNet,$L48)=0,"",INDEX(SCNet,$L48)),"") | G48: =IF($L48<>"",IF(INDEX(SCOp,$L48)="مرجوعی فروش","",IF(INDEX(SCAmount,$L48)<=0,"",INDEX(SCAmount,$L48))),IF($M48<>"",IF(INDEX(LdgWitB,$M48)=0,"",INDEX(LdgWitB,$M48)),"")) | H48: =IF($L48<>"",IF(INDEX(SCOp,$L48)="مرجوعی فروش",IF(INDEX(SCAmount,$L48)=0,"",-INDEX(SCAmount,$L48)),""),IF($M48<>"",IF(INDEX(LdgDepB,$M48)=0,"",INDEX(LdgDepB,$M48)),"")) | I48: =IF($B48="","",IF($I47="",$C$10,$I47)+IF($G48="",0,$G48)-IF($H48="",0,$H48)) | L48: =IFERROR(MATCH($C$5&"|"&RIGHT("000000"&32,6),LdgRankKeyA,0),"") | M48: =IFERROR(MATCH($C$5&"|"&RIGHT("000000"&32,6),LdgRankKeyB,0),"")
A49: 33 | B49: =IF(AND($L49="",$M49=""),"",IF($L49<>"",INDEX(SCNormDate,$L49),INDEX(LdgDateB,$M49))) | C49: =IF($L49<>"",INDEX(SCOp,$L49),IF($M49<>"","پرداخت بانکی","")) | D49: =IF($L49<>"",IF(INDEX(SCDoc,$L49)="","—",INDEX(SCDoc,$L49)),IF($M49<>"",INDEX(LdgBankB,$M49),"")) | E49: =IF($L49<>"",IF(INDEX(SCCitrus,$L49)&INDEX(SCNotes,$L49)="","",IF(INDEX(SCCitrus,$L49)="","",INDEX(SCCitrus,$L49))&IF(INDEX(SCNotes,$L49)="",""," — "&INDEX(SCNotes,$L49))),IF($M49<>"",IF(INDEX(LdgNoteB,$M49)="","—",INDEX(LdgNoteB,$M49)),"")) | F49: =IF($L49<>"",IF(INDEX(SCNet,$L49)=0,"",INDEX(SCNet,$L49)),"") | G49: =IF($L49<>"",IF(INDEX(SCOp,$L49)="مرجوعی فروش","",IF(INDEX(SCAmount,$L49)<=0,"",INDEX(SCAmount,$L49))),IF($M49<>"",IF(INDEX(LdgWitB,$M49)=0,"",INDEX(LdgWitB,$M49)),"")) | H49: =IF($L49<>"",IF(INDEX(SCOp,$L49)="مرجوعی فروش",IF(INDEX(SCAmount,$L49)=0,"",-INDEX(SCAmount,$L49)),""),IF($M49<>"",IF(INDEX(LdgDepB,$M49)=0,"",INDEX(LdgDepB,$M49)),"")) | I49: =IF($B49="","",IF($I48="",$C$10,$I48)+IF($G49="",0,$G49)-IF($H49="",0,$H49)) | L49: =IFERROR(MATCH($C$5&"|"&RIGHT("000000"&33,6),LdgRankKeyA,0),"") | M49: =IFERROR(MATCH($C$5&"|"&RIGHT("000000"&33,6),LdgRankKeyB,0),"")
A50: 34 | B50: =IF(AND($L50="",$M50=""),"",IF($L50<>"",INDEX(SCNormDate,$L50),INDEX(LdgDateB,$M50))) | C50: =IF($L50<>"",INDEX(SCOp,$L50),IF($M50<>"","پرداخت بانکی","")) | D50: =IF($L50<>"",IF(INDEX(SCDoc,$L50)="","—",INDEX(SCDoc,$L50)),IF($M50<>"",INDEX(LdgBankB,$M50),"")) | E50: =IF($L50<>"",IF(INDEX(SCCitrus,$L50)&INDEX(SCNotes,$L50)="","",IF(INDEX(SCCitrus,$L50)="","",INDEX(SCCitrus,$L50))&IF(INDEX(SCNotes,$L50)="",""," — "&INDEX(SCNotes,$L50))),IF($M50<>"",IF(INDEX(LdgNoteB,$M50)="","—",INDEX(LdgNoteB,$M50)),"")) | F50: =IF($L50<>"",IF(INDEX(SCNet,$L50)=0,"",INDEX(SCNet,$L50)),"") | G50: =IF($L50<>"",IF(INDEX(SCOp,$L50)="مرجوعی فروش","",IF(INDEX(SCAmount,$L50)<=0,"",INDEX(SCAmount,$L50))),IF($M50<>"",IF(INDEX(LdgWitB,$M50)=0,"",INDEX(LdgWitB,$M50)),"")) | H50: =IF($L50<>"",IF(INDEX(SCOp,$L50)="مرجوعی فروش",IF(INDEX(SCAmount,$L50)=0,"",-INDEX(SCAmount,$L50)),""),IF($M50<>"",IF(INDEX(LdgDepB,$M50)=0,"",INDEX(LdgDepB,$M50)),"")) | I50: =IF($B50="","",IF($I49="",$C$10,$I49)+IF($G50="",0,$G50)-IF($H50="",0,$H50)) | L50: =IFERROR(MATCH($C$5&"|"&RIGHT("000000"&34,6),LdgRankKeyA,0),"") | M50: =IFERROR(MATCH($C$5&"|"&RIGHT("000000"&34,6),LdgRankKeyB,0),"")
A51: 35 | B51: =IF(AND($L51="",$M51=""),"",IF($L51<>"",INDEX(SCNormDate,$L51),INDEX(LdgDateB,$M51))) | C51: =IF($L51<>"",INDEX(SCOp,$L51),IF($M51<>"","پرداخت بانکی","")) | D51: =IF($L51<>"",IF(INDEX(SCDoc,$L51)="","—",INDEX(SCDoc,$L51)),IF($M51<>"",INDEX(LdgBankB,$M51),"")) | E51: =IF($L51<>"",IF(INDEX(SCCitrus,$L51)&INDEX(SCNotes,$L51)="","",IF(INDEX(SCCitrus,$L51)="","",INDEX(SCCitrus,$L51))&IF(INDEX(SCNotes,$L51)="",""," — "&INDEX(SCNotes,$L51))),IF($M51<>"",IF(INDEX(LdgNoteB,$M51)="","—",INDEX(LdgNoteB,$M51)),"")) | F51: =IF($L51<>"",IF(INDEX(SCNet,$L51)=0,"",INDEX(SCNet,$L51)),"") | G51: =IF($L51<>"",IF(INDEX(SCOp,$L51)="مرجوعی فروش","",IF(INDEX(SCAmount,$L51)<=0,"",INDEX(SCAmount,$L51))),IF($M51<>"",IF(INDEX(LdgWitB,$M51)=0,"",INDEX(LdgWitB,$M51)),"")) | H51: =IF($L51<>"",IF(INDEX(SCOp,$L51)="مرجوعی فروش",IF(INDEX(SCAmount,$L51)=0,"",-INDEX(SCAmount,$L51)),""),IF($M51<>"",IF(INDEX(LdgDepB,$M51)=0,"",INDEX(LdgDepB,$M51)),"")) | I51: =IF($B51="","",IF($I50="",$C$10,$I50)+IF($G51="",0,$G51)-IF($H51="",0,$H51)) | L51: =IFERROR(MATCH($C$5&"|"&RIGHT("000000"&35,6),LdgRankKeyA,0),"") | M51: =IFERROR(MATCH($C$5&"|"&RIGHT("000000"&35,6),LdgRankKeyB,0),"")
A52: 36 | B52: =IF(AND($L52="",$M52=""),"",IF($L52<>"",INDEX(SCNormDate,$L52),INDEX(LdgDateB,$M52))) | C52: =IF($L52<>"",INDEX(SCOp,$L52),IF($M52<>"","پرداخت بانکی","")) | D52: =IF($L52<>"",IF(INDEX(SCDoc,$L52)="","—",INDEX(SCDoc,$L52)),IF($M52<>"",INDEX(LdgBankB,$M52),"")) | E52: =IF($L52<>"",IF(INDEX(SCCitrus,$L52)&INDEX(SCNotes,$L52)="","",IF(INDEX(SCCitrus,$L52)="","",INDEX(SCCitrus,$L52))&IF(INDEX(SCNotes,$L52)="",""," — "&INDEX(SCNotes,$L52))),IF($M52<>"",IF(INDEX(LdgNoteB,$M52)="","—",INDEX(LdgNoteB,$M52)),"")) | F52: =IF($L52<>"",IF(INDEX(SCNet,$L52)=0,"",INDEX(SCNet,$L52)),"") | G52: =IF($L52<>"",IF(INDEX(SCOp,$L52)="مرجوعی فروش","",IF(INDEX(SCAmount,$L52)<=0,"",INDEX(SCAmount,$L52))),IF($M52<>"",IF(INDEX(LdgWitB,$M52)=0,"",INDEX(LdgWitB,$M52)),"")) | H52: =IF($L52<>"",IF(INDEX(SCOp,$L52)="مرجوعی فروش",IF(INDEX(SCAmount,$L52)=0,"",-INDEX(SCAmount,$L52)),""),IF($M52<>"",IF(INDEX(LdgDepB,$M52)=0,"",INDEX(LdgDepB,$M52)),"")) | I52: =IF($B52="","",IF($I51="",$C$10,$I51)+IF($G52="",0,$G52)-IF($H52="",0,$H52)) | L52: =IFERROR(MATCH($C$5&"|"&RIGHT("000000"&36,6),LdgRankKeyA,0),"") | M52: =IFERROR(MATCH($C$5&"|"&RIGHT("000000"&36,6),LdgRankKeyB,0),"")
A53: 37 | B53: =IF(AND($L53="",$M53=""),"",IF($L53<>"",INDEX(SCNormDate,$L53),INDEX(LdgDateB,$M53))) | C53: =IF($L53<>"",INDEX(SCOp,$L53),IF($M53<>"","پرداخت بانکی","")) | D53: =IF($L53<>"",IF(INDEX(SCDoc,$L53)="","—",INDEX(SCDoc,$L53)),IF($M53<>"",INDEX(LdgBankB,$M53),"")) | E53: =IF($L53<>"",IF(INDEX(SCCitrus,$L53)&INDEX(SCNotes,$L53)="","",IF(INDEX(SCCitrus,$L53)="","",INDEX(SCCitrus,$L53))&IF(INDEX(SCNotes,$L53)="",""," — "&INDEX(SCNotes,$L53))),IF($M53<>"",IF(INDEX(LdgNoteB,$M53)="","—",INDEX(LdgNoteB,$M53)),"")) | F53: =IF($L53<>"",IF(INDEX(SCNet,$L53)=0,"",INDEX(SCNet,$L53)),"") | G53: =IF($L53<>"",IF(INDEX(SCOp,$L53)="مرجوعی فروش","",IF(INDEX(SCAmount,$L53)<=0,"",INDEX(SCAmount,$L53))),IF($M53<>"",IF(INDEX(LdgWitB,$M53)=0,"",INDEX(LdgWitB,$M53)),"")) | H53: =IF($L53<>"",IF(INDEX(SCOp,$L53)="مرجوعی فروش",IF(INDEX(SCAmount,$L53)=0,"",-INDEX(SCAmount,$L53)),""),IF($M53<>"",IF(INDEX(LdgDepB,$M53)=0,"",INDEX(LdgDepB,$M53)),"")) | I53: =IF($B53="","",IF($I52="",$C$10,$I52)+IF($G53="",0,$G53)-IF($H53="",0,$H53)) | L53: =IFERROR(MATCH($C$5&"|"&RIGHT("000000"&37,6),LdgRankKeyA,0),"") | M53: =IFERROR(MATCH($C$5&"|"&RIGHT("000000"&37,6),LdgRankKeyB,0),"")
A54: 38 | B54: =IF(AND($L54="",$M54=""),"",IF($L54<>"",INDEX(SCNormDate,$L54),INDEX(LdgDateB,$M54))) | C54: =IF($L54<>"",INDEX(SCOp,$L54),IF($M54<>"","پرداخت بانکی","")) | D54: =IF($L54<>"",IF(INDEX(SCDoc,$L54)="","—",INDEX(SCDoc,$L54)),IF($M54<>"",INDEX(LdgBankB,$M54),"")) | E54: =IF($L54<>"",IF(INDEX(SCCitrus,$L54)&INDEX(SCNotes,$L54)="","",IF(INDEX(SCCitrus,$L54)="","",INDEX(SCCitrus,$L54))&IF(INDEX(SCNotes,$L54)="",""," — "&INDEX(SCNotes,$L54))),IF($M54<>"",IF(INDEX(LdgNoteB,$M54)="","—",INDEX(LdgNoteB,$M54)),"")) | F54: =IF($L54<>"",IF(INDEX(SCNet,$L54)=0,"",INDEX(SCNet,$L54)),"") | G54: =IF($L54<>"",IF(INDEX(SCOp,$L54)="مرجوعی فروش","",IF(INDEX(SCAmount,$L54)<=0,"",INDEX(SCAmount,$L54))),IF($M54<>"",IF(INDEX(LdgWitB,$M54)=0,"",INDEX(LdgWitB,$M54)),"")) | H54: =IF($L54<>"",IF(INDEX(SCOp,$L54)="مرجوعی فروش",IF(INDEX(SCAmount,$L54)=0,"",-INDEX(SCAmount,$L54)),""),IF($M54<>"",IF(INDEX(LdgDepB,$M54)=0,"",INDEX(LdgDepB,$M54)),"")) | I54: =IF($B54="","",IF($I53="",$C$10,$I53)+IF($G54="",0,$G54)-IF($H54="",0,$H54)) | L54: =IFERROR(MATCH($C$5&"|"&RIGHT("000000"&38,6),LdgRankKeyA,0),"") | M54: =IFERROR(MATCH($C$5&"|"&RIGHT("000000"&38,6),LdgRankKeyB,0),"")
A55: 39 | B55: =IF(AND($L55="",$M55=""),"",IF($L55<>"",INDEX(SCNormDate,$L55),INDEX(LdgDateB,$M55))) | C55: =IF($L55<>"",INDEX(SCOp,$L55),IF($M55<>"","پرداخت بانکی","")) | D55: =IF($L55<>"",IF(INDEX(SCDoc,$L55)="","—",INDEX(SCDoc,$L55)),IF($M55<>"",INDEX(LdgBankB,$M55),"")) | E55: =IF($L55<>"",IF(INDEX(SCCitrus,$L55)&INDEX(SCNotes,$L55)="","",IF(INDEX(SCCitrus,$L55)="","",INDEX(SCCitrus,$L55))&IF(INDEX(SCNotes,$L55)="",""," — "&INDEX(SCNotes,$L55))),IF($M55<>"",IF(INDEX(LdgNoteB,$M55)="","—",INDEX(LdgNoteB,$M55)),"")) | F55: =IF($L55<>"",IF(INDEX(SCNet,$L55)=0,"",INDEX(SCNet,$L55)),"") | G55: =IF($L55<>"",IF(INDEX(SCOp,$L55)="مرجوعی فروش","",IF(INDEX(SCAmount,$L55)<=0,"",INDEX(SCAmount,$L55))),IF($M55<>"",IF(INDEX(LdgWitB,$M55)=0,"",INDEX(LdgWitB,$M55)),"")) | H55: =IF($L55<>"",IF(INDEX(SCOp,$L55)="مرجوعی فروش",IF(INDEX(SCAmount,$L55)=0,"",-INDEX(SCAmount,$L55)),""),IF($M55<>"",IF(INDEX(LdgDepB,$M55)=0,"",INDEX(LdgDepB,$M55)),"")) | I55: =IF($B55="","",IF($I54="",$C$10,$I54)+IF($G55="",0,$G55)-IF($H55="",0,$H55)) | L55: =IFERROR(MATCH($C$5&"|"&RIGHT("000000"&39,6),LdgRankKeyA,0),"") | M55: =IFERROR(MATCH($C$5&"|"&RIGHT("000000"&39,6),LdgRankKeyB,0),"")
A56: 40 | B56: =IF(AND($L56="",$M56=""),"",IF($L56<>"",INDEX(SCNormDate,$L56),INDEX(LdgDateB,$M56))) | C56: =IF($L56<>"",INDEX(SCOp,$L56),IF($M56<>"","پرداخت بانکی","")) | D56: =IF($L56<>"",IF(INDEX(SCDoc,$L56)="","—",INDEX(SCDoc,$L56)),IF($M56<>"",INDEX(LdgBankB,$M56),"")) | E56: =IF($L56<>"",IF(INDEX(SCCitrus,$L56)&INDEX(SCNotes,$L56)="","",IF(INDEX(SCCitrus,$L56)="","",INDEX(SCCitrus,$L56))&IF(INDEX(SCNotes,$L56)="",""," — "&INDEX(SCNotes,$L56))),IF($M56<>"",IF(INDEX(LdgNoteB,$M56)="","—",INDEX(LdgNoteB,$M56)),"")) | F56: =IF($L56<>"",IF(INDEX(SCNet,$L56)=0,"",INDEX(SCNet,$L56)),"") | G56: =IF($L56<>"",IF(INDEX(SCOp,$L56)="مرجوعی فروش","",IF(INDEX(SCAmount,$L56)<=0,"",INDEX(SCAmount,$L56))),IF($M56<>"",IF(INDEX(LdgWitB,$M56)=0,"",INDEX(LdgWitB,$M56)),"")) | H56: =IF($L56<>"",IF(INDEX(SCOp,$L56)="مرجوعی فروش",IF(INDEX(SCAmount,$L56)=0,"",-INDEX(SCAmount,$L56)),""),IF($M56<>"",IF(INDEX(LdgDepB,$M56)=0,"",INDEX(LdgDepB,$M56)),"")) | I56: =IF($B56="","",IF($I55="",$C$10,$I55)+IF($G56="",0,$G56)-IF($H56="",0,$H56)) | L56: =IFERROR(MATCH($C$5&"|"&RIGHT("000000"&40,6),LdgRankKeyA,0),"") | M56: =IFERROR(MATCH($C$5&"|"&RIGHT("000000"&40,6),LdgRankKeyB,0),"")
A57: 41 | B57: =IF(AND($L57="",$M57=""),"",IF($L57<>"",INDEX(SCNormDate,$L57),INDEX(LdgDateB,$M57))) | C57: =IF($L57<>"",INDEX(SCOp,$L57),IF($M57<>"","پرداخت بانکی","")) | D57: =IF($L57<>"",IF(INDEX(SCDoc,$L57)="","—",INDEX(SCDoc,$L57)),IF($M57<>"",INDEX(LdgBankB,$M57),"")) | E57: =IF($L57<>"",IF(INDEX(SCCitrus,$L57)&INDEX(SCNotes,$L57)="","",IF(INDEX(SCCitrus,$L57)="","",INDEX(SCCitrus,$L57))&IF(INDEX(SCNotes,$L57)="",""," — "&INDEX(SCNotes,$L57))),IF($M57<>"",IF(INDEX(LdgNoteB,$M57)="","—",INDEX(LdgNoteB,$M57)),"")) | F57: =IF($L57<>"",IF(INDEX(SCNet,$L57)=0,"",INDEX(SCNet,$L57)),"") | G57: =IF($L57<>"",IF(INDEX(SCOp,$L57)="مرجوعی فروش","",IF(INDEX(SCAmount,$L57)<=0,"",INDEX(SCAmount,$L57))),IF($M57<>"",IF(INDEX(LdgWitB,$M57)=0,"",INDEX(LdgWitB,$M57)),"")) | H57: =IF($L57<>"",IF(INDEX(SCOp,$L57)="مرجوعی فروش",IF(INDEX(SCAmount,$L57)=0,"",-INDEX(SCAmount,$L57)),""),IF($M57<>"",IF(INDEX(LdgDepB,$M57)=0,"",INDEX(LdgDepB,$M57)),"")) | I57: =IF($B57="","",IF($I56="",$C$10,$I56)+IF($G57="",0,$G57)-IF($H57="",0,$H57)) | L57: =IFERROR(MATCH($C$5&"|"&RIGHT("000000"&41,6),LdgRankKeyA,0),"") | M57: =IFERROR(MATCH($C$5&"|"&RIGHT("000000"&41,6),LdgRankKeyB,0),"")
A58: 42 | B58: =IF(AND($L58="",$M58=""),"",IF($L58<>"",INDEX(SCNormDate,$L58),INDEX(LdgDateB,$M58))) | C58: =IF($L58<>"",INDEX(SCOp,$L58),IF($M58<>"","پرداخت بانکی","")) | D58: =IF($L58<>"",IF(INDEX(SCDoc,$L58)="","—",INDEX(SCDoc,$L58)),IF($M58<>"",INDEX(LdgBankB,$M58),"")) | E58: =IF($L58<>"",IF(INDEX(SCCitrus,$L58)&INDEX(SCNotes,$L58)="","",IF(INDEX(SCCitrus,$L58)="","",INDEX(SCCitrus,$L58))&IF(INDEX(SCNotes,$L58)="",""," — "&INDEX(SCNotes,$L58))),IF($M58<>"",IF(INDEX(LdgNoteB,$M58)="","—",INDEX(LdgNoteB,$M58)),"")) | F58: =IF($L58<>"",IF(INDEX(SCNet,$L58)=0,"",INDEX(SCNet,$L58)),"") | G58: =IF($L58<>"",IF(INDEX(SCOp,$L58)="مرجوعی فروش","",IF(INDEX(SCAmount,$L58)<=0,"",INDEX(SCAmount,$L58))),IF($M58<>"",IF(INDEX(LdgWitB,$M58)=0,"",INDEX(LdgWitB,$M58)),"")) | H58: =IF($L58<>"",IF(INDEX(SCOp,$L58)="مرجوعی فروش",IF(INDEX(SCAmount,$L58)=0,"",-INDEX(SCAmount,$L58)),""),IF($M58<>"",IF(INDEX(LdgDepB,$M58)=0,"",INDEX(LdgDepB,$M58)),"")) | I58: =IF($B58="","",IF($I57="",$C$10,$I57)+IF($G58="",0,$G58)-IF($H58="",0,$H58)) | L58: =IFERROR(MATCH($C$5&"|"&RIGHT("000000"&42,6),LdgRankKeyA,0),"") | M58: =IFERROR(MATCH($C$5&"|"&RIGHT("000000"&42,6),LdgRankKeyB,0),"")
A59: 43 | B59: =IF(AND($L59="",$M59=""),"",IF($L59<>"",INDEX(SCNormDate,$L59),INDEX(LdgDateB,$M59))) | C59: =IF($L59<>"",INDEX(SCOp,$L59),IF($M59<>"","پرداخت بانکی","")) | D59: =IF($L59<>"",IF(INDEX(SCDoc,$L59)="","—",INDEX(SCDoc,$L59)),IF($M59<>"",INDEX(LdgBankB,$M59),"")) | E59: =IF($L59<>"",IF(INDEX(SCCitrus,$L59)&INDEX(SCNotes,$L59)="","",IF(INDEX(SCCitrus,$L59)="","",INDEX(SCCitrus,$L59))&IF(INDEX(SCNotes,$L59)="",""," — "&INDEX(SCNotes,$L59))),IF($M59<>"",IF(INDEX(LdgNoteB,$M59)="","—",INDEX(LdgNoteB,$M59)),"")) | F59: =IF($L59<>"",IF(INDEX(SCNet,$L59)=0,"",INDEX(SCNet,$L59)),"") | G59: =IF($L59<>"",IF(INDEX(SCOp,$L59)="مرجوعی فروش","",IF(INDEX(SCAmount,$L59)<=0,"",INDEX(SCAmount,$L59))),IF($M59<>"",IF(INDEX(LdgWitB,$M59)=0,"",INDEX(LdgWitB,$M59)),"")) | H59: =IF($L59<>"",IF(INDEX(SCOp,$L59)="مرجوعی فروش",IF(INDEX(SCAmount,$L59)=0,"",-INDEX(SCAmount,$L59)),""),IF($M59<>"",IF(INDEX(LdgDepB,$M59)=0,"",INDEX(LdgDepB,$M59)),"")) | I59: =IF($B59="","",IF($I58="",$C$10,$I58)+IF($G59="",0,$G59)-IF($H59="",0,$H59)) | L59: =IFERROR(MATCH($C$5&"|"&RIGHT("000000"&43,6),LdgRankKeyA,0),"") | M59: =IFERROR(MATCH($C$5&"|"&RIGHT("000000"&43,6),LdgRankKeyB,0),"")
A60: 44 | B60: =IF(AND($L60="",$M60=""),"",IF($L60<>"",INDEX(SCNormDate,$L60),INDEX(LdgDateB,$M60))) | C60: =IF($L60<>"",INDEX(SCOp,$L60),IF($M60<>"","پرداخت بانکی","")) | D60: =IF($L60<>"",IF(INDEX(SCDoc,$L60)="","—",INDEX(SCDoc,$L60)),IF($M60<>"",INDEX(LdgBankB,$M60),"")) | E60: =IF($L60<>"",IF(INDEX(SCCitrus,$L60)&INDEX(SCNotes,$L60)="","",IF(INDEX(SCCitrus,$L60)="","",INDEX(SCCitrus,$L60))&IF(INDEX(SCNotes,$L60)="",""," — "&INDEX(SCNotes,$L60))),IF($M60<>"",IF(INDEX(LdgNoteB,$M60)="","—",INDEX(LdgNoteB,$M60)),"")) | F60: =IF($L60<>"",IF(INDEX(SCNet,$L60)=0,"",INDEX(SCNet,$L60)),"") | G60: =IF($L60<>"",IF(INDEX(SCOp,$L60)="مرجوعی فروش","",IF(INDEX(SCAmount,$L60)<=0,"",INDEX(SCAmount,$L60))),IF($M60<>"",IF(INDEX(LdgWitB,$M60)=0,"",INDEX(LdgWitB,$M60)),"")) | H60: =IF($L60<>"",IF(INDEX(SCOp,$L60)="مرجوعی فروش",IF(INDEX(SCAmount,$L60)=0,"",-INDEX(SCAmount,$L60)),""),IF($M60<>"",IF(INDEX(LdgDepB,$M60)=0,"",INDEX(LdgDepB,$M60)),"")) | I60: =IF($B60="","",IF($I59="",$C$10,$I59)+IF($G60="",0,$G60)-IF($H60="",0,$H60)) | L60: =IFERROR(MATCH($C$5&"|"&RIGHT("000000"&44,6),LdgRankKeyA,0),"") | M60: =IFERROR(MATCH($C$5&"|"&RIGHT("000000"&44,6),LdgRankKeyB,0),"")
A61: 45 | B61: =IF(AND($L61="",$M61=""),"",IF($L61<>"",INDEX(SCNormDate,$L61),INDEX(LdgDateB,$M61))) | C61: =IF($L61<>"",INDEX(SCOp,$L61),IF($M61<>"","پرداخت بانکی","")) | D61: =IF($L61<>"",IF(INDEX(SCDoc,$L61)="","—",INDEX(SCDoc,$L61)),IF($M61<>"",INDEX(LdgBankB,$M61),"")) | E61: =IF($L61<>"",IF(INDEX(SCCitrus,$L61)&INDEX(SCNotes,$L61)="","",IF(INDEX(SCCitrus,$L61)="","",INDEX(SCCitrus,$L61))&IF(INDEX(SCNotes,$L61)="",""," — "&INDEX(SCNotes,$L61))),IF($M61<>"",IF(INDEX(LdgNoteB,$M61)="","—",INDEX(LdgNoteB,$M61)),"")) | F61: =IF($L61<>"",IF(INDEX(SCNet,$L61)=0,"",INDEX(SCNet,$L61)),"") | G61: =IF($L61<>"",IF(INDEX(SCOp,$L61)="مرجوعی فروش","",IF(INDEX(SCAmount,$L61)<=0,"",INDEX(SCAmount,$L61))),IF($M61<>"",IF(INDEX(LdgWitB,$M61)=0,"",INDEX(LdgWitB,$M61)),"")) | H61: =IF($L61<>"",IF(INDEX(SCOp,$L61)="مرجوعی فروش",IF(INDEX(SCAmount,$L61)=0,"",-INDEX(SCAmount,$L61)),""),IF($M61<>"",IF(INDEX(LdgDepB,$M61)=0,"",INDEX(LdgDepB,$M61)),"")) | I61: =IF($B61="","",IF($I60="",$C$10,$I60)+IF($G61="",0,$G61)-IF($H61="",0,$H61)) | L61: =IFERROR(MATCH($C$5&"|"&RIGHT("000000"&45,6),LdgRankKeyA,0),"") | M61: =IFERROR(MATCH($C$5&"|"&RIGHT("000000"&45,6),LdgRankKeyB,0),"")
A62: 46 | B62: =IF(AND($L62="",$M62=""),"",IF($L62<>"",INDEX(SCNormDate,$L62),INDEX(LdgDateB,$M62))) | C62: =IF($L62<>"",INDEX(SCOp,$L62),IF($M62<>"","پرداخت بانکی","")) | D62: =IF($L62<>"",IF(INDEX(SCDoc,$L62)="","—",INDEX(SCDoc,$L62)),IF($M62<>"",INDEX(LdgBankB,$M62),"")) | E62: =IF($L62<>"",IF(INDEX(SCCitrus,$L62)&INDEX(SCNotes,$L62)="","",IF(INDEX(SCCitrus,$L62)="","",INDEX(SCCitrus,$L62))&IF(INDEX(SCNotes,$L62)="",""," — "&INDEX(SCNotes,$L62))),IF($M62<>"",IF(INDEX(LdgNoteB,$M62)="","—",INDEX(LdgNoteB,$M62)),"")) | F62: =IF($L62<>"",IF(INDEX(SCNet,$L62)=0,"",INDEX(SCNet,$L62)),"") | G62: =IF($L62<>"",IF(INDEX(SCOp,$L62)="مرجوعی فروش","",IF(INDEX(SCAmount,$L62)<=0,"",INDEX(SCAmount,$L62))),IF($M62<>"",IF(INDEX(LdgWitB,$M62)=0,"",INDEX(LdgWitB,$M62)),"")) | H62: =IF($L62<>"",IF(INDEX(SCOp,$L62)="مرجوعی فروش",IF(INDEX(SCAmount,$L62)=0,"",-INDEX(SCAmount,$L62)),""),IF($M62<>"",IF(INDEX(LdgDepB,$M62)=0,"",INDEX(LdgDepB,$M62)),"")) | I62: =IF($B62="","",IF($I61="",$C$10,$I61)+IF($G62="",0,$G62)-IF($H62="",0,$H62)) | L62: =IFERROR(MATCH($C$5&"|"&RIGHT("000000"&46,6),LdgRankKeyA,0),"") | M62: =IFERROR(MATCH($C$5&"|"&RIGHT("000000"&46,6),LdgRankKeyB,0),"")
A63: 47 | B63: =IF(AND($L63="",$M63=""),"",IF($L63<>"",INDEX(SCNormDate,$L63),INDEX(LdgDateB,$M63))) | C63: =IF($L63<>"",INDEX(SCOp,$L63),IF($M63<>"","پرداخت بانکی","")) | D63: =IF($L63<>"",IF(INDEX(SCDoc,$L63)="","—",INDEX(SCDoc,$L63)),IF($M63<>"",INDEX(LdgBankB,$M63),"")) | E63: =IF($L63<>"",IF(INDEX(SCCitrus,$L63)&INDEX(SCNotes,$L63)="","",IF(INDEX(SCCitrus,$L63)="","",INDEX(SCCitrus,$L63))&IF(INDEX(SCNotes,$L63)="",""," — "&INDEX(SCNotes,$L63))),IF($M63<>"",IF(INDEX(LdgNoteB,$M63)="","—",INDEX(LdgNoteB,$M63)),"")) | F63: =IF($L63<>"",IF(INDEX(SCNet,$L63)=0,"",INDEX(SCNet,$L63)),"") | G63: =IF($L63<>"",IF(INDEX(SCOp,$L63)="مرجوعی فروش","",IF(INDEX(SCAmount,$L63)<=0,"",INDEX(SCAmount,$L63))),IF($M63<>"",IF(INDEX(LdgWitB,$M63)=0,"",INDEX(LdgWitB,$M63)),"")) | H63: =IF($L63<>"",IF(INDEX(SCOp,$L63)="مرجوعی فروش",IF(INDEX(SCAmount,$L63)=0,"",-INDEX(SCAmount,$L63)),""),IF($M63<>"",IF(INDEX(LdgDepB,$M63)=0,"",INDEX(LdgDepB,$M63)),"")) | I63: =IF($B63="","",IF($I62="",$C$10,$I62)+IF($G63="",0,$G63)-IF($H63="",0,$H63)) | L63: =IFERROR(MATCH($C$5&"|"&RIGHT("000000"&47,6),LdgRankKeyA,0),"") | M63: =IFERROR(MATCH($C$5&"|"&RIGHT("000000"&47,6),LdgRankKeyB,0),"")
A64: 48 | B64: =IF(AND($L64="",$M64=""),"",IF($L64<>"",INDEX(SCNormDate,$L64),INDEX(LdgDateB,$M64))) | C64: =IF($L64<>"",INDEX(SCOp,$L64),IF($M64<>"","پرداخت بانکی","")) | D64: =IF($L64<>"",IF(INDEX(SCDoc,$L64)="","—",INDEX(SCDoc,$L64)),IF($M64<>"",INDEX(LdgBankB,$M64),"")) | E64: =IF($L64<>"",IF(INDEX(SCCitrus,$L64)&INDEX(SCNotes,$L64)="","",IF(INDEX(SCCitrus,$L64)="","",INDEX(SCCitrus,$L64))&IF(INDEX(SCNotes,$L64)="",""," — "&INDEX(SCNotes,$L64))),IF($M64<>"",IF(INDEX(LdgNoteB,$M64)="","—",INDEX(LdgNoteB,$M64)),"")) | F64: =IF($L64<>"",IF(INDEX(SCNet,$L64)=0,"",INDEX(SCNet,$L64)),"") | G64: =IF($L64<>"",IF(INDEX(SCOp,$L64)="مرجوعی فروش","",IF(INDEX(SCAmount,$L64)<=0,"",INDEX(SCAmount,$L64))),IF($M64<>"",IF(INDEX(LdgWitB,$M64)=0,"",INDEX(LdgWitB,$M64)),"")) | H64: =IF($L64<>"",IF(INDEX(SCOp,$L64)="مرجوعی فروش",IF(INDEX(SCAmount,$L64)=0,"",-INDEX(SCAmount,$L64)),""),IF($M64<>"",IF(INDEX(LdgDepB,$M64)=0,"",INDEX(LdgDepB,$M64)),"")) | I64: =IF($B64="","",IF($I63="",$C$10,$I63)+IF($G64="",0,$G64)-IF($H64="",0,$H64)) | L64: =IFERROR(MATCH($C$5&"|"&RIGHT("000000"&48,6),LdgRankKeyA,0),"") | M64: =IFERROR(MATCH($C$5&"|"&RIGHT("000000"&48,6),LdgRankKeyB,0),"")
A65: 49 | B65: =IF(AND($L65="",$M65=""),"",IF($L65<>"",INDEX(SCNormDate,$L65),INDEX(LdgDateB,$M65))) | C65: =IF($L65<>"",INDEX(SCOp,$L65),IF($M65<>"","پرداخت بانکی","")) | D65: =IF($L65<>"",IF(INDEX(SCDoc,$L65)="","—",INDEX(SCDoc,$L65)),IF($M65<>"",INDEX(LdgBankB,$M65),"")) | E65: =IF($L65<>"",IF(INDEX(SCCitrus,$L65)&INDEX(SCNotes,$L65)="","",IF(INDEX(SCCitrus,$L65)="","",INDEX(SCCitrus,$L65))&IF(INDEX(SCNotes,$L65)="",""," — "&INDEX(SCNotes,$L65))),IF($M65<>"",IF(INDEX(LdgNoteB,$M65)="","—",INDEX(LdgNoteB,$M65)),"")) | F65: =IF($L65<>"",IF(INDEX(SCNet,$L65)=0,"",INDEX(SCNet,$L65)),"") | G65: =IF($L65<>"",IF(INDEX(SCOp,$L65)="مرجوعی فروش","",IF(INDEX(SCAmount,$L65)<=0,"",INDEX(SCAmount,$L65))),IF($M65<>"",IF(INDEX(LdgWitB,$M65)=0,"",INDEX(LdgWitB,$M65)),"")) | H65: =IF($L65<>"",IF(INDEX(SCOp,$L65)="مرجوعی فروش",IF(INDEX(SCAmount,$L65)=0,"",-INDEX(SCAmount,$L65)),""),IF($M65<>"",IF(INDEX(LdgDepB,$M65)=0,"",INDEX(LdgDepB,$M65)),"")) | I65: =IF($B65="","",IF($I64="",$C$10,$I64)+IF($G65="",0,$G65)-IF($H65="",0,$H65)) | L65: =IFERROR(MATCH($C$5&"|"&RIGHT("000000"&49,6),LdgRankKeyA,0),"") | M65: =IFERROR(MATCH($C$5&"|"&RIGHT("000000"&49,6),LdgRankKeyB,0),"")
A66: 50 | B66: =IF(AND($L66="",$M66=""),"",IF($L66<>"",INDEX(SCNormDate,$L66),INDEX(LdgDateB,$M66))) | C66: =IF($L66<>"",INDEX(SCOp,$L66),IF($M66<>"","پرداخت بانکی","")) | D66: =IF($L66<>"",IF(INDEX(SCDoc,$L66)="","—",INDEX(SCDoc,$L66)),IF($M66<>"",INDEX(LdgBankB,$M66),"")) | E66: =IF($L66<>"",IF(INDEX(SCCitrus,$L66)&INDEX(SCNotes,$L66)="","",IF(INDEX(SCCitrus,$L66)="","",INDEX(SCCitrus,$L66))&IF(INDEX(SCNotes,$L66)="",""," — "&INDEX(SCNotes,$L66))),IF($M66<>"",IF(INDEX(LdgNoteB,$M66)="","—",INDEX(LdgNoteB,$M66)),"")) | F66: =IF($L66<>"",IF(INDEX(SCNet,$L66)=0,"",INDEX(SCNet,$L66)),"") | G66: =IF($L66<>"",IF(INDEX(SCOp,$L66)="مرجوعی فروش","",IF(INDEX(SCAmount,$L66)<=0,"",INDEX(SCAmount,$L66))),IF($M66<>"",IF(INDEX(LdgWitB,$M66)=0,"",INDEX(LdgWitB,$M66)),"")) | H66: =IF($L66<>"",IF(INDEX(SCOp,$L66)="مرجوعی فروش",IF(INDEX(SCAmount,$L66)=0,"",-INDEX(SCAmount,$L66)),""),IF($M66<>"",IF(INDEX(LdgDepB,$M66)=0,"",INDEX(LdgDepB,$M66)),"")) | I66: =IF($B66="","",IF($I65="",$C$10,$I65)+IF($G66="",0,$G66)-IF($H66="",0,$H66)) | L66: =IFERROR(MATCH($C$5&"|"&RIGHT("000000"&50,6),LdgRankKeyA,0),"") | M66: =IFERROR(MATCH($C$5&"|"&RIGHT("000000"&50,6),LdgRankKeyB,0),"")
A67: 51 | B67: =IF(AND($L67="",$M67=""),"",IF($L67<>"",INDEX(SCNormDate,$L67),INDEX(LdgDateB,$M67))) | C67: =IF($L67<>"",INDEX(SCOp,$L67),IF($M67<>"","پرداخت بانکی","")) | D67: =IF($L67<>"",IF(INDEX(SCDoc,$L67)="","—",INDEX(SCDoc,$L67)),IF($M67<>"",INDEX(LdgBankB,$M67),"")) | E67: =IF($L67<>"",IF(INDEX(SCCitrus,$L67)&INDEX(SCNotes,$L67)="","",IF(INDEX(SCCitrus,$L67)="","",INDEX(SCCitrus,$L67))&IF(INDEX(SCNotes,$L67)="",""," — "&INDEX(SCNotes,$L67))),IF($M67<>"",IF(INDEX(LdgNoteB,$M67)="","—",INDEX(LdgNoteB,$M67)),"")) | F67: =IF($L67<>"",IF(INDEX(SCNet,$L67)=0,"",INDEX(SCNet,$L67)),"") | G67: =IF($L67<>"",IF(INDEX(SCOp,$L67)="مرجوعی فروش","",IF(INDEX(SCAmount,$L67)<=0,"",INDEX(SCAmount,$L67))),IF($M67<>"",IF(INDEX(LdgWitB,$M67)=0,"",INDEX(LdgWitB,$M67)),"")) | H67: =IF($L67<>"",IF(INDEX(SCOp,$L67)="مرجوعی فروش",IF(INDEX(SCAmount,$L67)=0,"",-INDEX(SCAmount,$L67)),""),IF($M67<>"",IF(INDEX(LdgDepB,$M67)=0,"",INDEX(LdgDepB,$M67)),"")) | I67: =IF($B67="","",IF($I66="",$C$10,$I66)+IF($G67="",0,$G67)-IF($H67="",0,$H67)) | L67: =IFERROR(MATCH($C$5&"|"&RIGHT("000000"&51,6),LdgRankKeyA,0),"") | M67: =IFERROR(MATCH($C$5&"|"&RIGHT("000000"&51,6),LdgRankKeyB,0),"")
A68: 52 | B68: =IF(AND($L68="",$M68=""),"",IF($L68<>"",INDEX(SCNormDate,$L68),INDEX(LdgDateB,$M68))) | C68: =IF($L68<>"",INDEX(SCOp,$L68),IF($M68<>"","پرداخت بانکی","")) | D68: =IF($L68<>"",IF(INDEX(SCDoc,$L68)="","—",INDEX(SCDoc,$L68)),IF($M68<>"",INDEX(LdgBankB,$M68),"")) | E68: =IF($L68<>"",IF(INDEX(SCCitrus,$L68)&INDEX(SCNotes,$L68)="","",IF(INDEX(SCCitrus,$L68)="","",INDEX(SCCitrus,$L68))&IF(INDEX(SCNotes,$L68)="",""," — "&INDEX(SCNotes,$L68))),IF($M68<>"",IF(INDEX(LdgNoteB,$M68)="","—",INDEX(LdgNoteB,$M68)),"")) | F68: =IF($L68<>"",IF(INDEX(SCNet,$L68)=0,"",INDEX(SCNet,$L68)),"") | G68: =IF($L68<>"",IF(INDEX(SCOp,$L68)="مرجوعی فروش","",IF(INDEX(SCAmount,$L68)<=0,"",INDEX(SCAmount,$L68))),IF($M68<>"",IF(INDEX(LdgWitB,$M68)=0,"",INDEX(LdgWitB,$M68)),"")) | H68: =IF($L68<>"",IF(INDEX(SCOp,$L68)="مرجوعی فروش",IF(INDEX(SCAmount,$L68)=0,"",-INDEX(SCAmount,$L68)),""),IF($M68<>"",IF(INDEX(LdgDepB,$M68)=0,"",INDEX(LdgDepB,$M68)),"")) | I68: =IF($B68="","",IF($I67="",$C$10,$I67)+IF($G68="",0,$G68)-IF($H68="",0,$H68)) | L68: =IFERROR(MATCH($C$5&"|"&RIGHT("000000"&52,6),LdgRankKeyA,0),"") | M68: =IFERROR(MATCH($C$5&"|"&RIGHT("000000"&52,6),LdgRankKeyB,0),"")
A69: 53 | B69: =IF(AND($L69="",$M69=""),"",IF($L69<>"",INDEX(SCNormDate,$L69),INDEX(LdgDateB,$M69))) | C69: =IF($L69<>"",INDEX(SCOp,$L69),IF($M69<>"","پرداخت بانکی","")) | D69: =IF($L69<>"",IF(INDEX(SCDoc,$L69)="","—",INDEX(SCDoc,$L69)),IF($M69<>"",INDEX(LdgBankB,$M69),"")) | E69: =IF($L69<>"",IF(INDEX(SCCitrus,$L69)&INDEX(SCNotes,$L69)="","",IF(INDEX(SCCitrus,$L69)="","",INDEX(SCCitrus,$L69))&IF(INDEX(SCNotes,$L69)="",""," — "&INDEX(SCNotes,$L69))),IF($M69<>"",IF(INDEX(LdgNoteB,$M69)="","—",INDEX(LdgNoteB,$M69)),"")) | F69: =IF($L69<>"",IF(INDEX(SCNet,$L69)=0,"",INDEX(SCNet,$L69)),"") | G69: =IF($L69<>"",IF(INDEX(SCOp,$L69)="مرجوعی فروش","",IF(INDEX(SCAmount,$L69)<=0,"",INDEX(SCAmount,$L69))),IF($M69<>"",IF(INDEX(LdgWitB,$M69)=0,"",INDEX(LdgWitB,$M69)),"")) | H69: =IF($L69<>"",IF(INDEX(SCOp,$L69)="مرجوعی فروش",IF(INDEX(SCAmount,$L69)=0,"",-INDEX(SCAmount,$L69)),""),IF($M69<>"",IF(INDEX(LdgDepB,$M69)=0,"",INDEX(LdgDepB,$M69)),"")) | I69: =IF($B69="","",IF($I68="",$C$10,$I68)+IF($G69="",0,$G69)-IF($H69="",0,$H69)) | L69: =IFERROR(MATCH($C$5&"|"&RIGHT("000000"&53,6),LdgRankKeyA,0),"") | M69: =IFERROR(MATCH($C$5&"|"&RIGHT("000000"&53,6),LdgRankKeyB,0),"")
A70: 54 | B70: =IF(AND($L70="",$M70=""),"",IF($L70<>"",INDEX(SCNormDate,$L70),INDEX(LdgDateB,$M70))) | C70: =IF($L70<>"",INDEX(SCOp,$L70),IF($M70<>"","پرداخت بانکی","")) | D70: =IF($L70<>"",IF(INDEX(SCDoc,$L70)="","—",INDEX(SCDoc,$L70)),IF($M70<>"",INDEX(LdgBankB,$M70),"")) | E70: =IF($L70<>"",IF(INDEX(SCCitrus,$L70)&INDEX(SCNotes,$L70)="","",IF(INDEX(SCCitrus,$L70)="","",INDEX(SCCitrus,$L70))&IF(INDEX(SCNotes,$L70)="",""," — "&INDEX(SCNotes,$L70))),IF($M70<>"",IF(INDEX(LdgNoteB,$M70)="","—",INDEX(LdgNoteB,$M70)),"")) | F70: =IF($L70<>"",IF(INDEX(SCNet,$L70)=0,"",INDEX(SCNet,$L70)),"") | G70: =IF($L70<>"",IF(INDEX(SCOp,$L70)="مرجوعی فروش","",IF(INDEX(SCAmount,$L70)<=0,"",INDEX(SCAmount,$L70))),IF($M70<>"",IF(INDEX(LdgWitB,$M70)=0,"",INDEX(LdgWitB,$M70)),"")) | H70: =IF($L70<>"",IF(INDEX(SCOp,$L70)="مرجوعی فروش",IF(INDEX(SCAmount,$L70)=0,"",-INDEX(SCAmount,$L70)),""),IF($M70<>"",IF(INDEX(LdgDepB,$M70)=0,"",INDEX(LdgDepB,$M70)),"")) | I70: =IF($B70="","",IF($I69="",$C$10,$I69)+IF($G70="",0,$G70)-IF($H70="",0,$H70)) | L70: =IFERROR(MATCH($C$5&"|"&RIGHT("000000"&54,6),LdgRankKeyA,0),"") | M70: =IFERROR(MATCH($C$5&"|"&RIGHT("000000"&54,6),LdgRankKeyB,0),"")
A71: 55 | B71: =IF(AND($L71="",$M71=""),"",IF($L71<>"",INDEX(SCNormDate,$L71),INDEX(LdgDateB,$M71))) | C71: =IF($L71<>"",INDEX(SCOp,$L71),IF($M71<>"","پرداخت بانکی","")) | D71: =IF($L71<>"",IF(INDEX(SCDoc,$L71)="","—",INDEX(SCDoc,$L71)),IF($M71<>"",INDEX(LdgBankB,$M71),"")) | E71: =IF($L71<>"",IF(INDEX(SCCitrus,$L71)&INDEX(SCNotes,$L71)="","",IF(INDEX(SCCitrus,$L71)="","",INDEX(SCCitrus,$L71))&IF(INDEX(SCNotes,$L71)="",""," — "&INDEX(SCNotes,$L71))),IF($M71<>"",IF(INDEX(LdgNoteB,$M71)="","—",INDEX(LdgNoteB,$M71)),"")) | F71: =IF($L71<>"",IF(INDEX(SCNet,$L71)=0,"",INDEX(SCNet,$L71)),"") | G71: =IF($L71<>"",IF(INDEX(SCOp,$L71)="مرجوعی فروش","",IF(INDEX(SCAmount,$L71)<=0,"",INDEX(SCAmount,$L71))),IF($M71<>"",IF(INDEX(LdgWitB,$M71)=0,"",INDEX(LdgWitB,$M71)),"")) | H71: =IF($L71<>"",IF(INDEX(SCOp,$L71)="مرجوعی فروش",IF(INDEX(SCAmount,$L71)=0,"",-INDEX(SCAmount,$L71)),""),IF($M71<>"",IF(INDEX(LdgDepB,$M71)=0,"",INDEX(LdgDepB,$M71)),"")) | I71: =IF($B71="","",IF($I70="",$C$10,$I70)+IF($G71="",0,$G71)-IF($H71="",0,$H71)) | L71: =IFERROR(MATCH($C$5&"|"&RIGHT("000000"&55,6),LdgRankKeyA,0),"") | M71: =IFERROR(MATCH($C$5&"|"&RIGHT("000000"&55,6),LdgRankKeyB,0),"")
A72: 56 | B72: =IF(AND($L72="",$M72=""),"",IF($L72<>"",INDEX(SCNormDate,$L72),INDEX(LdgDateB,$M72))) | C72: =IF($L72<>"",INDEX(SCOp,$L72),IF($M72<>"","پرداخت بانکی","")) | D72: =IF($L72<>"",IF(INDEX(SCDoc,$L72)="","—",INDEX(SCDoc,$L72)),IF($M72<>"",INDEX(LdgBankB,$M72),"")) | E72: =IF($L72<>"",IF(INDEX(SCCitrus,$L72)&INDEX(SCNotes,$L72)="","",IF(INDEX(SCCitrus,$L72)="","",INDEX(SCCitrus,$L72))&IF(INDEX(SCNotes,$L72)="",""," — "&INDEX(SCNotes,$L72))),IF($M72<>"",IF(INDEX(LdgNoteB,$M72)="","—",INDEX(LdgNoteB,$M72)),"")) | F72: =IF($L72<>"",IF(INDEX(SCNet,$L72)=0,"",INDEX(SCNet,$L72)),"") | G72: =IF($L72<>"",IF(INDEX(SCOp,$L72)="مرجوعی فروش","",IF(INDEX(SCAmount,$L72)<=0,"",INDEX(SCAmount,$L72))),IF($M72<>"",IF(INDEX(LdgWitB,$M72)=0,"",INDEX(LdgWitB,$M72)),"")) | H72: =IF($L72<>"",IF(INDEX(SCOp,$L72)="مرجوعی فروش",IF(INDEX(SCAmount,$L72)=0,"",-INDEX(SCAmount,$L72)),""),IF($M72<>"",IF(INDEX(LdgDepB,$M72)=0,"",INDEX(LdgDepB,$M72)),"")) | I72: =IF($B72="","",IF($I71="",$C$10,$I71)+IF($G72="",0,$G72)-IF($H72="",0,$H72)) | L72: =IFERROR(MATCH($C$5&"|"&RIGHT("000000"&56,6),LdgRankKeyA,0),"") | M72: =IFERROR(MATCH($C$5&"|"&RIGHT("000000"&56,6),LdgRankKeyB,0),"")
A73: 57 | B73: =IF(AND($L73="",$M73=""),"",IF($L73<>"",INDEX(SCNormDate,$L73),INDEX(LdgDateB,$M73))) | C73: =IF($L73<>"",INDEX(SCOp,$L73),IF($M73<>"","پرداخت بانکی","")) | D73: =IF($L73<>"",IF(INDEX(SCDoc,$L73)="","—",INDEX(SCDoc,$L73)),IF($M73<>"",INDEX(LdgBankB,$M73),"")) | E73: =IF($L73<>"",IF(INDEX(SCCitrus,$L73)&INDEX(SCNotes,$L73)="","",IF(INDEX(SCCitrus,$L73)="","",INDEX(SCCitrus,$L73))&IF(INDEX(SCNotes,$L73)="",""," — "&INDEX(SCNotes,$L73))),IF($M73<>"",IF(INDEX(LdgNoteB,$M73)="","—",INDEX(LdgNoteB,$M73)),"")) | F73: =IF($L73<>"",IF(INDEX(SCNet,$L73)=0,"",INDEX(SCNet,$L73)),"") | G73: =IF($L73<>"",IF(INDEX(SCOp,$L73)="مرجوعی فروش","",IF(INDEX(SCAmount,$L73)<=0,"",INDEX(SCAmount,$L73))),IF($M73<>"",IF(INDEX(LdgWitB,$M73)=0,"",INDEX(LdgWitB,$M73)),"")) | H73: =IF($L73<>"",IF(INDEX(SCOp,$L73)="مرجوعی فروش",IF(INDEX(SCAmount,$L73)=0,"",-INDEX(SCAmount,$L73)),""),IF($M73<>"",IF(INDEX(LdgDepB,$M73)=0,"",INDEX(LdgDepB,$M73)),"")) | I73: =IF($B73="","",IF($I72="",$C$10,$I72)+IF($G73="",0,$G73)-IF($H73="",0,$H73)) | L73: =IFERROR(MATCH($C$5&"|"&RIGHT("000000"&57,6),LdgRankKeyA,0),"") | M73: =IFERROR(MATCH($C$5&"|"&RIGHT("000000"&57,6),LdgRankKeyB,0),"")
A74: 58 | B74: =IF(AND($L74="",$M74=""),"",IF($L74<>"",INDEX(SCNormDate,$L74),INDEX(LdgDateB,$M74))) | C74: =IF($L74<>"",INDEX(SCOp,$L74),IF($M74<>"","پرداخت بانکی","")) | D74: =IF($L74<>"",IF(INDEX(SCDoc,$L74)="","—",INDEX(SCDoc,$L74)),IF($M74<>"",INDEX(LdgBankB,$M74),"")) | E74: =IF($L74<>"",IF(INDEX(SCCitrus,$L74)&INDEX(SCNotes,$L74)="","",IF(INDEX(SCCitrus,$L74)="","",INDEX(SCCitrus,$L74))&IF(INDEX(SCNotes,$L74)="",""," — "&INDEX(SCNotes,$L74))),IF($M74<>"",IF(INDEX(LdgNoteB,$M74)="","—",INDEX(LdgNoteB,$M74)),"")) | F74: =IF($L74<>"",IF(INDEX(SCNet,$L74)=0,"",INDEX(SCNet,$L74)),"") | G74: =IF($L74<>"",IF(INDEX(SCOp,$L74)="مرجوعی فروش","",IF(INDEX(SCAmount,$L74)<=0,"",INDEX(SCAmount,$L74))),IF($M74<>"",IF(INDEX(LdgWitB,$M74)=0,"",INDEX(LdgWitB,$M74)),"")) | H74: =IF($L74<>"",IF(INDEX(SCOp,$L74)="مرجوعی فروش",IF(INDEX(SCAmount,$L74)=0,"",-INDEX(SCAmount,$L74)),""),IF($M74<>"",IF(INDEX(LdgDepB,$M74)=0,"",INDEX(LdgDepB,$M74)),"")) | I74: =IF($B74="","",IF($I73="",$C$10,$I73)+IF($G74="",0,$G74)-IF($H74="",0,$H74)) | L74: =IFERROR(MATCH($C$5&"|"&RIGHT("000000"&58,6),LdgRankKeyA,0),"") | M74: =IFERROR(MATCH($C$5&"|"&RIGHT("000000"&58,6),LdgRankKeyB,0),"")
A75: 59 | B75: =IF(AND($L75="",$M75=""),"",IF($L75<>"",INDEX(SCNormDate,$L75),INDEX(LdgDateB,$M75))) | C75: =IF($L75<>"",INDEX(SCOp,$L75),IF($M75<>"","پرداخت بانکی","")) | D75: =IF($L75<>"",IF(INDEX(SCDoc,$L75)="","—",INDEX(SCDoc,$L75)),IF($M75<>"",INDEX(LdgBankB,$M75),"")) | E75: =IF($L75<>"",IF(INDEX(SCCitrus,$L75)&INDEX(SCNotes,$L75)="","",IF(INDEX(SCCitrus,$L75)="","",INDEX(SCCitrus,$L75))&IF(INDEX(SCNotes,$L75)="",""," — "&INDEX(SCNotes,$L75))),IF($M75<>"",IF(INDEX(LdgNoteB,$M75)="","—",INDEX(LdgNoteB,$M75)),"")) | F75: =IF($L75<>"",IF(INDEX(SCNet,$L75)=0,"",INDEX(SCNet,$L75)),"") | G75: =IF($L75<>"",IF(INDEX(SCOp,$L75)="مرجوعی فروش","",IF(INDEX(SCAmount,$L75)<=0,"",INDEX(SCAmount,$L75))),IF($M75<>"",IF(INDEX(LdgWitB,$M75)=0,"",INDEX(LdgWitB,$M75)),"")) | H75: =IF($L75<>"",IF(INDEX(SCOp,$L75)="مرجوعی فروش",IF(INDEX(SCAmount,$L75)=0,"",-INDEX(SCAmount,$L75)),""),IF($M75<>"",IF(INDEX(LdgDepB,$M75)=0,"",INDEX(LdgDepB,$M75)),"")) | I75: =IF($B75="","",IF($I74="",$C$10,$I74)+IF($G75="",0,$G75)-IF($H75="",0,$H75)) | L75: =IFERROR(MATCH($C$5&"|"&RIGHT("000000"&59,6),LdgRankKeyA,0),"") | M75: =IFERROR(MATCH($C$5&"|"&RIGHT("000000"&59,6),LdgRankKeyB,0),"")
A76: 60 | B76: =IF(AND($L76="",$M76=""),"",IF($L76<>"",INDEX(SCNormDate,$L76),INDEX(LdgDateB,$M76))) | C76: =IF($L76<>"",INDEX(SCOp,$L76),IF($M76<>"","پرداخت بانکی","")) | D76: =IF($L76<>"",IF(INDEX(SCDoc,$L76)="","—",INDEX(SCDoc,$L76)),IF($M76<>"",INDEX(LdgBankB,$M76),"")) | E76: =IF($L76<>"",IF(INDEX(SCCitrus,$L76)&INDEX(SCNotes,$L76)="","",IF(INDEX(SCCitrus,$L76)="","",INDEX(SCCitrus,$L76))&IF(INDEX(SCNotes,$L76)="",""," — "&INDEX(SCNotes,$L76))),IF($M76<>"",IF(INDEX(LdgNoteB,$M76)="","—",INDEX(LdgNoteB,$M76)),"")) | F76: =IF($L76<>"",IF(INDEX(SCNet,$L76)=0,"",INDEX(SCNet,$L76)),"") | G76: =IF($L76<>"",IF(INDEX(SCOp,$L76)="مرجوعی فروش","",IF(INDEX(SCAmount,$L76)<=0,"",INDEX(SCAmount,$L76))),IF($M76<>"",IF(INDEX(LdgWitB,$M76)=0,"",INDEX(LdgWitB,$M76)),"")) | H76: =IF($L76<>"",IF(INDEX(SCOp,$L76)="مرجوعی فروش",IF(INDEX(SCAmount,$L76)=0,"",-INDEX(SCAmount,$L76)),""),IF($M76<>"",IF(INDEX(LdgDepB,$M76)=0,"",INDEX(LdgDepB,$M76)),"")) | I76: =IF($B76="","",IF($I75="",$C$10,$I75)+IF($G76="",0,$G76)-IF($H76="",0,$H76)) | L76: =IFERROR(MATCH($C$5&"|"&RIGHT("000000"&60,6),LdgRankKeyA,0),"") | M76: =IFERROR(MATCH($C$5&"|"&RIGHT("000000"&60,6),LdgRankKeyB,0),"")
A77: 61 | B77: =IF(AND($L77="",$M77=""),"",IF($L77<>"",INDEX(SCNormDate,$L77),INDEX(LdgDateB,$M77))) | C77: =IF($L77<>"",INDEX(SCOp,$L77),IF($M77<>"","پرداخت بانکی","")) | D77: =IF($L77<>"",IF(INDEX(SCDoc,$L77)="","—",INDEX(SCDoc,$L77)),IF($M77<>"",INDEX(LdgBankB,$M77),"")) | E77: =IF($L77<>"",IF(INDEX(SCCitrus,$L77)&INDEX(SCNotes,$L77)="","",IF(INDEX(SCCitrus,$L77)="","",INDEX(SCCitrus,$L77))&IF(INDEX(SCNotes,$L77)="",""," — "&INDEX(SCNotes,$L77))),IF($M77<>"",IF(INDEX(LdgNoteB,$M77)="","—",INDEX(LdgNoteB,$M77)),"")) | F77: =IF($L77<>"",IF(INDEX(SCNet,$L77)=0,"",INDEX(SCNet,$L77)),"") | G77: =IF($L77<>"",IF(INDEX(SCOp,$L77)="مرجوعی فروش","",IF(INDEX(SCAmount,$L77)<=0,"",INDEX(SCAmount,$L77))),IF($M77<>"",IF(INDEX(LdgWitB,$M77)=0,"",INDEX(LdgWitB,$M77)),"")) | H77: =IF($L77<>"",IF(INDEX(SCOp,$L77)="مرجوعی فروش",IF(INDEX(SCAmount,$L77)=0,"",-INDEX(SCAmount,$L77)),""),IF($M77<>"",IF(INDEX(LdgDepB,$M77)=0,"",INDEX(LdgDepB,$M77)),"")) | I77: =IF($B77="","",IF($I76="",$C$10,$I76)+IF($G77="",0,$G77)-IF($H77="",0,$H77)) | L77: =IFERROR(MATCH($C$5&"|"&RIGHT("000000"&61,6),LdgRankKeyA,0),"") | M77: =IFERROR(MATCH($C$5&"|"&RIGHT("000000"&61,6),LdgRankKeyB,0),"")
A78: 62 | B78: =IF(AND($L78="",$M78=""),"",IF($L78<>"",INDEX(SCNormDate,$L78),INDEX(LdgDateB,$M78))) | C78: =IF($L78<>"",INDEX(SCOp,$L78),IF($M78<>"","پرداخت بانکی","")) | D78: =IF($L78<>"",IF(INDEX(SCDoc,$L78)="","—",INDEX(SCDoc,$L78)),IF($M78<>"",INDEX(LdgBankB,$M78),"")) | E78: =IF($L78<>"",IF(INDEX(SCCitrus,$L78)&INDEX(SCNotes,$L78)="","",IF(INDEX(SCCitrus,$L78)="","",INDEX(SCCitrus,$L78))&IF(INDEX(SCNotes,$L78)="",""," — "&INDEX(SCNotes,$L78))),IF($M78<>"",IF(INDEX(LdgNoteB,$M78)="","—",INDEX(LdgNoteB,$M78)),"")) | F78: =IF($L78<>"",IF(INDEX(SCNet,$L78)=0,"",INDEX(SCNet,$L78)),"") | G78: =IF($L78<>"",IF(INDEX(SCOp,$L78)="مرجوعی فروش","",IF(INDEX(SCAmount,$L78)<=0,"",INDEX(SCAmount,$L78))),IF($M78<>"",IF(INDEX(LdgWitB,$M78)=0,"",INDEX(LdgWitB,$M78)),"")) | H78: =IF($L78<>"",IF(INDEX(SCOp,$L78)="مرجوعی فروش",IF(INDEX(SCAmount,$L78)=0,"",-INDEX(SCAmount,$L78)),""),IF($M78<>"",IF(INDEX(LdgDepB,$M78)=0,"",INDEX(LdgDepB,$M78)),"")) | I78: =IF($B78="","",IF($I77="",$C$10,$I77)+IF($G78="",0,$G78)-IF($H78="",0,$H78)) | L78: =IFERROR(MATCH($C$5&"|"&RIGHT("000000"&62,6),LdgRankKeyA,0),"") | M78: =IFERROR(MATCH($C$5&"|"&RIGHT("000000"&62,6),LdgRankKeyB,0),"")
A79: 63 | B79: =IF(AND($L79="",$M79=""),"",IF($L79<>"",INDEX(SCNormDate,$L79),INDEX(LdgDateB,$M79))) | C79: =IF($L79<>"",INDEX(SCOp,$L79),IF($M79<>"","پرداخت بانکی","")) | D79: =IF($L79<>"",IF(INDEX(SCDoc,$L79)="","—",INDEX(SCDoc,$L79)),IF($M79<>"",INDEX(LdgBankB,$M79),"")) | E79: =IF($L79<>"",IF(INDEX(SCCitrus,$L79)&INDEX(SCNotes,$L79)="","",IF(INDEX(SCCitrus,$L79)="","",INDEX(SCCitrus,$L79))&IF(INDEX(SCNotes,$L79)="",""," — "&INDEX(SCNotes,$L79))),IF($M79<>"",IF(INDEX(LdgNoteB,$M79)="","—",INDEX(LdgNoteB,$M79)),"")) | F79: =IF($L79<>"",IF(INDEX(SCNet,$L79)=0,"",INDEX(SCNet,$L79)),"") | G79: =IF($L79<>"",IF(INDEX(SCOp,$L79)="مرجوعی فروش","",IF(INDEX(SCAmount,$L79)<=0,"",INDEX(SCAmount,$L79))),IF($M79<>"",IF(INDEX(LdgWitB,$M79)=0,"",INDEX(LdgWitB,$M79)),"")) | H79: =IF($L79<>"",IF(INDEX(SCOp,$L79)="مرجوعی فروش",IF(INDEX(SCAmount,$L79)=0,"",-INDEX(SCAmount,$L79)),""),IF($M79<>"",IF(INDEX(LdgDepB,$M79)=0,"",INDEX(LdgDepB,$M79)),"")) | I79: =IF($B79="","",IF($I78="",$C$10,$I78)+IF($G79="",0,$G79)-IF($H79="",0,$H79)) | L79: =IFERROR(MATCH($C$5&"|"&RIGHT("000000"&63,6),LdgRankKeyA,0),"") | M79: =IFERROR(MATCH($C$5&"|"&RIGHT("000000"&63,6),LdgRankKeyB,0),"")
A80: 64 | B80: =IF(AND($L80="",$M80=""),"",IF($L80<>"",INDEX(SCNormDate,$L80),INDEX(LdgDateB,$M80))) | C80: =IF($L80<>"",INDEX(SCOp,$L80),IF($M80<>"","پرداخت بانکی","")) | D80: =IF($L80<>"",IF(INDEX(SCDoc,$L80)="","—",INDEX(SCDoc,$L80)),IF($M80<>"",INDEX(LdgBankB,$M80),"")) | E80: =IF($L80<>"",IF(INDEX(SCCitrus,$L80)&INDEX(SCNotes,$L80)="","",IF(INDEX(SCCitrus,$L80)="","",INDEX(SCCitrus,$L80))&IF(INDEX(SCNotes,$L80)="",""," — "&INDEX(SCNotes,$L80))),IF($M80<>"",IF(INDEX(LdgNoteB,$M80)="","—",INDEX(LdgNoteB,$M80)),"")) | F80: =IF($L80<>"",IF(INDEX(SCNet,$L80)=0,"",INDEX(SCNet,$L80)),"") | G80: =IF($L80<>"",IF(INDEX(SCOp,$L80)="مرجوعی فروش","",IF(INDEX(SCAmount,$L80)<=0,"",INDEX(SCAmount,$L80))),IF($M80<>"",IF(INDEX(LdgWitB,$M80)=0,"",INDEX(LdgWitB,$M80)),"")) | H80: =IF($L80<>"",IF(INDEX(SCOp,$L80)="مرجوعی فروش",IF(INDEX(SCAmount,$L80)=0,"",-INDEX(SCAmount,$L80)),""),IF($M80<>"",IF(INDEX(LdgDepB,$M80)=0,"",INDEX(LdgDepB,$M80)),"")) | I80: =IF($B80="","",IF($I79="",$C$10,$I79)+IF($G80="",0,$G80)-IF($H80="",0,$H80)) | L80: =IFERROR(MATCH($C$5&"|"&RIGHT("000000"&64,6),LdgRankKeyA,0),"") | M80: =IFERROR(MATCH($C$5&"|"&RIGHT("000000"&64,6),LdgRankKeyB,0),"")
A81: 65 | B81: =IF(AND($L81="",$M81=""),"",IF($L81<>"",INDEX(SCNormDate,$L81),INDEX(LdgDateB,$M81))) | C81: =IF($L81<>"",INDEX(SCOp,$L81),IF($M81<>"","پرداخت بانکی","")) | D81: =IF($L81<>"",IF(INDEX(SCDoc,$L81)="","—",INDEX(SCDoc,$L81)),IF($M81<>"",INDEX(LdgBankB,$M81),"")) | E81: =IF($L81<>"",IF(INDEX(SCCitrus,$L81)&INDEX(SCNotes,$L81)="","",IF(INDEX(SCCitrus,$L81)="","",INDEX(SCCitrus,$L81))&IF(INDEX(SCNotes,$L81)="",""," — "&INDEX(SCNotes,$L81))),IF($M81<>"",IF(INDEX(LdgNoteB,$M81)="","—",INDEX(LdgNoteB,$M81)),"")) | F81: =IF($L81<>"",IF(INDEX(SCNet,$L81)=0,"",INDEX(SCNet,$L81)),"") | G81: =IF($L81<>"",IF(INDEX(SCOp,$L81)="مرجوعی فروش","",IF(INDEX(SCAmount,$L81)<=0,"",INDEX(SCAmount,$L81))),IF($M81<>"",IF(INDEX(LdgWitB,$M81)=0,"",INDEX(LdgWitB,$M81)),"")) | H81: =IF($L81<>"",IF(INDEX(SCOp,$L81)="مرجوعی فروش",IF(INDEX(SCAmount,$L81)=0,"",-INDEX(SCAmount,$L81)),""),IF($M81<>"",IF(INDEX(LdgDepB,$M81)=0,"",INDEX(LdgDepB,$M81)),"")) | I81: =IF($B81="","",IF($I80="",$C$10,$I80)+IF($G81="",0,$G81)-IF($H81="",0,$H81)) | L81: =IFERROR(MATCH($C$5&"|"&RIGHT("000000"&65,6),LdgRankKeyA,0),"") | M81: =IFERROR(MATCH($C$5&"|"&RIGHT("000000"&65,6),LdgRankKeyB,0),"")
A82: 66 | B82: =IF(AND($L82="",$M82=""),"",IF($L82<>"",INDEX(SCNormDate,$L82),INDEX(LdgDateB,$M82))) | C82: =IF($L82<>"",INDEX(SCOp,$L82),IF($M82<>"","پرداخت بانکی","")) | D82: =IF($L82<>"",IF(INDEX(SCDoc,$L82)="","—",INDEX(SCDoc,$L82)),IF($M82<>"",INDEX(LdgBankB,$M82),"")) | E82: =IF($L82<>"",IF(INDEX(SCCitrus,$L82)&INDEX(SCNotes,$L82)="","",IF(INDEX(SCCitrus,$L82)="","",INDEX(SCCitrus,$L82))&IF(INDEX(SCNotes,$L82)="",""," — "&INDEX(SCNotes,$L82))),IF($M82<>"",IF(INDEX(LdgNoteB,$M82)="","—",INDEX(LdgNoteB,$M82)),"")) | F82: =IF($L82<>"",IF(INDEX(SCNet,$L82)=0,"",INDEX(SCNet,$L82)),"") | G82: =IF($L82<>"",IF(INDEX(SCOp,$L82)="مرجوعی فروش","",IF(INDEX(SCAmount,$L82)<=0,"",INDEX(SCAmount,$L82))),IF($M82<>"",IF(INDEX(LdgWitB,$M82)=0,"",INDEX(LdgWitB,$M82)),"")) | H82: =IF($L82<>"",IF(INDEX(SCOp,$L82)="مرجوعی فروش",IF(INDEX(SCAmount,$L82)=0,"",-INDEX(SCAmount,$L82)),""),IF($M82<>"",IF(INDEX(LdgDepB,$M82)=0,"",INDEX(LdgDepB,$M82)),"")) | I82: =IF($B82="","",IF($I81="",$C$10,$I81)+IF($G82="",0,$G82)-IF($H82="",0,$H82)) | L82: =IFERROR(MATCH($C$5&"|"&RIGHT("000000"&66,6),LdgRankKeyA,0),"") | M82: =IFERROR(MATCH($C$5&"|"&RIGHT("000000"&66,6),LdgRankKeyB,0),"")
A83: 67 | B83: =IF(AND($L83="",$M83=""),"",IF($L83<>"",INDEX(SCNormDate,$L83),INDEX(LdgDateB,$M83))) | C83: =IF($L83<>"",INDEX(SCOp,$L83),IF($M83<>"","پرداخت بانکی","")) | D83: =IF($L83<>"",IF(INDEX(SCDoc,$L83)="","—",INDEX(SCDoc,$L83)),IF($M83<>"",INDEX(LdgBankB,$M83),"")) | E83: =IF($L83<>"",IF(INDEX(SCCitrus,$L83)&INDEX(SCNotes,$L83)="","",IF(INDEX(SCCitrus,$L83)="","",INDEX(SCCitrus,$L83))&IF(INDEX(SCNotes,$L83)="",""," — "&INDEX(SCNotes,$L83))),IF($M83<>"",IF(INDEX(LdgNoteB,$M83)="","—",INDEX(LdgNoteB,$M83)),"")) | F83: =IF($L83<>"",IF(INDEX(SCNet,$L83)=0,"",INDEX(SCNet,$L83)),"") | G83: =IF($L83<>"",IF(INDEX(SCOp,$L83)="مرجوعی فروش","",IF(INDEX(SCAmount,$L83)<=0,"",INDEX(SCAmount,$L83))),IF($M83<>"",IF(INDEX(LdgWitB,$M83)=0,"",INDEX(LdgWitB,$M83)),"")) | H83: =IF($L83<>"",IF(INDEX(SCOp,$L83)="مرجوعی فروش",IF(INDEX(SCAmount,$L83)=0,"",-INDEX(SCAmount,$L83)),""),IF($M83<>"",IF(INDEX(LdgDepB,$M83)=0,"",INDEX(LdgDepB,$M83)),"")) | I83: =IF($B83="","",IF($I82="",$C$10,$I82)+IF($G83="",0,$G83)-IF($H83="",0,$H83)) | L83: =IFERROR(MATCH($C$5&"|"&RIGHT("000000"&67,6),LdgRankKeyA,0),"") | M83: =IFERROR(MATCH($C$5&"|"&RIGHT("000000"&67,6),LdgRankKeyB,0),"")
A84: 68 | B84: =IF(AND($L84="",$M84=""),"",IF($L84<>"",INDEX(SCNormDate,$L84),INDEX(LdgDateB,$M84))) | C84: =IF($L84<>"",INDEX(SCOp,$L84),IF($M84<>"","پرداخت بانکی","")) | D84: =IF($L84<>"",IF(INDEX(SCDoc,$L84)="","—",INDEX(SCDoc,$L84)),IF($M84<>"",INDEX(LdgBankB,$M84),"")) | E84: =IF($L84<>"",IF(INDEX(SCCitrus,$L84)&INDEX(SCNotes,$L84)="","",IF(INDEX(SCCitrus,$L84)="","",INDEX(SCCitrus,$L84))&IF(INDEX(SCNotes,$L84)="",""," — "&INDEX(SCNotes,$L84))),IF($M84<>"",IF(INDEX(LdgNoteB,$M84)="","—",INDEX(LdgNoteB,$M84)),"")) | F84: =IF($L84<>"",IF(INDEX(SCNet,$L84)=0,"",INDEX(SCNet,$L84)),"") | G84: =IF($L84<>"",IF(INDEX(SCOp,$L84)="مرجوعی فروش","",IF(INDEX(SCAmount,$L84)<=0,"",INDEX(SCAmount,$L84))),IF($M84<>"",IF(INDEX(LdgWitB,$M84)=0,"",INDEX(LdgWitB,$M84)),"")) | H84: =IF($L84<>"",IF(INDEX(SCOp,$L84)="مرجوعی فروش",IF(INDEX(SCAmount,$L84)=0,"",-INDEX(SCAmount,$L84)),""),IF($M84<>"",IF(INDEX(LdgDepB,$M84)=0,"",INDEX(LdgDepB,$M84)),"")) | I84: =IF($B84="","",IF($I83="",$C$10,$I83)+IF($G84="",0,$G84)-IF($H84="",0,$H84)) | L84: =IFERROR(MATCH($C$5&"|"&RIGHT("000000"&68,6),LdgRankKeyA,0),"") | M84: =IFERROR(MATCH($C$5&"|"&RIGHT("000000"&68,6),LdgRankKeyB,0),"")
A85: 69 | B85: =IF(AND($L85="",$M85=""),"",IF($L85<>"",INDEX(SCNormDate,$L85),INDEX(LdgDateB,$M85))) | C85: =IF($L85<>"",INDEX(SCOp,$L85),IF($M85<>"","پرداخت بانکی","")) | D85: =IF($L85<>"",IF(INDEX(SCDoc,$L85)="","—",INDEX(SCDoc,$L85)),IF($M85<>"",INDEX(LdgBankB,$M85),"")) | E85: =IF($L85<>"",IF(INDEX(SCCitrus,$L85)&INDEX(SCNotes,$L85)="","",IF(INDEX(SCCitrus,$L85)="","",INDEX(SCCitrus,$L85))&IF(INDEX(SCNotes,$L85)="",""," — "&INDEX(SCNotes,$L85))),IF($M85<>"",IF(INDEX(LdgNoteB,$M85)="","—",INDEX(LdgNoteB,$M85)),"")) | F85: =IF($L85<>"",IF(INDEX(SCNet,$L85)=0,"",INDEX(SCNet,$L85)),"") | G85: =IF($L85<>"",IF(INDEX(SCOp,$L85)="مرجوعی فروش","",IF(INDEX(SCAmount,$L85)<=0,"",INDEX(SCAmount,$L85))),IF($M85<>"",IF(INDEX(LdgWitB,$M85)=0,"",INDEX(LdgWitB,$M85)),"")) | H85: =IF($L85<>"",IF(INDEX(SCOp,$L85)="مرجوعی فروش",IF(INDEX(SCAmount,$L85)=0,"",-INDEX(SCAmount,$L85)),""),IF($M85<>"",IF(INDEX(LdgDepB,$M85)=0,"",INDEX(LdgDepB,$M85)),"")) | I85: =IF($B85="","",IF($I84="",$C$10,$I84)+IF($G85="",0,$G85)-IF($H85="",0,$H85)) | L85: =IFERROR(MATCH($C$5&"|"&RIGHT("000000"&69,6),LdgRankKeyA,0),"") | M85: =IFERROR(MATCH($C$5&"|"&RIGHT("000000"&69,6),LdgRankKeyB,0),"")
A86: 70 | B86: =IF(AND($L86="",$M86=""),"",IF($L86<>"",INDEX(SCNormDate,$L86),INDEX(LdgDateB,$M86))) | C86: =IF($L86<>"",INDEX(SCOp,$L86),IF($M86<>"","پرداخت بانکی","")) | D86: =IF($L86<>"",IF(INDEX(SCDoc,$L86)="","—",INDEX(SCDoc,$L86)),IF($M86<>"",INDEX(LdgBankB,$M86),"")) | E86: =IF($L86<>"",IF(INDEX(SCCitrus,$L86)&INDEX(SCNotes,$L86)="","",IF(INDEX(SCCitrus,$L86)="","",INDEX(SCCitrus,$L86))&IF(INDEX(SCNotes,$L86)="",""," — "&INDEX(SCNotes,$L86))),IF($M86<>"",IF(INDEX(LdgNoteB,$M86)="","—",INDEX(LdgNoteB,$M86)),"")) | F86: =IF($L86<>"",IF(INDEX(SCNet,$L86)=0,"",INDEX(SCNet,$L86)),"") | G86: =IF($L86<>"",IF(INDEX(SCOp,$L86)="مرجوعی فروش","",IF(INDEX(SCAmount,$L86)<=0,"",INDEX(SCAmount,$L86))),IF($M86<>"",IF(INDEX(LdgWitB,$M86)=0,"",INDEX(LdgWitB,$M86)),"")) | H86: =IF($L86<>"",IF(INDEX(SCOp,$L86)="مرجوعی فروش",IF(INDEX(SCAmount,$L86)=0,"",-INDEX(SCAmount,$L86)),""),IF($M86<>"",IF(INDEX(LdgDepB,$M86)=0,"",INDEX(LdgDepB,$M86)),"")) | I86: =IF($B86="","",IF($I85="",$C$10,$I85)+IF($G86="",0,$G86)-IF($H86="",0,$H86)) | L86: =IFERROR(MATCH($C$5&"|"&RIGHT("000000"&70,6),LdgRankKeyA,0),"") | M86: =IFERROR(MATCH($C$5&"|"&RIGHT("000000"&70,6),LdgRankKeyB,0),"")
A87: 71 | B87: =IF(AND($L87="",$M87=""),"",IF($L87<>"",INDEX(SCNormDate,$L87),INDEX(LdgDateB,$M87))) | C87: =IF($L87<>"",INDEX(SCOp,$L87),IF($M87<>"","پرداخت بانکی","")) | D87: =IF($L87<>"",IF(INDEX(SCDoc,$L87)="","—",INDEX(SCDoc,$L87)),IF($M87<>"",INDEX(LdgBankB,$M87),"")) | E87: =IF($L87<>"",IF(INDEX(SCCitrus,$L87)&INDEX(SCNotes,$L87)="","",IF(INDEX(SCCitrus,$L87)="","",INDEX(SCCitrus,$L87))&IF(INDEX(SCNotes,$L87)="",""," — "&INDEX(SCNotes,$L87))),IF($M87<>"",IF(INDEX(LdgNoteB,$M87)="","—",INDEX(LdgNoteB,$M87)),"")) | F87: =IF($L87<>"",IF(INDEX(SCNet,$L87)=0,"",INDEX(SCNet,$L87)),"") | G87: =IF($L87<>"",IF(INDEX(SCOp,$L87)="مرجوعی فروش","",IF(INDEX(SCAmount,$L87)<=0,"",INDEX(SCAmount,$L87))),IF($M87<>"",IF(INDEX(LdgWitB,$M87)=0,"",INDEX(LdgWitB,$M87)),"")) | H87: =IF($L87<>"",IF(INDEX(SCOp,$L87)="مرجوعی فروش",IF(INDEX(SCAmount,$L87)=0,"",-INDEX(SCAmount,$L87)),""),IF($M87<>"",IF(INDEX(LdgDepB,$M87)=0,"",INDEX(LdgDepB,$M87)),"")) | I87: =IF($B87="","",IF($I86="",$C$10,$I86)+IF($G87="",0,$G87)-IF($H87="",0,$H87)) | L87: =IFERROR(MATCH($C$5&"|"&RIGHT("000000"&71,6),LdgRankKeyA,0),"") | M87: =IFERROR(MATCH($C$5&"|"&RIGHT("000000"&71,6),LdgRankKeyB,0),"")
A88: 72 | B88: =IF(AND($L88="",$M88=""),"",IF($L88<>"",INDEX(SCNormDate,$L88),INDEX(LdgDateB,$M88))) | C88: =IF($L88<>"",INDEX(SCOp,$L88),IF($M88<>"","پرداخت بانکی","")) | D88: =IF($L88<>"",IF(INDEX(SCDoc,$L88)="","—",INDEX(SCDoc,$L88)),IF($M88<>"",INDEX(LdgBankB,$M88),"")) | E88: =IF($L88<>"",IF(INDEX(SCCitrus,$L88)&INDEX(SCNotes,$L88)="","",IF(INDEX(SCCitrus,$L88)="","",INDEX(SCCitrus,$L88))&IF(INDEX(SCNotes,$L88)="",""," — "&INDEX(SCNotes,$L88))),IF($M88<>"",IF(INDEX(LdgNoteB,$M88)="","—",INDEX(LdgNoteB,$M88)),"")) | F88: =IF($L88<>"",IF(INDEX(SCNet,$L88)=0,"",INDEX(SCNet,$L88)),"") | G88: =IF($L88<>"",IF(INDEX(SCOp,$L88)="مرجوعی فروش","",IF(INDEX(SCAmount,$L88)<=0,"",INDEX(SCAmount,$L88))),IF($M88<>"",IF(INDEX(LdgWitB,$M88)=0,"",INDEX(LdgWitB,$M88)),"")) | H88: =IF($L88<>"",IF(INDEX(SCOp,$L88)="مرجوعی فروش",IF(INDEX(SCAmount,$L88)=0,"",-INDEX(SCAmount,$L88)),""),IF($M88<>"",IF(INDEX(LdgDepB,$M88)=0,"",INDEX(LdgDepB,$M88)),"")) | I88: =IF($B88="","",IF($I87="",$C$10,$I87)+IF($G88="",0,$G88)-IF($H88="",0,$H88)) | L88: =IFERROR(MATCH($C$5&"|"&RIGHT("000000"&72,6),LdgRankKeyA,0),"") | M88: =IFERROR(MATCH($C$5&"|"&RIGHT("000000"&72,6),LdgRankKeyB,0),"")
A89: 73 | B89: =IF(AND($L89="",$M89=""),"",IF($L89<>"",INDEX(SCNormDate,$L89),INDEX(LdgDateB,$M89))) | C89: =IF($L89<>"",INDEX(SCOp,$L89),IF($M89<>"","پرداخت بانکی","")) | D89: =IF($L89<>"",IF(INDEX(SCDoc,$L89)="","—",INDEX(SCDoc,$L89)),IF($M89<>"",INDEX(LdgBankB,$M89),"")) | E89: =IF($L89<>"",IF(INDEX(SCCitrus,$L89)&INDEX(SCNotes,$L89)="","",IF(INDEX(SCCitrus,$L89)="","",INDEX(SCCitrus,$L89))&IF(INDEX(SCNotes,$L89)="",""," — "&INDEX(SCNotes,$L89))),IF($M89<>"",IF(INDEX(LdgNoteB,$M89)="","—",INDEX(LdgNoteB,$M89)),"")) | F89: =IF($L89<>"",IF(INDEX(SCNet,$L89)=0,"",INDEX(SCNet,$L89)),"") | G89: =IF($L89<>"",IF(INDEX(SCOp,$L89)="مرجوعی فروش","",IF(INDEX(SCAmount,$L89)<=0,"",INDEX(SCAmount,$L89))),IF($M89<>"",IF(INDEX(LdgWitB,$M89)=0,"",INDEX(LdgWitB,$M89)),"")) | H89: =IF($L89<>"",IF(INDEX(SCOp,$L89)="مرجوعی فروش",IF(INDEX(SCAmount,$L89)=0,"",-INDEX(SCAmount,$L89)),""),IF($M89<>"",IF(INDEX(LdgDepB,$M89)=0,"",INDEX(LdgDepB,$M89)),"")) | I89: =IF($B89="","",IF($I88="",$C$10,$I88)+IF($G89="",0,$G89)-IF($H89="",0,$H89)) | L89: =IFERROR(MATCH($C$5&"|"&RIGHT("000000"&73,6),LdgRankKeyA,0),"") | M89: =IFERROR(MATCH($C$5&"|"&RIGHT("000000"&73,6),LdgRankKeyB,0),"")
A90: 74 | B90: =IF(AND($L90="",$M90=""),"",IF($L90<>"",INDEX(SCNormDate,$L90),INDEX(LdgDateB,$M90))) | C90: =IF($L90<>"",INDEX(SCOp,$L90),IF($M90<>"","پرداخت بانکی","")) | D90: =IF($L90<>"",IF(INDEX(SCDoc,$L90)="","—",INDEX(SCDoc,$L90)),IF($M90<>"",INDEX(LdgBankB,$M90),"")) | E90: =IF($L90<>"",IF(INDEX(SCCitrus,$L90)&INDEX(SCNotes,$L90)="","",IF(INDEX(SCCitrus,$L90)="","",INDEX(SCCitrus,$L90))&IF(INDEX(SCNotes,$L90)="",""," — "&INDEX(SCNotes,$L90))),IF($M90<>"",IF(INDEX(LdgNoteB,$M90)="","—",INDEX(LdgNoteB,$M90)),"")) | F90: =IF($L90<>"",IF(INDEX(SCNet,$L90)=0,"",INDEX(SCNet,$L90)),"") | G90: =IF($L90<>"",IF(INDEX(SCOp,$L90)="مرجوعی فروش","",IF(INDEX(SCAmount,$L90)<=0,"",INDEX(SCAmount,$L90))),IF($M90<>"",IF(INDEX(LdgWitB,$M90)=0,"",INDEX(LdgWitB,$M90)),"")) | H90: =IF($L90<>"",IF(INDEX(SCOp,$L90)="مرجوعی فروش",IF(INDEX(SCAmount,$L90)=0,"",-INDEX(SCAmount,$L90)),""),IF($M90<>"",IF(INDEX(LdgDepB,$M90)=0,"",INDEX(LdgDepB,$M90)),"")) | I90: =IF($B90="","",IF($I89="",$C$10,$I89)+IF($G90="",0,$G90)-IF($H90="",0,$H90)) | L90: =IFERROR(MATCH($C$5&"|"&RIGHT("000000"&74,6),LdgRankKeyA,0),"") | M90: =IFERROR(MATCH($C$5&"|"&RIGHT("000000"&74,6),LdgRankKeyB,0),"")
A91: 75 | B91: =IF(AND($L91="",$M91=""),"",IF($L91<>"",INDEX(SCNormDate,$L91),INDEX(LdgDateB,$M91))) | C91: =IF($L91<>"",INDEX(SCOp,$L91),IF($M91<>"","پرداخت بانکی","")) | D91: =IF($L91<>"",IF(INDEX(SCDoc,$L91)="","—",INDEX(SCDoc,$L91)),IF($M91<>"",INDEX(LdgBankB,$M91),"")) | E91: =IF($L91<>"",IF(INDEX(SCCitrus,$L91)&INDEX(SCNotes,$L91)="","",IF(INDEX(SCCitrus,$L91)="","",INDEX(SCCitrus,$L91))&IF(INDEX(SCNotes,$L91)="",""," — "&INDEX(SCNotes,$L91))),IF($M91<>"",IF(INDEX(LdgNoteB,$M91)="","—",INDEX(LdgNoteB,$M91)),"")) | F91: =IF($L91<>"",IF(INDEX(SCNet,$L91)=0,"",INDEX(SCNet,$L91)),"") | G91: =IF($L91<>"",IF(INDEX(SCOp,$L91)="مرجوعی فروش","",IF(INDEX(SCAmount,$L91)<=0,"",INDEX(SCAmount,$L91))),IF($M91<>"",IF(INDEX(LdgWitB,$M91)=0,"",INDEX(LdgWitB,$M91)),"")) | H91: =IF($L91<>"",IF(INDEX(SCOp,$L91)="مرجوعی فروش",IF(INDEX(SCAmount,$L91)=0,"",-INDEX(SCAmount,$L91)),""),IF($M91<>"",IF(INDEX(LdgDepB,$M91)=0,"",INDEX(LdgDepB,$M91)),"")) | I91: =IF($B91="","",IF($I90="",$C$10,$I90)+IF($G91="",0,$G91)-IF($H91="",0,$H91)) | L91: =IFERROR(MATCH($C$5&"|"&RIGHT("000000"&75,6),LdgRankKeyA,0),"") | M91: =IFERROR(MATCH($C$5&"|"&RIGHT("000000"&75,6),LdgRankKeyB,0),"")
A92: 76 | B92: =IF(AND($L92="",$M92=""),"",IF($L92<>"",INDEX(SCNormDate,$L92),INDEX(LdgDateB,$M92))) | C92: =IF($L92<>"",INDEX(SCOp,$L92),IF($M92<>"","پرداخت بانکی","")) | D92: =IF($L92<>"",IF(INDEX(SCDoc,$L92)="","—",INDEX(SCDoc,$L92)),IF($M92<>"",INDEX(LdgBankB,$M92),"")) | E92: =IF($L92<>"",IF(INDEX(SCCitrus,$L92)&INDEX(SCNotes,$L92)="","",IF(INDEX(SCCitrus,$L92)="","",INDEX(SCCitrus,$L92))&IF(INDEX(SCNotes,$L92)="",""," — "&INDEX(SCNotes,$L92))),IF($M92<>"",IF(INDEX(LdgNoteB,$M92)="","—",INDEX(LdgNoteB,$M92)),"")) | F92: =IF($L92<>"",IF(INDEX(SCNet,$L92)=0,"",INDEX(SCNet,$L92)),"") | G92: =IF($L92<>"",IF(INDEX(SCOp,$L92)="مرجوعی فروش","",IF(INDEX(SCAmount,$L92)<=0,"",INDEX(SCAmount,$L92))),IF($M92<>"",IF(INDEX(LdgWitB,$M92)=0,"",INDEX(LdgWitB,$M92)),"")) | H92: =IF($L92<>"",IF(INDEX(SCOp,$L92)="مرجوعی فروش",IF(INDEX(SCAmount,$L92)=0,"",-INDEX(SCAmount,$L92)),""),IF($M92<>"",IF(INDEX(LdgDepB,$M92)=0,"",INDEX(LdgDepB,$M92)),"")) | I92: =IF($B92="","",IF($I91="",$C$10,$I91)+IF($G92="",0,$G92)-IF($H92="",0,$H92)) | L92: =IFERROR(MATCH($C$5&"|"&RIGHT("000000"&76,6),LdgRankKeyA,0),"") | M92: =IFERROR(MATCH($C$5&"|"&RIGHT("000000"&76,6),LdgRankKeyB,0),"")
A93: 77 | B93: =IF(AND($L93="",$M93=""),"",IF($L93<>"",INDEX(SCNormDate,$L93),INDEX(LdgDateB,$M93))) | C93: =IF($L93<>"",INDEX(SCOp,$L93),IF($M93<>"","پرداخت بانکی","")) | D93: =IF($L93<>"",IF(INDEX(SCDoc,$L93)="","—",INDEX(SCDoc,$L93)),IF($M93<>"",INDEX(LdgBankB,$M93),"")) | E93: =IF($L93<>"",IF(INDEX(SCCitrus,$L93)&INDEX(SCNotes,$L93)="","",IF(INDEX(SCCitrus,$L93)="","",INDEX(SCCitrus,$L93))&IF(INDEX(SCNotes,$L93)="",""," — "&INDEX(SCNotes,$L93))),IF($M93<>"",IF(INDEX(LdgNoteB,$M93)="","—",INDEX(LdgNoteB,$M93)),"")) | F93: =IF($L93<>"",IF(INDEX(SCNet,$L93)=0,"",INDEX(SCNet,$L93)),"") | G93: =IF($L93<>"",IF(INDEX(SCOp,$L93)="مرجوعی فروش","",IF(INDEX(SCAmount,$L93)<=0,"",INDEX(SCAmount,$L93))),IF($M93<>"",IF(INDEX(LdgWitB,$M93)=0,"",INDEX(LdgWitB,$M93)),"")) | H93: =IF($L93<>"",IF(INDEX(SCOp,$L93)="مرجوعی فروش",IF(INDEX(SCAmount,$L93)=0,"",-INDEX(SCAmount,$L93)),""),IF($M93<>"",IF(INDEX(LdgDepB,$M93)=0,"",INDEX(LdgDepB,$M93)),"")) | I93: =IF($B93="","",IF($I92="",$C$10,$I92)+IF($G93="",0,$G93)-IF($H93="",0,$H93)) | L93: =IFERROR(MATCH($C$5&"|"&RIGHT("000000"&77,6),LdgRankKeyA,0),"") | M93: =IFERROR(MATCH($C$5&"|"&RIGHT("000000"&77,6),LdgRankKeyB,0),"")
A94: 78 | B94: =IF(AND($L94="",$M94=""),"",IF($L94<>"",INDEX(SCNormDate,$L94),INDEX(LdgDateB,$M94))) | C94: =IF($L94<>"",INDEX(SCOp,$L94),IF($M94<>"","پرداخت بانکی","")) | D94: =IF($L94<>"",IF(INDEX(SCDoc,$L94)="","—",INDEX(SCDoc,$L94)),IF($M94<>"",INDEX(LdgBankB,$M94),"")) | E94: =IF($L94<>"",IF(INDEX(SCCitrus,$L94)&INDEX(SCNotes,$L94)="","",IF(INDEX(SCCitrus,$L94)="","",INDEX(SCCitrus,$L94))&IF(INDEX(SCNotes,$L94)="",""," — "&INDEX(SCNotes,$L94))),IF($M94<>"",IF(INDEX(LdgNoteB,$M94)="","—",INDEX(LdgNoteB,$M94)),"")) | F94: =IF($L94<>"",IF(INDEX(SCNet,$L94)=0,"",INDEX(SCNet,$L94)),"") | G94: =IF($L94<>"",IF(INDEX(SCOp,$L94)="مرجوعی فروش","",IF(INDEX(SCAmount,$L94)<=0,"",INDEX(SCAmount,$L94))),IF($M94<>"",IF(INDEX(LdgWitB,$M94)=0,"",INDEX(LdgWitB,$M94)),"")) | H94: =IF($L94<>"",IF(INDEX(SCOp,$L94)="مرجوعی فروش",IF(INDEX(SCAmount,$L94)=0,"",-INDEX(SCAmount,$L94)),""),IF($M94<>"",IF(INDEX(LdgDepB,$M94)=0,"",INDEX(LdgDepB,$M94)),"")) | I94: =IF($B94="","",IF($I93="",$C$10,$I93)+IF($G94="",0,$G94)-IF($H94="",0,$H94)) | L94: =IFERROR(MATCH($C$5&"|"&RIGHT("000000"&78,6),LdgRankKeyA,0),"") | M94: =IFERROR(MATCH($C$5&"|"&RIGHT("000000"&78,6),LdgRankKeyB,0),"")
A95: 79 | B95: =IF(AND($L95="",$M95=""),"",IF($L95<>"",INDEX(SCNormDate,$L95),INDEX(LdgDateB,$M95))) | C95: =IF($L95<>"",INDEX(SCOp,$L95),IF($M95<>"","پرداخت بانکی","")) | D95: =IF($L95<>"",IF(INDEX(SCDoc,$L95)="","—",INDEX(SCDoc,$L95)),IF($M95<>"",INDEX(LdgBankB,$M95),"")) | E95: =IF($L95<>"",IF(INDEX(SCCitrus,$L95)&INDEX(SCNotes,$L95)="","",IF(INDEX(SCCitrus,$L95)="","",INDEX(SCCitrus,$L95))&IF(INDEX(SCNotes,$L95)="",""," — "&INDEX(SCNotes,$L95))),IF($M95<>"",IF(INDEX(LdgNoteB,$M95)="","—",INDEX(LdgNoteB,$M95)),"")) | F95: =IF($L95<>"",IF(INDEX(SCNet,$L95)=0,"",INDEX(SCNet,$L95)),"") | G95: =IF($L95<>"",IF(INDEX(SCOp,$L95)="مرجوعی فروش","",IF(INDEX(SCAmount,$L95)<=0,"",INDEX(SCAmount,$L95))),IF($M95<>"",IF(INDEX(LdgWitB,$M95)=0,"",INDEX(LdgWitB,$M95)),"")) | H95: =IF($L95<>"",IF(INDEX(SCOp,$L95)="مرجوعی فروش",IF(INDEX(SCAmount,$L95)=0,"",-INDEX(SCAmount,$L95)),""),IF($M95<>"",IF(INDEX(LdgDepB,$M95)=0,"",INDEX(LdgDepB,$M95)),"")) | I95: =IF($B95="","",IF($I94="",$C$10,$I94)+IF($G95="",0,$G95)-IF($H95="",0,$H95)) | L95: =IFERROR(MATCH($C$5&"|"&RIGHT("000000"&79,6),LdgRankKeyA,0),"") | M95: =IFERROR(MATCH($C$5&"|"&RIGHT("000000"&79,6),LdgRankKeyB,0),"")
A96: 80 | B96: =IF(AND($L96="",$M96=""),"",IF($L96<>"",INDEX(SCNormDate,$L96),INDEX(LdgDateB,$M96))) | C96: =IF($L96<>"",INDEX(SCOp,$L96),IF($M96<>"","پرداخت بانکی","")) | D96: =IF($L96<>"",IF(INDEX(SCDoc,$L96)="","—",INDEX(SCDoc,$L96)),IF($M96<>"",INDEX(LdgBankB,$M96),"")) | E96: =IF($L96<>"",IF(INDEX(SCCitrus,$L96)&INDEX(SCNotes,$L96)="","",IF(INDEX(SCCitrus,$L96)="","",INDEX(SCCitrus,$L96))&IF(INDEX(SCNotes,$L96)="",""," — "&INDEX(SCNotes,$L96))),IF($M96<>"",IF(INDEX(LdgNoteB,$M96)="","—",INDEX(LdgNoteB,$M96)),"")) | F96: =IF($L96<>"",IF(INDEX(SCNet,$L96)=0,"",INDEX(SCNet,$L96)),"") | G96: =IF($L96<>"",IF(INDEX(SCOp,$L96)="مرجوعی فروش","",IF(INDEX(SCAmount,$L96)<=0,"",INDEX(SCAmount,$L96))),IF($M96<>"",IF(INDEX(LdgWitB,$M96)=0,"",INDEX(LdgWitB,$M96)),"")) | H96: =IF($L96<>"",IF(INDEX(SCOp,$L96)="مرجوعی فروش",IF(INDEX(SCAmount,$L96)=0,"",-INDEX(SCAmount,$L96)),""),IF($M96<>"",IF(INDEX(LdgDepB,$M96)=0,"",INDEX(LdgDepB,$M96)),"")) | I96: =IF($B96="","",IF($I95="",$C$10,$I95)+IF($G96="",0,$G96)-IF($H96="",0,$H96)) | L96: =IFERROR(MATCH($C$5&"|"&RIGHT("000000"&80,6),LdgRankKeyA,0),"") | M96: =IFERROR(MATCH($C$5&"|"&RIGHT("000000"&80,6),LdgRankKeyB,0),"")
A97: 81 | B97: =IF(AND($L97="",$M97=""),"",IF($L97<>"",INDEX(SCNormDate,$L97),INDEX(LdgDateB,$M97))) | C97: =IF($L97<>"",INDEX(SCOp,$L97),IF($M97<>"","پرداخت بانکی","")) | D97: =IF($L97<>"",IF(INDEX(SCDoc,$L97)="","—",INDEX(SCDoc,$L97)),IF($M97<>"",INDEX(LdgBankB,$M97),"")) | E97: =IF($L97<>"",IF(INDEX(SCCitrus,$L97)&INDEX(SCNotes,$L97)="","",IF(INDEX(SCCitrus,$L97)="","",INDEX(SCCitrus,$L97))&IF(INDEX(SCNotes,$L97)="",""," — "&INDEX(SCNotes,$L97))),IF($M97<>"",IF(INDEX(LdgNoteB,$M97)="","—",INDEX(LdgNoteB,$M97)),"")) | F97: =IF($L97<>"",IF(INDEX(SCNet,$L97)=0,"",INDEX(SCNet,$L97)),"") | G97: =IF($L97<>"",IF(INDEX(SCOp,$L97)="مرجوعی فروش","",IF(INDEX(SCAmount,$L97)<=0,"",INDEX(SCAmount,$L97))),IF($M97<>"",IF(INDEX(LdgWitB,$M97)=0,"",INDEX(LdgWitB,$M97)),"")) | H97: =IF($L97<>"",IF(INDEX(SCOp,$L97)="مرجوعی فروش",IF(INDEX(SCAmount,$L97)=0,"",-INDEX(SCAmount,$L97)),""),IF($M97<>"",IF(INDEX(LdgDepB,$M97)=0,"",INDEX(LdgDepB,$M97)),"")) | I97: =IF($B97="","",IF($I96="",$C$10,$I96)+IF($G97="",0,$G97)-IF($H97="",0,$H97)) | L97: =IFERROR(MATCH($C$5&"|"&RIGHT("000000"&81,6),LdgRankKeyA,0),"") | M97: =IFERROR(MATCH($C$5&"|"&RIGHT("000000"&81,6),LdgRankKeyB,0),"")
A98: 82 | B98: =IF(AND($L98="",$M98=""),"",IF($L98<>"",INDEX(SCNormDate,$L98),INDEX(LdgDateB,$M98))) | C98: =IF($L98<>"",INDEX(SCOp,$L98),IF($M98<>"","پرداخت بانکی","")) | D98: =IF($L98<>"",IF(INDEX(SCDoc,$L98)="","—",INDEX(SCDoc,$L98)),IF($M98<>"",INDEX(LdgBankB,$M98),"")) | E98: =IF($L98<>"",IF(INDEX(SCCitrus,$L98)&INDEX(SCNotes,$L98)="","",IF(INDEX(SCCitrus,$L98)="","",INDEX(SCCitrus,$L98))&IF(INDEX(SCNotes,$L98)="",""," — "&INDEX(SCNotes,$L98))),IF($M98<>"",IF(INDEX(LdgNoteB,$M98)="","—",INDEX(LdgNoteB,$M98)),"")) | F98: =IF($L98<>"",IF(INDEX(SCNet,$L98)=0,"",INDEX(SCNet,$L98)),"") | G98: =IF($L98<>"",IF(INDEX(SCOp,$L98)="مرجوعی فروش","",IF(INDEX(SCAmount,$L98)<=0,"",INDEX(SCAmount,$L98))),IF($M98<>"",IF(INDEX(LdgWitB,$M98)=0,"",INDEX(LdgWitB,$M98)),"")) | H98: =IF($L98<>"",IF(INDEX(SCOp,$L98)="مرجوعی فروش",IF(INDEX(SCAmount,$L98)=0,"",-INDEX(SCAmount,$L98)),""),IF($M98<>"",IF(INDEX(LdgDepB,$M98)=0,"",INDEX(LdgDepB,$M98)),"")) | I98: =IF($B98="","",IF($I97="",$C$10,$I97)+IF($G98="",0,$G98)-IF($H98="",0,$H98)) | L98: =IFERROR(MATCH($C$5&"|"&RIGHT("000000"&82,6),LdgRankKeyA,0),"") | M98: =IFERROR(MATCH($C$5&"|"&RIGHT("000000"&82,6),LdgRankKeyB,0),"")
A99: 83 | B99: =IF(AND($L99="",$M99=""),"",IF($L99<>"",INDEX(SCNormDate,$L99),INDEX(LdgDateB,$M99))) | C99: =IF($L99<>"",INDEX(SCOp,$L99),IF($M99<>"","پرداخت بانکی","")) | D99: =IF($L99<>"",IF(INDEX(SCDoc,$L99)="","—",INDEX(SCDoc,$L99)),IF($M99<>"",INDEX(LdgBankB,$M99),"")) | E99: =IF($L99<>"",IF(INDEX(SCCitrus,$L99)&INDEX(SCNotes,$L99)="","",IF(INDEX(SCCitrus,$L99)="","",INDEX(SCCitrus,$L99))&IF(INDEX(SCNotes,$L99)="",""," — "&INDEX(SCNotes,$L99))),IF($M99<>"",IF(INDEX(LdgNoteB,$M99)="","—",INDEX(LdgNoteB,$M99)),"")) | F99: =IF($L99<>"",IF(INDEX(SCNet,$L99)=0,"",INDEX(SCNet,$L99)),"") | G99: =IF($L99<>"",IF(INDEX(SCOp,$L99)="مرجوعی فروش","",IF(INDEX(SCAmount,$L99)<=0,"",INDEX(SCAmount,$L99))),IF($M99<>"",IF(INDEX(LdgWitB,$M99)=0,"",INDEX(LdgWitB,$M99)),"")) | H99: =IF($L99<>"",IF(INDEX(SCOp,$L99)="مرجوعی فروش",IF(INDEX(SCAmount,$L99)=0,"",-INDEX(SCAmount,$L99)),""),IF($M99<>"",IF(INDEX(LdgDepB,$M99)=0,"",INDEX(LdgDepB,$M99)),"")) | I99: =IF($B99="","",IF($I98="",$C$10,$I98)+IF($G99="",0,$G99)-IF($H99="",0,$H99)) | L99: =IFERROR(MATCH($C$5&"|"&RIGHT("000000"&83,6),LdgRankKeyA,0),"") | M99: =IFERROR(MATCH($C$5&"|"&RIGHT("000000"&83,6),LdgRankKeyB,0),"")
A100: 84 | B100: =IF(AND($L100="",$M100=""),"",IF($L100<>"",INDEX(SCNormDate,$L100),INDEX(LdgDateB,$M100))) | C100: =IF($L100<>"",INDEX(SCOp,$L100),IF($M100<>"","پرداخت بانکی","")) | D100: =IF($L100<>"",IF(INDEX(SCDoc,$L100)="","—",INDEX(SCDoc,$L100)),IF($M100<>"",INDEX(LdgBankB,$M100),"")) | E100: =IF($L100<>"",IF(INDEX(SCCitrus,$L100)&INDEX(SCNotes,$L100)="","",IF(INDEX(SCCitrus,$L100)="","",INDEX(SCCitrus,$L100))&IF(INDEX(SCNotes,$L100)="",""," — "&INDEX(SCNotes,$L100))),IF($M100<>"",IF(INDEX(LdgNoteB,$M100)="","—",INDEX(LdgNoteB,$M100)),"")) | F100: =IF($L100<>"",IF(INDEX(SCNet,$L100)=0,"",INDEX(SCNet,$L100)),"") | G100: =IF($L100<>"",IF(INDEX(SCOp,$L100)="مرجوعی فروش","",IF(INDEX(SCAmount,$L100)<=0,"",INDEX(SCAmount,$L100))),IF($M100<>"",IF(INDEX(LdgWitB,$M100)=0,"",INDEX(LdgWitB,$M100)),"")) | H100: =IF($L100<>"",IF(INDEX(SCOp,$L100)="مرجوعی فروش",IF(INDEX(SCAmount,$L100)=0,"",-INDEX(SCAmount,$L100)),""),IF($M100<>"",IF(INDEX(LdgDepB,$M100)=0,"",INDEX(LdgDepB,$M100)),"")) | I100: =IF($B100="","",IF($I99="",$C$10,$I99)+IF($G100="",0,$G100)-IF($H100="",0,$H100)) | L100: =IFERROR(MATCH($C$5&"|"&RIGHT("000000"&84,6),LdgRankKeyA,0),"") | M100: =IFERROR(MATCH($C$5&"|"&RIGHT("000000"&84,6),LdgRankKeyB,0),"")
A101: 85 | B101: =IF(AND($L101="",$M101=""),"",IF($L101<>"",INDEX(SCNormDate,$L101),INDEX(LdgDateB,$M101))) | C101: =IF($L101<>"",INDEX(SCOp,$L101),IF($M101<>"","پرداخت بانکی","")) | D101: =IF($L101<>"",IF(INDEX(SCDoc,$L101)="","—",INDEX(SCDoc,$L101)),IF($M101<>"",INDEX(LdgBankB,$M101),"")) | E101: =IF($L101<>"",IF(INDEX(SCCitrus,$L101)&INDEX(SCNotes,$L101)="","",IF(INDEX(SCCitrus,$L101)="","",INDEX(SCCitrus,$L101))&IF(INDEX(SCNotes,$L101)="",""," — "&INDEX(SCNotes,$L101))),IF($M101<>"",IF(INDEX(LdgNoteB,$M101)="","—",INDEX(LdgNoteB,$M101)),"")) | F101: =IF($L101<>"",IF(INDEX(SCNet,$L101)=0,"",INDEX(SCNet,$L101)),"") | G101: =IF($L101<>"",IF(INDEX(SCOp,$L101)="مرجوعی فروش","",IF(INDEX(SCAmount,$L101)<=0,"",INDEX(SCAmount,$L101))),IF($M101<>"",IF(INDEX(LdgWitB,$M101)=0,"",INDEX(LdgWitB,$M101)),"")) | H101: =IF($L101<>"",IF(INDEX(SCOp,$L101)="مرجوعی فروش",IF(INDEX(SCAmount,$L101)=0,"",-INDEX(SCAmount,$L101)),""),IF($M101<>"",IF(INDEX(LdgDepB,$M101)=0,"",INDEX(LdgDepB,$M101)),"")) | I101: =IF($B101="","",IF($I100="",$C$10,$I100)+IF($G101="",0,$G101)-IF($H101="",0,$H101)) | L101: =IFERROR(MATCH($C$5&"|"&RIGHT("000000"&85,6),LdgRankKeyA,0),"") | M101: =IFERROR(MATCH($C$5&"|"&RIGHT("000000"&85,6),LdgRankKeyB,0),"")
...

Sheet Sync
A1: مازندشت — سورتینگ و بسته‌بندی مرکبات
A2: باغدشت، بخش مرکزی، شهرستان قائم‌شهر، استان مازندران، ایران | MAZANDASHT · CITRUS SORTING & PACKING
A3: برگه فنی — آینه‌ی فایل مادر (INFO)، دفتر باسکول (Baskol) و فایل واریز/برداشت (Transactions) برای صورت‌حساب حساب‌ها. فرمول‌ها را تغییر ندهید. اگر همه سلول‌ها خالی شدند یعنی لینک به‌روز نشده: Data ← Edit Links ← Update Values.
A5: Accounts · Code | B5: · Nature | C5: · Subgroup | D5: · Name | E5: · Phone | F5: · Mobile | G5: · Address | I5: Ops · Code | J5: · Title | K5: · Direction | L5: · Group | N5: Params · Code | O5: · Name | P5: · Value | R5: Company | T5: Baskol · Date | U5: · Time | V5: · Doc | W5: · Op | X5: · Party | Y5: · Sub | Z5: · Citrus | AA5: · Scale | AB5: · Baskets | AC5: · Amount | AD5: · Notes | AE5: Txn Entry · C | AF5: Txn Entry · D | AG5: Txn Entry · E | AH5: Txn Entry · G | AI5: Txn Entry · K | AJ5: Txn Entry · L | AK5: Txn Entry · M | AL5: Txn Entry · N | AM5: Txn Entry · R
A6: =IF([1]Accounts!$D$7="","",[1]Accounts!$A$7) | B6: =IF([1]Accounts!$D$7="","",[1]Accounts!$B$7) | C6: =IF([1]Accounts!$D$7="","",[1]Accounts!$C$7) | D6: =IF([1]Accounts!$D$7="","",[1]Accounts!$D$7) | E6: =IF([1]Accounts!$D$7="","",[1]Accounts!$E$7) | F6: =IF([1]Accounts!$D$7="","",[1]Accounts!$F$7) | G6: =IF([1]Accounts!$D$7="","",[1]Accounts!$G$7) | I6: =IF([1]Ops!$B$7="","",[1]Ops!$A$7) | J6: =IF([1]Ops!$B$7="","",[1]Ops!$B$7) | K6: =IF([1]Ops!$B$7="","",[1]Ops!$C$7) | L6: =IF([1]Ops!$B$7="","",[1]Ops!$D$7) | N6: =IF([1]Params!$A$7="","",[1]Params!$A$7) | O6: =IF([1]Params!$B$7="","",[1]Params!$B$7) | P6: =[1]Params!$C$7 | R6: =IF([1]Company!$C$5="","",[1]Company!$C$5) | T6: =IF([2]Baskol!$B$9="","",[2]Baskol!$B$9) | U6: =IF([2]Baskol!$C$9="","",[2]Baskol!$C$9) | V6: =IF([2]Baskol!$D$9="","",[2]Baskol!$D$9) | W6: =IF([2]Baskol!$E$9="","",[2]Baskol!$E$9) | X6: =IF([2]Baskol!$G$9="","",[2]Baskol!$G$9) | Y6: =IF([2]Baskol!$I$9="","",[2]Baskol!$I$9) | Z6: =IF([2]Baskol!$J$9="","",[2]Baskol!$J$9) | AA6: =IF([2]Baskol!$K$9="","",[2]Baskol!$K$9) | AB6: =IF([2]Baskol!$L$9="","",[2]Baskol!$L$9) | AC6: =IF([2]Baskol!$N$9="","",[2]Baskol!$N$9) | AD6: =IF([2]Baskol!$O$9="","",[2]Baskol!$O$9) | AE6: =IF([3]Entry!$C$9="","",[3]Entry!$C$9) | AF6: =IF([3]Entry!$D$9="","",[3]Entry!$D$9) | AG6: =IF([3]Entry!$E$9="","",[3]Entry!$E$9) | AH6: =IF([3]Entry!$G$9="","",[3]Entry!$G$9) | AI6: =IF([3]Entry!$K$9="","",[3]Entry!$K$9) | AJ6: =IF([3]Entry!$L$9="","",[3]Entry!$L$9) | AK6: =IF([3]Entry!$M$9="","",[3]Entry!$M$9) | AL6: =IF([3]Entry!$N$9="","",[3]Entry!$N$9) | AM6: =IF([3]Entry!$R$9="","",[3]Entry!$R$9)
A7: =IF([1]Accounts!$D$8="","",[1]Accounts!$A$8) | B7: =IF([1]Accounts!$D$8="","",[1]Accounts!$B$8) | C7: =IF([1]Accounts!$D$8="","",[1]Accounts!$C$8) | D7: =IF([1]Accounts!$D$8="","",[1]Accounts!$D$8) | E7: =IF([1]Accounts!$D$8="","",[1]Accounts!$E$8) | F7: =IF([1]Accounts!$D$8="","",[1]Accounts!$F$8) | G7: =IF([1]Accounts!$D$8="","",[1]Accounts!$G$8) | I7: =IF([1]Ops!$B$8="","",[1]Ops!$A$8) | J7: =IF([1]Ops!$B$8="","",[1]Ops!$B$8) | K7: =IF([1]Ops!$B$8="","",[1]Ops!$C$8) | L7: =IF([1]Ops!$B$8="","",[1]Ops!$D$8) | N7: =IF([1]Params!$A$8="","",[1]Params!$A$8) | O7: =IF([1]Params!$B$8="","",[1]Params!$B$8) | P7: =[1]Params!$C$8 | R7: =IF([1]Company!$C$8="","",[1]Company!$C$8) | T7: =IF([2]Baskol!$B$10="","",[2]Baskol!$B$10) | U7: =IF([2]Baskol!$C$10="","",[2]Baskol!$C$10) | V7: =IF([2]Baskol!$D$10="","",[2]Baskol!$D$10) | W7: =IF([2]Baskol!$E$10="","",[2]Baskol!$E$10) | X7: =IF([2]Baskol!$G$10="","",[2]Baskol!$G$10) | Y7: =IF([2]Baskol!$I$10="","",[2]Baskol!$I$10) | Z7: =IF([2]Baskol!$J$10="","",[2]Baskol!$J$10) | AA7: =IF([2]Baskol!$K$10="","",[2]Baskol!$K$10) | AB7: =IF([2]Baskol!$L$10="","",[2]Baskol!$L$10) | AC7: =IF([2]Baskol!$N$10="","",[2]Baskol!$N$10) | AD7: =IF([2]Baskol!$O$10="","",[2]Baskol!$O$10) | AE7: =IF([3]Entry!$C$10="","",[3]Entry!$C$10) | AF7: =IF([3]Entry!$D$10="","",[3]Entry!$D$10) | AG7: =IF([3]Entry!$E$10="","",[3]Entry!$E$10) | AH7: =IF([3]Entry!$G$10="","",[3]Entry!$G$10) | AI7: =IF([3]Entry!$K$10="","",[3]Entry!$K$10) | AJ7: =IF([3]Entry!$L$10="","",[3]Entry!$L$10) | AK7: =IF([3]Entry!$M$10="","",[3]Entry!$M$10) | AL7: =IF([3]Entry!$N$10="","",[3]Entry!$N$10) | AM7: =IF([3]Entry!$R$10="","",[3]Entry!$R$10)
A8: =IF([1]Accounts!$D$9="","",[1]Accounts!$A$9) | B8: =IF([1]Accounts!$D$9="","",[1]Accounts!$B$9) | C8: =IF([1]Accounts!$D$9="","",[1]Accounts!$C$9) | D8: =IF([1]Accounts!$D$9="","",[1]Accounts!$D$9) | E8: =IF([1]Accounts!$D$9="","",[1]Accounts!$E$9) | F8: =IF([1]Accounts!$D$9="","",[1]Accounts!$F$9) | G8: =IF([1]Accounts!$D$9="","",[1]Accounts!$G$9) | I8: =IF([1]Ops!$B$9="","",[1]Ops!$A$9) | J8: =IF([1]Ops!$B$9="","",[1]Ops!$B$9) | K8: =IF([1]Ops!$B$9="","",[1]Ops!$C$9) | L8: =IF([1]Ops!$B$9="","",[1]Ops!$D$9) | N8: =IF([1]Params!$A$9="","",[1]Params!$A$9) | O8: =IF([1]Params!$B$9="","",[1]Params!$B$9) | P8: =[1]Params!$C$9 | R8: =IF([1]Company!$C$9="","",[1]Company!$C$9) | T8: =IF([2]Baskol!$B$11="","",[2]Baskol!$B$11) | U8: =IF([2]Baskol!$C$11="","",[2]Baskol!$C$11) | V8: =IF([2]Baskol!$D$11="","",[2]Baskol!$D$11) | W8: =IF([2]Baskol!$E$11="","",[2]Baskol!$E$11) | X8: =IF([2]Baskol!$G$11="","",[2]Baskol!$G$11) | Y8: =IF([2]Baskol!$I$11="","",[2]Baskol!$I$11) | Z8: =IF([2]Baskol!$J$11="","",[2]Baskol!$J$11) | AA8: =IF([2]Baskol!$K$11="","",[2]Baskol!$K$11) | AB8: =IF([2]Baskol!$L$11="","",[2]Baskol!$L$11) | AC8: =IF([2]Baskol!$N$11="","",[2]Baskol!$N$11) | AD8: =IF([2]Baskol!$O$11="","",[2]Baskol!$O$11) | AE8: =IF([3]Entry!$C$11="","",[3]Entry!$C$11) | AF8: =IF([3]Entry!$D$11="","",[3]Entry!$D$11) | AG8: =IF([3]Entry!$E$11="","",[3]Entry!$E$11) | AH8: =IF([3]Entry!$G$11="","",[3]Entry!$G$11) | AI8: =IF([3]Entry!$K$11="","",[3]Entry!$K$11) | AJ8: =IF([3]Entry!$L$11="","",[3]Entry!$L$11) | AK8: =IF([3]Entry!$M$11="","",[3]Entry!$M$11) | AL8: =IF([3]Entry!$N$11="","",[3]Entry!$N$11) | AM8: =IF([3]Entry!$R$11="","",[3]Entry!$R$11)
A9: =IF([1]Accounts!$D$10="","",[1]Accounts!$A$10) | B9: =IF([1]Accounts!$D$10="","",[1]Accounts!$B$10) | C9: =IF([1]Accounts!$D$10="","",[1]Accounts!$C$10) | D9: =IF([1]Accounts!$D$10="","",[1]Accounts!$D$10) | E9: =IF([1]Accounts!$D$10="","",[1]Accounts!$E$10) | F9: =IF([1]Accounts!$D$10="","",[1]Accounts!$F$10) | G9: =IF([1]Accounts!$D$10="","",[1]Accounts!$G$10) | I9: =IF([1]Ops!$B$10="","",[1]Ops!$A$10) | J9: =IF([1]Ops!$B$10="","",[1]Ops!$B$10) | K9: =IF([1]Ops!$B$10="","",[1]Ops!$C$10) | L9: =IF([1]Ops!$B$10="","",[1]Ops!$D$10) | N9: =IF([1]Params!$A$10="","",[1]Params!$A$10) | O9: =IF([1]Params!$B$10="","",[1]Params!$B$10) | P9: =[1]Params!$C$10 | R9: =IF([1]Company!$C$7="","",[1]Company!$C$7) | T9: =IF([2]Baskol!$B$12="","",[2]Baskol!$B$12) | U9: =IF([2]Baskol!$C$12="","",[2]Baskol!$C$12) | V9: =IF([2]Baskol!$D$12="","",[2]Baskol!$D$12) | W9: =IF([2]Baskol!$E$12="","",[2]Baskol!$E$12) | X9: =IF([2]Baskol!$G$12="","",[2]Baskol!$G$12) | Y9: =IF([2]Baskol!$I$12="","",[2]Baskol!$I$12) | Z9: =IF([2]Baskol!$J$12="","",[2]Baskol!$J$12) | AA9: =IF([2]Baskol!$K$12="","",[2]Baskol!$K$12) | AB9: =IF([2]Baskol!$L$12="","",[2]Baskol!$L$12) | AC9: =IF([2]Baskol!$N$12="","",[2]Baskol!$N$12) | AD9: =IF([2]Baskol!$O$12="","",[2]Baskol!$O$12) | AE9: =IF([3]Entry!$C$12="","",[3]Entry!$C$12) | AF9: =IF([3]Entry!$D$12="","",[3]Entry!$D$12) | AG9: =IF([3]Entry!$E$12="","",[3]Entry!$E$12) | AH9: =IF([3]Entry!$G$12="","",[3]Entry!$G$12) | AI9: =IF([3]Entry!$K$12="","",[3]Entry!$K$12) | AJ9: =IF([3]Entry!$L$12="","",[3]Entry!$L$12) | AK9: =IF([3]Entry!$M$12="","",[3]Entry!$M$12) | AL9: =IF([3]Entry!$N$12="","",[3]Entry!$N$12) | AM9: =IF([3]Entry!$R$12="","",[3]Entry!$R$12)
A10: =IF([1]Accounts!$D$11="","",[1]Accounts!$A$11) | B10: =IF([1]Accounts!$D$11="","",[1]Accounts!$B$11) | C10: =IF([1]Accounts!$D$11="","",[1]Accounts!$C$11) | D10: =IF([1]Accounts!$D$11="","",[1]Accounts!$D$11) | E10: =IF([1]Accounts!$D$11="","",[1]Accounts!$E$11) | F10: =IF([1]Accounts!$D$11="","",[1]Accounts!$F$11) | G10: =IF([1]Accounts!$D$11="","",[1]Accounts!$G$11) | I10: =IF([1]Ops!$B$11="","",[1]Ops!$A$11) | J10: =IF([1]Ops!$B$11="","",[1]Ops!$B$11) | K10: =IF([1]Ops!$B$11="","",[1]Ops!$C$11) | L10: =IF([1]Ops!$B$11="","",[1]Ops!$D$11) | N10: =IF([1]Params!$A$11="","",[1]Params!$A$11) | O10: =IF([1]Params!$B$11="","",[1]Params!$B$11) | P10: =[1]Params!$C$11 | T10: =IF([2]Baskol!$B$13="","",[2]Baskol!$B$13) | U10: =IF([2]Baskol!$C$13="","",[2]Baskol!$C$13) | V10: =IF([2]Baskol!$D$13="","",[2]Baskol!$D$13) | W10: =IF([2]Baskol!$E$13="","",[2]Baskol!$E$13) | X10: =IF([2]Baskol!$G$13="","",[2]Baskol!$G$13) | Y10: =IF([2]Baskol!$I$13="","",[2]Baskol!$I$13) | Z10: =IF([2]Baskol!$J$13="","",[2]Baskol!$J$13) | AA10: =IF([2]Baskol!$K$13="","",[2]Baskol!$K$13) | AB10: =IF([2]Baskol!$L$13="","",[2]Baskol!$L$13) | AC10: =IF([2]Baskol!$N$13="","",[2]Baskol!$N$13) | AD10: =IF([2]Baskol!$O$13="","",[2]Baskol!$O$13) | AE10: =IF([3]Entry!$C$13="","",[3]Entry!$C$13) | AF10: =IF([3]Entry!$D$13="","",[3]Entry!$D$13) | AG10: =IF([3]Entry!$E$13="","",[3]Entry!$E$13) | AH10: =IF([3]Entry!$G$13="","",[3]Entry!$G$13) | AI10: =IF([3]Entry!$K$13="","",[3]Entry!$K$13) | AJ10: =IF([3]Entry!$L$13="","",[3]Entry!$L$13) | AK10: =IF([3]Entry!$M$13="","",[3]Entry!$M$13) | AL10: =IF([3]Entry!$N$13="","",[3]Entry!$N$13) | AM10: =IF([3]Entry!$R$13="","",[3]Entry!$R$13)
A11: =IF([1]Accounts!$D$12="","",[1]Accounts!$A$12) | B11: =IF([1]Accounts!$D$12="","",[1]Accounts!$B$12) | C11: =IF([1]Accounts!$D$12="","",[1]Accounts!$C$12) | D11: =IF([1]Accounts!$D$12="","",[1]Accounts!$D$12) | E11: =IF([1]Accounts!$D$12="","",[1]Accounts!$E$12) | F11: =IF([1]Accounts!$D$12="","",[1]Accounts!$F$12) | G11: =IF([1]Accounts!$D$12="","",[1]Accounts!$G$12) | I11: =IF([1]Ops!$B$12="","",[1]Ops!$A$12) | J11: =IF([1]Ops!$B$12="","",[1]Ops!$B$12) | K11: =IF([1]Ops!$B$12="","",[1]Ops!$C$12) | L11: =IF([1]Ops!$B$12="","",[1]Ops!$D$12) | N11: =IF([1]Params!$A$12="","",[1]Params!$A$12) | O11: =IF([1]Params!$B$12="","",[1]Params!$B$12) | P11: =[1]Params!$C$12 | T11: =IF([2]Baskol!$B$14="","",[2]Baskol!$B$14) | U11: =IF([2]Baskol!$C$14="","",[2]Baskol!$C$14) | V11: =IF([2]Baskol!$D$14="","",[2]Baskol!$D$14) | W11: =IF([2]Baskol!$E$14="","",[2]Baskol!$E$14) | X11: =IF([2]Baskol!$G$14="","",[2]Baskol!$G$14) | Y11: =IF([2]Baskol!$I$14="","",[2]Baskol!$I$14) | Z11: =IF([2]Baskol!$J$14="","",[2]Baskol!$J$14) | AA11: =IF([2]Baskol!$K$14="","",[2]Baskol!$K$14) | AB11: =IF([2]Baskol!$L$14="","",[2]Baskol!$L$14) | AC11: =IF([2]Baskol!$N$14="","",[2]Baskol!$N$14) | AD11: =IF([2]Baskol!$O$14="","",[2]Baskol!$O$14) | AE11: =IF([3]Entry!$C$14="","",[3]Entry!$C$14) | AF11: =IF([3]Entry!$D$14="","",[3]Entry!$D$14) | AG11: =IF([3]Entry!$E$14="","",[3]Entry!$E$14) | AH11: =IF([3]Entry!$G$14="","",[3]Entry!$G$14) | AI11: =IF([3]Entry!$K$14="","",[3]Entry!$K$14) | AJ11: =IF([3]Entry!$L$14="","",[3]Entry!$L$14) | AK11: =IF([3]Entry!$M$14="","",[3]Entry!$M$14) | AL11: =IF([3]Entry!$N$14="","",[3]Entry!$N$14) | AM11: =IF([3]Entry!$R$14="","",[3]Entry!$R$14)
A12: =IF([1]Accounts!$D$13="","",[1]Accounts!$A$13) | B12: =IF([1]Accounts!$D$13="","",[1]Accounts!$B$13) | C12: =IF([1]Accounts!$D$13="","",[1]Accounts!$C$13) | D12: =IF([1]Accounts!$D$13="","",[1]Accounts!$D$13) | E12: =IF([1]Accounts!$D$13="","",[1]Accounts!$E$13) | F12: =IF([1]Accounts!$D$13="","",[1]Accounts!$F$13) | G12: =IF([1]Accounts!$D$13="","",[1]Accounts!$G$13) | I12: =IF([1]Ops!$B$13="","",[1]Ops!$A$13) | J12: =IF([1]Ops!$B$13="","",[1]Ops!$B$13) | K12: =IF([1]Ops!$B$13="","",[1]Ops!$C$13) | L12: =IF([1]Ops!$B$13="","",[1]Ops!$D$13) | N12: =IF([1]Params!$A$13="","",[1]Params!$A$13) | O12: =IF([1]Params!$B$13="","",[1]Params!$B$13) | P12: =[1]Params!$C$13 | T12: =IF([2]Baskol!$B$15="","",[2]Baskol!$B$15) | U12: =IF([2]Baskol!$C$15="","",[2]Baskol!$C$15) | V12: =IF([2]Baskol!$D$15="","",[2]Baskol!$D$15) | W12: =IF([2]Baskol!$E$15="","",[2]Baskol!$E$15) | X12: =IF([2]Baskol!$G$15="","",[2]Baskol!$G$15) | Y12: =IF([2]Baskol!$I$15="","",[2]Baskol!$I$15) | Z12: =IF([2]Baskol!$J$15="","",[2]Baskol!$J$15) | AA12: =IF([2]Baskol!$K$15="","",[2]Baskol!$K$15) | AB12: =IF([2]Baskol!$L$15="","",[2]Baskol!$L$15) | AC12: =IF([2]Baskol!$N$15="","",[2]Baskol!$N$15) | AD12: =IF([2]Baskol!$O$15="","",[2]Baskol!$O$15) | AE12: =IF([3]Entry!$C$15="","",[3]Entry!$C$15) | AF12: =IF([3]Entry!$D$15="","",[3]Entry!$D$15) | AG12: =IF([3]Entry!$E$15="","",[3]Entry!$E$15) | AH12: =IF([3]Entry!$G$15="","",[3]Entry!$G$15) | AI12: =IF([3]Entry!$K$15="","",[3]Entry!$K$15) | AJ12: =IF([3]Entry!$L$15="","",[3]Entry!$L$15) | AK12: =IF([3]Entry!$M$15="","",[3]Entry!$M$15) | AL12: =IF([3]Entry!$N$15="","",[3]Entry!$N$15) | AM12: =IF([3]Entry!$R$15="","",[3]Entry!$R$15)
A13: =IF([1]Accounts!$D$14="","",[1]Accounts!$A$14) | B13: =IF([1]Accounts!$D$14="","",[1]Accounts!$B$14) | C13: =IF([1]Accounts!$D$14="","",[1]Accounts!$C$14) | D13: =IF([1]Accounts!$D$14="","",[1]Accounts!$D$14) | E13: =IF([1]Accounts!$D$14="","",[1]Accounts!$E$14) | F13: =IF([1]Accounts!$D$14="","",[1]Accounts!$F$14) | G13: =IF([1]Accounts!$D$14="","",[1]Accounts!$G$14) | I13: =IF([1]Ops!$B$14="","",[1]Ops!$A$14) | J13: =IF([1]Ops!$B$14="","",[1]Ops!$B$14) | K13: =IF([1]Ops!$B$14="","",[1]Ops!$C$14) | L13: =IF([1]Ops!$B$14="","",[1]Ops!$D$14) | N13: =IF([1]Params!$A$14="","",[1]Params!$A$14) | O13: =IF([1]Params!$B$14="","",[1]Params!$B$14) | P13: =[1]Params!$C$14 | T13: =IF([2]Baskol!$B$16="","",[2]Baskol!$B$16) | U13: =IF([2]Baskol!$C$16="","",[2]Baskol!$C$16) | V13: =IF([2]Baskol!$D$16="","",[2]Baskol!$D$16) | W13: =IF([2]Baskol!$E$16="","",[2]Baskol!$E$16) | X13: =IF([2]Baskol!$G$16="","",[2]Baskol!$G$16) | Y13: =IF([2]Baskol!$I$16="","",[2]Baskol!$I$16) | Z13: =IF([2]Baskol!$J$16="","",[2]Baskol!$J$16) | AA13: =IF([2]Baskol!$K$16="","",[2]Baskol!$K$16) | AB13: =IF([2]Baskol!$L$16="","",[2]Baskol!$L$16) | AC13: =IF([2]Baskol!$N$16="","",[2]Baskol!$N$16) | AD13: =IF([2]Baskol!$O$16="","",[2]Baskol!$O$16) | AE13: =IF([3]Entry!$C$16="","",[3]Entry!$C$16) | AF13: =IF([3]Entry!$D$16="","",[3]Entry!$D$16) | AG13: =IF([3]Entry!$E$16="","",[3]Entry!$E$16) | AH13: =IF([3]Entry!$G$16="","",[3]Entry!$G$16) | AI13: =IF([3]Entry!$K$16="","",[3]Entry!$K$16) | AJ13: =IF([3]Entry!$L$16="","",[3]Entry!$L$16) | AK13: =IF([3]Entry!$M$16="","",[3]Entry!$M$16) | AL13: =IF([3]Entry!$N$16="","",[3]Entry!$N$16) | AM13: =IF([3]Entry!$R$16="","",[3]Entry!$R$16)
A14: =IF([1]Accounts!$D$15="","",[1]Accounts!$A$15) | B14: =IF([1]Accounts!$D$15="","",[1]Accounts!$B$15) | C14: =IF([1]Accounts!$D$15="","",[1]Accounts!$C$15) | D14: =IF([1]Accounts!$D$15="","",[1]Accounts!$D$15) | E14: =IF([1]Accounts!$D$15="","",[1]Accounts!$E$15) | F14: =IF([1]Accounts!$D$15="","",[1]Accounts!$F$15) | G14: =IF([1]Accounts!$D$15="","",[1]Accounts!$G$15) | I14: =IF([1]Ops!$B$15="","",[1]Ops!$A$15) | J14: =IF([1]Ops!$B$15="","",[1]Ops!$B$15) | K14: =IF([1]Ops!$B$15="","",[1]Ops!$C$15) | L14: =IF([1]Ops!$B$15="","",[1]Ops!$D$15) | N14: =IF([1]Params!$A$15="","",[1]Params!$A$15) | O14: =IF([1]Params!$B$15="","",[1]Params!$B$15) | P14: =[1]Params!$C$15 | T14: =IF([2]Baskol!$B$17="","",[2]Baskol!$B$17) | U14: =IF([2]Baskol!$C$17="","",[2]Baskol!$C$17) | V14: =IF([2]Baskol!$D$17="","",[2]Baskol!$D$17) | W14: =IF([2]Baskol!$E$17="","",[2]Baskol!$E$17) | X14: =IF([2]Baskol!$G$17="","",[2]Baskol!$G$17) | Y14: =IF([2]Baskol!$I$17="","",[2]Baskol!$I$17) | Z14: =IF([2]Baskol!$J$17="","",[2]Baskol!$J$17) | AA14: =IF([2]Baskol!$K$17="","",[2]Baskol!$K$17) | AB14: =IF([2]Baskol!$L$17="","",[2]Baskol!$L$17) | AC14: =IF([2]Baskol!$N$17="","",[2]Baskol!$N$17) | AD14: =IF([2]Baskol!$O$17="","",[2]Baskol!$O$17) | AE14: =IF([3]Entry!$C$17="","",[3]Entry!$C$17) | AF14: =IF([3]Entry!$D$17="","",[3]Entry!$D$17) | AG14: =IF([3]Entry!$E$17="","",[3]Entry!$E$17) | AH14: =IF([3]Entry!$G$17="","",[3]Entry!$G$17) | AI14: =IF([3]Entry!$K$17="","",[3]Entry!$K$17) | AJ14: =IF([3]Entry!$L$17="","",[3]Entry!$L$17) | AK14: =IF([3]Entry!$M$17="","",[3]Entry!$M$17) | AL14: =IF([3]Entry!$N$17="","",[3]Entry!$N$17) | AM14: =IF([3]Entry!$R$17="","",[3]Entry!$R$17)
A15: =IF([1]Accounts!$D$16="","",[1]Accounts!$A$16) | B15: =IF([1]Accounts!$D$16="","",[1]Accounts!$B$16) | C15: =IF([1]Accounts!$D$16="","",[1]Accounts!$C$16) | D15: =IF([1]Accounts!$D$16="","",[1]Accounts!$D$16) | E15: =IF([1]Accounts!$D$16="","",[1]Accounts!$E$16) | F15: =IF([1]Accounts!$D$16="","",[1]Accounts!$F$16) | G15: =IF([1]Accounts!$D$16="","",[1]Accounts!$G$16) | I15: =IF([1]Ops!$B$16="","",[1]Ops!$A$16) | J15: =IF([1]Ops!$B$16="","",[1]Ops!$B$16) | K15: =IF([1]Ops!$B$16="","",[1]Ops!$C$16) | L15: =IF([1]Ops!$B$16="","",[1]Ops!$D$16) | N15: =IF([1]Params!$A$16="","",[1]Params!$A$16) | O15: =IF([1]Params!$B$16="","",[1]Params!$B$16) | P15: =[1]Params!$C$16 | T15: =IF([2]Baskol!$B$18="","",[2]Baskol!$B$18) | U15: =IF([2]Baskol!$C$18="","",[2]Baskol!$C$18) | V15: =IF([2]Baskol!$D$18="","",[2]Baskol!$D$18) | W15: =IF([2]Baskol!$E$18="","",[2]Baskol!$E$18) | X15: =IF([2]Baskol!$G$18="","",[2]Baskol!$G$18) | Y15: =IF([2]Baskol!$I$18="","",[2]Baskol!$I$18) | Z15: =IF([2]Baskol!$J$18="","",[2]Baskol!$J$18) | AA15: =IF([2]Baskol!$K$18="","",[2]Baskol!$K$18) | AB15: =IF([2]Baskol!$L$18="","",[2]Baskol!$L$18) | AC15: =IF([2]Baskol!$N$18="","",[2]Baskol!$N$18) | AD15: =IF([2]Baskol!$O$18="","",[2]Baskol!$O$18) | AE15: =IF([3]Entry!$C$18="","",[3]Entry!$C$18) | AF15: =IF([3]Entry!$D$18="","",[3]Entry!$D$18) | AG15: =IF([3]Entry!$E$18="","",[3]Entry!$E$18) | AH15: =IF([3]Entry!$G$18="","",[3]Entry!$G$18) | AI15: =IF([3]Entry!$K$18="","",[3]Entry!$K$18) | AJ15: =IF([3]Entry!$L$18="","",[3]Entry!$L$18) | AK15: =IF([3]Entry!$M$18="","",[3]Entry!$M$18) | AL15: =IF([3]Entry!$N$18="","",[3]Entry!$N$18) | AM15: =IF([3]Entry!$R$18="","",[3]Entry!$R$18)
A16: =IF([1]Accounts!$D$17="","",[1]Accounts!$A$17) | B16: =IF([1]Accounts!$D$17="","",[1]Accounts!$B$17) | C16: =IF([1]Accounts!$D$17="","",[1]Accounts!$C$17) | D16: =IF([1]Accounts!$D$17="","",[1]Accounts!$D$17) | E16: =IF([1]Accounts!$D$17="","",[1]Accounts!$E$17) | F16: =IF([1]Accounts!$D$17="","",[1]Accounts!$F$17) | G16: =IF([1]Accounts!$D$17="","",[1]Accounts!$G$17) | I16: =IF([1]Ops!$B$17="","",[1]Ops!$A$17) | J16: =IF([1]Ops!$B$17="","",[1]Ops!$B$17) | K16: =IF([1]Ops!$B$17="","",[1]Ops!$C$17) | L16: =IF([1]Ops!$B$17="","",[1]Ops!$D$17) | N16: =IF([1]Params!$A$17="","",[1]Params!$A$17) | O16: =IF([1]Params!$B$17="","",[1]Params!$B$17) | P16: =[1]Params!$C$17 | T16: =IF([2]Baskol!$B$19="","",[2]Baskol!$B$19) | U16: =IF([2]Baskol!$C$19="","",[2]Baskol!$C$19) | V16: =IF([2]Baskol!$D$19="","",[2]Baskol!$D$19) | W16: =IF([2]Baskol!$E$19="","",[2]Baskol!$E$19) | X16: =IF([2]Baskol!$G$19="","",[2]Baskol!$G$19) | Y16: =IF([2]Baskol!$I$19="","",[2]Baskol!$I$19) | Z16: =IF([2]Baskol!$J$19="","",[2]Baskol!$J$19) | AA16: =IF([2]Baskol!$K$19="","",[2]Baskol!$K$19) | AB16: =IF([2]Baskol!$L$19="","",[2]Baskol!$L$19) | AC16: =IF([2]Baskol!$N$19="","",[2]Baskol!$N$19) | AD16: =IF([2]Baskol!$O$19="","",[2]Baskol!$O$19) | AE16: =IF([3]Entry!$C$19="","",[3]Entry!$C$19) | AF16: =IF([3]Entry!$D$19="","",[3]Entry!$D$19) | AG16: =IF([3]Entry!$E$19="","",[3]Entry!$E$19) | AH16: =IF([3]Entry!$G$19="","",[3]Entry!$G$19) | AI16: =IF([3]Entry!$K$19="","",[3]Entry!$K$19) | AJ16: =IF([3]Entry!$L$19="","",[3]Entry!$L$19) | AK16: =IF([3]Entry!$M$19="","",[3]Entry!$M$19) | AL16: =IF([3]Entry!$N$19="","",[3]Entry!$N$19) | AM16: =IF([3]Entry!$R$19="","",[3]Entry!$R$19)
A17: =IF([1]Accounts!$D$18="","",[1]Accounts!$A$18) | B17: =IF([1]Accounts!$D$18="","",[1]Accounts!$B$18) | C17: =IF([1]Accounts!$D$18="","",[1]Accounts!$C$18) | D17: =IF([1]Accounts!$D$18="","",[1]Accounts!$D$18) | E17: =IF([1]Accounts!$D$18="","",[1]Accounts!$E$18) | F17: =IF([1]Accounts!$D$18="","",[1]Accounts!$F$18) | G17: =IF([1]Accounts!$D$18="","",[1]Accounts!$G$18) | I17: =IF([1]Ops!$B$18="","",[1]Ops!$A$18) | J17: =IF([1]Ops!$B$18="","",[1]Ops!$B$18) | K17: =IF([1]Ops!$B$18="","",[1]Ops!$C$18) | L17: =IF([1]Ops!$B$18="","",[1]Ops!$D$18) | N17: =IF([1]Params!$A$18="","",[1]Params!$A$18) | O17: =IF([1]Params!$B$18="","",[1]Params!$B$18) | P17: =[1]Params!$C$18 | T17: =IF([2]Baskol!$B$20="","",[2]Baskol!$B$20) | U17: =IF([2]Baskol!$C$20="","",[2]Baskol!$C$20) | V17: =IF([2]Baskol!$D$20="","",[2]Baskol!$D$20) | W17: =IF([2]Baskol!$E$20="","",[2]Baskol!$E$20) | X17: =IF([2]Baskol!$G$20="","",[2]Baskol!$G$20) | Y17: =IF([2]Baskol!$I$20="","",[2]Baskol!$I$20) | Z17: =IF([2]Baskol!$J$20="","",[2]Baskol!$J$20) | AA17: =IF([2]Baskol!$K$20="","",[2]Baskol!$K$20) | AB17: =IF([2]Baskol!$L$20="","",[2]Baskol!$L$20) | AC17: =IF([2]Baskol!$N$20="","",[2]Baskol!$N$20) | AD17: =IF([2]Baskol!$O$20="","",[2]Baskol!$O$20) | AE17: =IF([3]Entry!$C$20="","",[3]Entry!$C$20) | AF17: =IF([3]Entry!$D$20="","",[3]Entry!$D$20) | AG17: =IF([3]Entry!$E$20="","",[3]Entry!$E$20) | AH17: =IF([3]Entry!$G$20="","",[3]Entry!$G$20) | AI17: =IF([3]Entry!$K$20="","",[3]Entry!$K$20) | AJ17: =IF([3]Entry!$L$20="","",[3]Entry!$L$20) | AK17: =IF([3]Entry!$M$20="","",[3]Entry!$M$20) | AL17: =IF([3]Entry!$N$20="","",[3]Entry!$N$20) | AM17: =IF([3]Entry!$R$20="","",[3]Entry!$R$20)
A18: =IF([1]Accounts!$D$19="","",[1]Accounts!$A$19) | B18: =IF([1]Accounts!$D$19="","",[1]Accounts!$B$19) | C18: =IF([1]Accounts!$D$19="","",[1]Accounts!$C$19) | D18: =IF([1]Accounts!$D$19="","",[1]Accounts!$D$19) | E18: =IF([1]Accounts!$D$19="","",[1]Accounts!$E$19) | F18: =IF([1]Accounts!$D$19="","",[1]Accounts!$F$19) | G18: =IF([1]Accounts!$D$19="","",[1]Accounts!$G$19) | I18: =IF([1]Ops!$B$19="","",[1]Ops!$A$19) | J18: =IF([1]Ops!$B$19="","",[1]Ops!$B$19) | K18: =IF([1]Ops!$B$19="","",[1]Ops!$C$19) | L18: =IF([1]Ops!$B$19="","",[1]Ops!$D$19) | T18: =IF([2]Baskol!$B$21="","",[2]Baskol!$B$21) | U18: =IF([2]Baskol!$C$21="","",[2]Baskol!$C$21) | V18: =IF([2]Baskol!$D$21="","",[2]Baskol!$D$21) | W18: =IF([2]Baskol!$E$21="","",[2]Baskol!$E$21) | X18: =IF([2]Baskol!$G$21="","",[2]Baskol!$G$21) | Y18: =IF([2]Baskol!$I$21="","",[2]Baskol!$I$21) | Z18: =IF([2]Baskol!$J$21="","",[2]Baskol!$J$21) | AA18: =IF([2]Baskol!$K$21="","",[2]Baskol!$K$21) | AB18: =IF([2]Baskol!$L$21="","",[2]Baskol!$L$21) | AC18: =IF([2]Baskol!$N$21="","",[2]Baskol!$N$21) | AD18: =IF([2]Baskol!$O$21="","",[2]Baskol!$O$21) | AE18: =IF([3]Entry!$C$21="","",[3]Entry!$C$21) | AF18: =IF([3]Entry!$D$21="","",[3]Entry!$D$21) | AG18: =IF([3]Entry!$E$21="","",[3]Entry!$E$21) | AH18: =IF([3]Entry!$G$21="","",[3]Entry!$G$21) | AI18: =IF([3]Entry!$K$21="","",[3]Entry!$K$21) | AJ18: =IF([3]Entry!$L$21="","",[3]Entry!$L$21) | AK18: =IF([3]Entry!$M$21="","",[3]Entry!$M$21) | AL18: =IF([3]Entry!$N$21="","",[3]Entry!$N$21) | AM18: =IF([3]Entry!$R$21="","",[3]Entry!$R$21)
A19: =IF([1]Accounts!$D$20="","",[1]Accounts!$A$20) | B19: =IF([1]Accounts!$D$20="","",[1]Accounts!$B$20) | C19: =IF([1]Accounts!$D$20="","",[1]Accounts!$C$20) | D19: =IF([1]Accounts!$D$20="","",[1]Accounts!$D$20) | E19: =IF([1]Accounts!$D$20="","",[1]Accounts!$E$20) | F19: =IF([1]Accounts!$D$20="","",[1]Accounts!$F$20) | G19: =IF([1]Accounts!$D$20="","",[1]Accounts!$G$20) | I19: =IF([1]Ops!$B$20="","",[1]Ops!$A$20) | J19: =IF([1]Ops!$B$20="","",[1]Ops!$B$20) | K19: =IF([1]Ops!$B$20="","",[1]Ops!$C$20) | L19: =IF([1]Ops!$B$20="","",[1]Ops!$D$20) | T19: =IF([2]Baskol!$B$22="","",[2]Baskol!$B$22) | U19: =IF([2]Baskol!$C$22="","",[2]Baskol!$C$22) | V19: =IF([2]Baskol!$D$22="","",[2]Baskol!$D$22) | W19: =IF([2]Baskol!$E$22="","",[2]Baskol!$E$22) | X19: =IF([2]Baskol!$G$22="","",[2]Baskol!$G$22) | Y19: =IF([2]Baskol!$I$22="","",[2]Baskol!$I$22) | Z19: =IF([2]Baskol!$J$22="","",[2]Baskol!$J$22) | AA19: =IF([2]Baskol!$K$22="","",[2]Baskol!$K$22) | AB19: =IF([2]Baskol!$L$22="","",[2]Baskol!$L$22) | AC19: =IF([2]Baskol!$N$22="","",[2]Baskol!$N$22) | AD19: =IF([2]Baskol!$O$22="","",[2]Baskol!$O$22) | AE19: =IF([3]Entry!$C$22="","",[3]Entry!$C$22) | AF19: =IF([3]Entry!$D$22="","",[3]Entry!$D$22) | AG19: =IF([3]Entry!$E$22="","",[3]Entry!$E$22) | AH19: =IF([3]Entry!$G$22="","",[3]Entry!$G$22) | AI19: =IF([3]Entry!$K$22="","",[3]Entry!$K$22) | AJ19: =IF([3]Entry!$L$22="","",[3]Entry!$L$22) | AK19: =IF([3]Entry!$M$22="","",[3]Entry!$M$22) | AL19: =IF([3]Entry!$N$22="","",[3]Entry!$N$22) | AM19: =IF([3]Entry!$R$22="","",[3]Entry!$R$22)
A20: =IF([1]Accounts!$D$21="","",[1]Accounts!$A$21) | B20: =IF([1]Accounts!$D$21="","",[1]Accounts!$B$21) | C20: =IF([1]Accounts!$D$21="","",[1]Accounts!$C$21) | D20: =IF([1]Accounts!$D$21="","",[1]Accounts!$D$21) | E20: =IF([1]Accounts!$D$21="","",[1]Accounts!$E$21) | F20: =IF([1]Accounts!$D$21="","",[1]Accounts!$F$21) | G20: =IF([1]Accounts!$D$21="","",[1]Accounts!$G$21) | I20: =IF([1]Ops!$B$21="","",[1]Ops!$A$21) | J20: =IF([1]Ops!$B$21="","",[1]Ops!$B$21) | K20: =IF([1]Ops!$B$21="","",[1]Ops!$C$21) | L20: =IF([1]Ops!$B$21="","",[1]Ops!$D$21) | T20: =IF([2]Baskol!$B$23="","",[2]Baskol!$B$23) | U20: =IF([2]Baskol!$C$23="","",[2]Baskol!$C$23) | V20: =IF([2]Baskol!$D$23="","",[2]Baskol!$D$23) | W20: =IF([2]Baskol!$E$23="","",[2]Baskol!$E$23) | X20: =IF([2]Baskol!$G$23="","",[2]Baskol!$G$23) | Y20: =IF([2]Baskol!$I$23="","",[2]Baskol!$I$23) | Z20: =IF([2]Baskol!$J$23="","",[2]Baskol!$J$23) | AA20: =IF([2]Baskol!$K$23="","",[2]Baskol!$K$23) | AB20: =IF([2]Baskol!$L$23="","",[2]Baskol!$L$23) | AC20: =IF([2]Baskol!$N$23="","",[2]Baskol!$N$23) | AD20: =IF([2]Baskol!$O$23="","",[2]Baskol!$O$23) | AE20: =IF([3]Entry!$C$23="","",[3]Entry!$C$23) | AF20: =IF([3]Entry!$D$23="","",[3]Entry!$D$23) | AG20: =IF([3]Entry!$E$23="","",[3]Entry!$E$23) | AH20: =IF([3]Entry!$G$23="","",[3]Entry!$G$23) | AI20: =IF([3]Entry!$K$23="","",[3]Entry!$K$23) | AJ20: =IF([3]Entry!$L$23="","",[3]Entry!$L$23) | AK20: =IF([3]Entry!$M$23="","",[3]Entry!$M$23) | AL20: =IF([3]Entry!$N$23="","",[3]Entry!$N$23) | AM20: =IF([3]Entry!$R$23="","",[3]Entry!$R$23)
A21: =IF([1]Accounts!$D$22="","",[1]Accounts!$A$22) | B21: =IF([1]Accounts!$D$22="","",[1]Accounts!$B$22) | C21: =IF([1]Accounts!$D$22="","",[1]Accounts!$C$22) | D21: =IF([1]Accounts!$D$22="","",[1]Accounts!$D$22) | E21: =IF([1]Accounts!$D$22="","",[1]Accounts!$E$22) | F21: =IF([1]Accounts!$D$22="","",[1]Accounts!$F$22) | G21: =IF([1]Accounts!$D$22="","",[1]Accounts!$G$22) | I21: =IF([1]Ops!$B$22="","",[1]Ops!$A$22) | J21: =IF([1]Ops!$B$22="","",[1]Ops!$B$22) | K21: =IF([1]Ops!$B$22="","",[1]Ops!$C$22) | L21: =IF([1]Ops!$B$22="","",[1]Ops!$D$22) | T21: =IF([2]Baskol!$B$24="","",[2]Baskol!$B$24) | U21: =IF([2]Baskol!$C$24="","",[2]Baskol!$C$24) | V21: =IF([2]Baskol!$D$24="","",[2]Baskol!$D$24) | W21: =IF([2]Baskol!$E$24="","",[2]Baskol!$E$24) | X21: =IF([2]Baskol!$G$24="","",[2]Baskol!$G$24) | Y21: =IF([2]Baskol!$I$24="","",[2]Baskol!$I$24) | Z21: =IF([2]Baskol!$J$24="","",[2]Baskol!$J$24) | AA21: =IF([2]Baskol!$K$24="","",[2]Baskol!$K$24) | AB21: =IF([2]Baskol!$L$24="","",[2]Baskol!$L$24) | AC21: =IF([2]Baskol!$N$24="","",[2]Baskol!$N$24) | AD21: =IF([2]Baskol!$O$24="","",[2]Baskol!$O$24) | AE21: =IF([3]Entry!$C$24="","",[3]Entry!$C$24) | AF21: =IF([3]Entry!$D$24="","",[3]Entry!$D$24) | AG21: =IF([3]Entry!$E$24="","",[3]Entry!$E$24) | AH21: =IF([3]Entry!$G$24="","",[3]Entry!$G$24) | AI21: =IF([3]Entry!$K$24="","",[3]Entry!$K$24) | AJ21: =IF([3]Entry!$L$24="","",[3]Entry!$L$24) | AK21: =IF([3]Entry!$M$24="","",[3]Entry!$M$24) | AL21: =IF([3]Entry!$N$24="","",[3]Entry!$N$24) | AM21: =IF([3]Entry!$R$24="","",[3]Entry!$R$24)
A22: =IF([1]Accounts!$D$23="","",[1]Accounts!$A$23) | B22: =IF([1]Accounts!$D$23="","",[1]Accounts!$B$23) | C22: =IF([1]Accounts!$D$23="","",[1]Accounts!$C$23) | D22: =IF([1]Accounts!$D$23="","",[1]Accounts!$D$23) | E22: =IF([1]Accounts!$D$23="","",[1]Accounts!$E$23) | F22: =IF([1]Accounts!$D$23="","",[1]Accounts!$F$23) | G22: =IF([1]Accounts!$D$23="","",[1]Accounts!$G$23) | I22: =IF([1]Ops!$B$23="","",[1]Ops!$A$23) | J22: =IF([1]Ops!$B$23="","",[1]Ops!$B$23) | K22: =IF([1]Ops!$B$23="","",[1]Ops!$C$23) | L22: =IF([1]Ops!$B$23="","",[1]Ops!$D$23) | T22: =IF([2]Baskol!$B$25="","",[2]Baskol!$B$25) | U22: =IF([2]Baskol!$C$25="","",[2]Baskol!$C$25) | V22: =IF([2]Baskol!$D$25="","",[2]Baskol!$D$25) | W22: =IF([2]Baskol!$E$25="","",[2]Baskol!$E$25) | X22: =IF([2]Baskol!$G$25="","",[2]Baskol!$G$25) | Y22: =IF([2]Baskol!$I$25="","",[2]Baskol!$I$25) | Z22: =IF([2]Baskol!$J$25="","",[2]Baskol!$J$25) | AA22: =IF([2]Baskol!$K$25="","",[2]Baskol!$K$25) | AB22: =IF([2]Baskol!$L$25="","",[2]Baskol!$L$25) | AC22: =IF([2]Baskol!$N$25="","",[2]Baskol!$N$25) | AD22: =IF([2]Baskol!$O$25="","",[2]Baskol!$O$25) | AE22: =IF([3]Entry!$C$25="","",[3]Entry!$C$25) | AF22: =IF([3]Entry!$D$25="","",[3]Entry!$D$25) | AG22: =IF([3]Entry!$E$25="","",[3]Entry!$E$25) | AH22: =IF([3]Entry!$G$25="","",[3]Entry!$G$25) | AI22: =IF([3]Entry!$K$25="","",[3]Entry!$K$25) | AJ22: =IF([3]Entry!$L$25="","",[3]Entry!$L$25) | AK22: =IF([3]Entry!$M$25="","",[3]Entry!$M$25) | AL22: =IF([3]Entry!$N$25="","",[3]Entry!$N$25) | AM22: =IF([3]Entry!$R$25="","",[3]Entry!$R$25)
A23: =IF([1]Accounts!$D$24="","",[1]Accounts!$A$24) | B23: =IF([1]Accounts!$D$24="","",[1]Accounts!$B$24) | C23: =IF([1]Accounts!$D$24="","",[1]Accounts!$C$24) | D23: =IF([1]Accounts!$D$24="","",[1]Accounts!$D$24) | E23: =IF([1]Accounts!$D$24="","",[1]Accounts!$E$24) | F23: =IF([1]Accounts!$D$24="","",[1]Accounts!$F$24) | G23: =IF([1]Accounts!$D$24="","",[1]Accounts!$G$24) | I23: =IF([1]Ops!$B$24="","",[1]Ops!$A$24) | J23: =IF([1]Ops!$B$24="","",[1]Ops!$B$24) | K23: =IF([1]Ops!$B$24="","",[1]Ops!$C$24) | L23: =IF([1]Ops!$B$24="","",[1]Ops!$D$24) | T23: =IF([2]Baskol!$B$26="","",[2]Baskol!$B$26) | U23: =IF([2]Baskol!$C$26="","",[2]Baskol!$C$26) | V23: =IF([2]Baskol!$D$26="","",[2]Baskol!$D$26) | W23: =IF([2]Baskol!$E$26="","",[2]Baskol!$E$26) | X23: =IF([2]Baskol!$G$26="","",[2]Baskol!$G$26) | Y23: =IF([2]Baskol!$I$26="","",[2]Baskol!$I$26) | Z23: =IF([2]Baskol!$J$26="","",[2]Baskol!$J$26) | AA23: =IF([2]Baskol!$K$26="","",[2]Baskol!$K$26) | AB23: =IF([2]Baskol!$L$26="","",[2]Baskol!$L$26) | AC23: =IF([2]Baskol!$N$26="","",[2]Baskol!$N$26) | AD23: =IF([2]Baskol!$O$26="","",[2]Baskol!$O$26) | AE23: =IF([3]Entry!$C$26="","",[3]Entry!$C$26) | AF23: =IF([3]Entry!$D$26="","",[3]Entry!$D$26) | AG23: =IF([3]Entry!$E$26="","",[3]Entry!$E$26) | AH23: =IF([3]Entry!$G$26="","",[3]Entry!$G$26) | AI23: =IF([3]Entry!$K$26="","",[3]Entry!$K$26) | AJ23: =IF([3]Entry!$L$26="","",[3]Entry!$L$26) | AK23: =IF([3]Entry!$M$26="","",[3]Entry!$M$26) | AL23: =IF([3]Entry!$N$26="","",[3]Entry!$N$26) | AM23: =IF([3]Entry!$R$26="","",[3]Entry!$R$26)
A24: =IF([1]Accounts!$D$25="","",[1]Accounts!$A$25) | B24: =IF([1]Accounts!$D$25="","",[1]Accounts!$B$25) | C24: =IF([1]Accounts!$D$25="","",[1]Accounts!$C$25) | D24: =IF([1]Accounts!$D$25="","",[1]Accounts!$D$25) | E24: =IF([1]Accounts!$D$25="","",[1]Accounts!$E$25) | F24: =IF([1]Accounts!$D$25="","",[1]Accounts!$F$25) | G24: =IF([1]Accounts!$D$25="","",[1]Accounts!$G$25) | I24: =IF([1]Ops!$B$25="","",[1]Ops!$A$25) | J24: =IF([1]Ops!$B$25="","",[1]Ops!$B$25) | K24: =IF([1]Ops!$B$25="","",[1]Ops!$C$25) | L24: =IF([1]Ops!$B$25="","",[1]Ops!$D$25) | T24: =IF([2]Baskol!$B$27="","",[2]Baskol!$B$27) | U24: =IF([2]Baskol!$C$27="","",[2]Baskol!$C$27) | V24: =IF([2]Baskol!$D$27="","",[2]Baskol!$D$27) | W24: =IF([2]Baskol!$E$27="","",[2]Baskol!$E$27) | X24: =IF([2]Baskol!$G$27="","",[2]Baskol!$G$27) | Y24: =IF([2]Baskol!$I$27="","",[2]Baskol!$I$27) | Z24: =IF([2]Baskol!$J$27="","",[2]Baskol!$J$27) | AA24: =IF([2]Baskol!$K$27="","",[2]Baskol!$K$27) | AB24: =IF([2]Baskol!$L$27="","",[2]Baskol!$L$27) | AC24: =IF([2]Baskol!$N$27="","",[2]Baskol!$N$27) | AD24: =IF([2]Baskol!$O$27="","",[2]Baskol!$O$27) | AE24: =IF([3]Entry!$C$27="","",[3]Entry!$C$27) | AF24: =IF([3]Entry!$D$27="","",[3]Entry!$D$27) | AG24: =IF([3]Entry!$E$27="","",[3]Entry!$E$27) | AH24: =IF([3]Entry!$G$27="","",[3]Entry!$G$27) | AI24: =IF([3]Entry!$K$27="","",[3]Entry!$K$27) | AJ24: =IF([3]Entry!$L$27="","",[3]Entry!$L$27) | AK24: =IF([3]Entry!$M$27="","",[3]Entry!$M$27) | AL24: =IF([3]Entry!$N$27="","",[3]Entry!$N$27) | AM24: =IF([3]Entry!$R$27="","",[3]Entry!$R$27)
A25: =IF([1]Accounts!$D$26="","",[1]Accounts!$A$26) | B25: =IF([1]Accounts!$D$26="","",[1]Accounts!$B$26) | C25: =IF([1]Accounts!$D$26="","",[1]Accounts!$C$26) | D25: =IF([1]Accounts!$D$26="","",[1]Accounts!$D$26) | E25: =IF([1]Accounts!$D$26="","",[1]Accounts!$E$26) | F25: =IF([1]Accounts!$D$26="","",[1]Accounts!$F$26) | G25: =IF([1]Accounts!$D$26="","",[1]Accounts!$G$26) | I25: =IF([1]Ops!$B$26="","",[1]Ops!$A$26) | J25: =IF([1]Ops!$B$26="","",[1]Ops!$B$26) | K25: =IF([1]Ops!$B$26="","",[1]Ops!$C$26) | L25: =IF([1]Ops!$B$26="","",[1]Ops!$D$26) | T25: =IF([2]Baskol!$B$28="","",[2]Baskol!$B$28) | U25: =IF([2]Baskol!$C$28="","",[2]Baskol!$C$28) | V25: =IF([2]Baskol!$D$28="","",[2]Baskol!$D$28) | W25: =IF([2]Baskol!$E$28="","",[2]Baskol!$E$28) | X25: =IF([2]Baskol!$G$28="","",[2]Baskol!$G$28) | Y25: =IF([2]Baskol!$I$28="","",[2]Baskol!$I$28) | Z25: =IF([2]Baskol!$J$28="","",[2]Baskol!$J$28) | AA25: =IF([2]Baskol!$K$28="","",[2]Baskol!$K$28) | AB25: =IF([2]Baskol!$L$28="","",[2]Baskol!$L$28) | AC25: =IF([2]Baskol!$N$28="","",[2]Baskol!$N$28) | AD25: =IF([2]Baskol!$O$28="","",[2]Baskol!$O$28) | AE25: =IF([3]Entry!$C$28="","",[3]Entry!$C$28) | AF25: =IF([3]Entry!$D$28="","",[3]Entry!$D$28) | AG25: =IF([3]Entry!$E$28="","",[3]Entry!$E$28) | AH25: =IF([3]Entry!$G$28="","",[3]Entry!$G$28) | AI25: =IF([3]Entry!$K$28="","",[3]Entry!$K$28) | AJ25: =IF([3]Entry!$L$28="","",[3]Entry!$L$28) | AK25: =IF([3]Entry!$M$28="","",[3]Entry!$M$28) | AL25: =IF([3]Entry!$N$28="","",[3]Entry!$N$28) | AM25: =IF([3]Entry!$R$28="","",[3]Entry!$R$28)
A26: =IF([1]Accounts!$D$27="","",[1]Accounts!$A$27) | B26: =IF([1]Accounts!$D$27="","",[1]Accounts!$B$27) | C26: =IF([1]Accounts!$D$27="","",[1]Accounts!$C$27) | D26: =IF([1]Accounts!$D$27="","",[1]Accounts!$D$27) | E26: =IF([1]Accounts!$D$27="","",[1]Accounts!$E$27) | F26: =IF([1]Accounts!$D$27="","",[1]Accounts!$F$27) | G26: =IF([1]Accounts!$D$27="","",[1]Accounts!$G$27) | T26: =IF([2]Baskol!$B$29="","",[2]Baskol!$B$29) | U26: =IF([2]Baskol!$C$29="","",[2]Baskol!$C$29) | V26: =IF([2]Baskol!$D$29="","",[2]Baskol!$D$29) | W26: =IF([2]Baskol!$E$29="","",[2]Baskol!$E$29) | X26: =IF([2]Baskol!$G$29="","",[2]Baskol!$G$29) | Y26: =IF([2]Baskol!$I$29="","",[2]Baskol!$I$29) | Z26: =IF([2]Baskol!$J$29="","",[2]Baskol!$J$29) | AA26: =IF([2]Baskol!$K$29="","",[2]Baskol!$K$29) | AB26: =IF([2]Baskol!$L$29="","",[2]Baskol!$L$29) | AC26: =IF([2]Baskol!$N$29="","",[2]Baskol!$N$29) | AD26: =IF([2]Baskol!$O$29="","",[2]Baskol!$O$29) | AE26: =IF([3]Entry!$C$29="","",[3]Entry!$C$29) | AF26: =IF([3]Entry!$D$29="","",[3]Entry!$D$29) | AG26: =IF([3]Entry!$E$29="","",[3]Entry!$E$29) | AH26: =IF([3]Entry!$G$29="","",[3]Entry!$G$29) | AI26: =IF([3]Entry!$K$29="","",[3]Entry!$K$29) | AJ26: =IF([3]Entry!$L$29="","",[3]Entry!$L$29) | AK26: =IF([3]Entry!$M$29="","",[3]Entry!$M$29) | AL26: =IF([3]Entry!$N$29="","",[3]Entry!$N$29) | AM26: =IF([3]Entry!$R$29="","",[3]Entry!$R$29)
A27: =IF([1]Accounts!$D$28="","",[1]Accounts!$A$28) | B27: =IF([1]Accounts!$D$28="","",[1]Accounts!$B$28) | C27: =IF([1]Accounts!$D$28="","",[1]Accounts!$C$28) | D27: =IF([1]Accounts!$D$28="","",[1]Accounts!$D$28) | E27: =IF([1]Accounts!$D$28="","",[1]Accounts!$E$28) | F27: =IF([1]Accounts!$D$28="","",[1]Accounts!$F$28) | G27: =IF([1]Accounts!$D$28="","",[1]Accounts!$G$28) | T27: =IF([2]Baskol!$B$30="","",[2]Baskol!$B$30) | U27: =IF([2]Baskol!$C$30="","",[2]Baskol!$C$30) | V27: =IF([2]Baskol!$D$30="","",[2]Baskol!$D$30) | W27: =IF([2]Baskol!$E$30="","",[2]Baskol!$E$30) | X27: =IF([2]Baskol!$G$30="","",[2]Baskol!$G$30) | Y27: =IF([2]Baskol!$I$30="","",[2]Baskol!$I$30) | Z27: =IF([2]Baskol!$J$30="","",[2]Baskol!$J$30) | AA27: =IF([2]Baskol!$K$30="","",[2]Baskol!$K$30) | AB27: =IF([2]Baskol!$L$30="","",[2]Baskol!$L$30) | AC27: =IF([2]Baskol!$N$30="","",[2]Baskol!$N$30) | AD27: =IF([2]Baskol!$O$30="","",[2]Baskol!$O$30) | AE27: =IF([3]Entry!$C$30="","",[3]Entry!$C$30) | AF27: =IF([3]Entry!$D$30="","",[3]Entry!$D$30) | AG27: =IF([3]Entry!$E$30="","",[3]Entry!$E$30) | AH27: =IF([3]Entry!$G$30="","",[3]Entry!$G$30) | AI27: =IF([3]Entry!$K$30="","",[3]Entry!$K$30) | AJ27: =IF([3]Entry!$L$30="","",[3]Entry!$L$30) | AK27: =IF([3]Entry!$M$30="","",[3]Entry!$M$30) | AL27: =IF([3]Entry!$N$30="","",[3]Entry!$N$30) | AM27: =IF([3]Entry!$R$30="","",[3]Entry!$R$30)
A28: =IF([1]Accounts!$D$29="","",[1]Accounts!$A$29) | B28: =IF([1]Accounts!$D$29="","",[1]Accounts!$B$29) | C28: =IF([1]Accounts!$D$29="","",[1]Accounts!$C$29) | D28: =IF([1]Accounts!$D$29="","",[1]Accounts!$D$29) | E28: =IF([1]Accounts!$D$29="","",[1]Accounts!$E$29) | F28: =IF([1]Accounts!$D$29="","",[1]Accounts!$F$29) | G28: =IF([1]Accounts!$D$29="","",[1]Accounts!$G$29) | T28: =IF([2]Baskol!$B$31="","",[2]Baskol!$B$31) | U28: =IF([2]Baskol!$C$31="","",[2]Baskol!$C$31) | V28: =IF([2]Baskol!$D$31="","",[2]Baskol!$D$31) | W28: =IF([2]Baskol!$E$31="","",[2]Baskol!$E$31) | X28: =IF([2]Baskol!$G$31="","",[2]Baskol!$G$31) | Y28: =IF([2]Baskol!$I$31="","",[2]Baskol!$I$31) | Z28: =IF([2]Baskol!$J$31="","",[2]Baskol!$J$31) | AA28: =IF([2]Baskol!$K$31="","",[2]Baskol!$K$31) | AB28: =IF([2]Baskol!$L$31="","",[2]Baskol!$L$31) | AC28: =IF([2]Baskol!$N$31="","",[2]Baskol!$N$31) | AD28: =IF([2]Baskol!$O$31="","",[2]Baskol!$O$31) | AE28: =IF([3]Entry!$C$31="","",[3]Entry!$C$31) | AF28: =IF([3]Entry!$D$31="","",[3]Entry!$D$31) | AG28: =IF([3]Entry!$E$31="","",[3]Entry!$E$31) | AH28: =IF([3]Entry!$G$31="","",[3]Entry!$G$31) | AI28: =IF([3]Entry!$K$31="","",[3]Entry!$K$31) | AJ28: =IF([3]Entry!$L$31="","",[3]Entry!$L$31) | AK28: =IF([3]Entry!$M$31="","",[3]Entry!$M$31) | AL28: =IF([3]Entry!$N$31="","",[3]Entry!$N$31) | AM28: =IF([3]Entry!$R$31="","",[3]Entry!$R$31)
A29: =IF([1]Accounts!$D$30="","",[1]Accounts!$A$30) | B29: =IF([1]Accounts!$D$30="","",[1]Accounts!$B$30) | C29: =IF([1]Accounts!$D$30="","",[1]Accounts!$C$30) | D29: =IF([1]Accounts!$D$30="","",[1]Accounts!$D$30) | E29: =IF([1]Accounts!$D$30="","",[1]Accounts!$E$30) | F29: =IF([1]Accounts!$D$30="","",[1]Accounts!$F$30) | G29: =IF([1]Accounts!$D$30="","",[1]Accounts!$G$30) | T29: =IF([2]Baskol!$B$32="","",[2]Baskol!$B$32) | U29: =IF([2]Baskol!$C$32="","",[2]Baskol!$C$32) | V29: =IF([2]Baskol!$D$32="","",[2]Baskol!$D$32) | W29: =IF([2]Baskol!$E$32="","",[2]Baskol!$E$32) | X29: =IF([2]Baskol!$G$32="","",[2]Baskol!$G$32) | Y29: =IF([2]Baskol!$I$32="","",[2]Baskol!$I$32) | Z29: =IF([2]Baskol!$J$32="","",[2]Baskol!$J$32) | AA29: =IF([2]Baskol!$K$32="","",[2]Baskol!$K$32) | AB29: =IF([2]Baskol!$L$32="","",[2]Baskol!$L$32) | AC29: =IF([2]Baskol!$N$32="","",[2]Baskol!$N$32) | AD29: =IF([2]Baskol!$O$32="","",[2]Baskol!$O$32) | AE29: =IF([3]Entry!$C$32="","",[3]Entry!$C$32) | AF29: =IF([3]Entry!$D$32="","",[3]Entry!$D$32) | AG29: =IF([3]Entry!$E$32="","",[3]Entry!$E$32) | AH29: =IF([3]Entry!$G$32="","",[3]Entry!$G$32) | AI29: =IF([3]Entry!$K$32="","",[3]Entry!$K$32) | AJ29: =IF([3]Entry!$L$32="","",[3]Entry!$L$32) | AK29: =IF([3]Entry!$M$32="","",[3]Entry!$M$32) | AL29: =IF([3]Entry!$N$32="","",[3]Entry!$N$32) | AM29: =IF([3]Entry!$R$32="","",[3]Entry!$R$32)
A30: =IF([1]Accounts!$D$31="","",[1]Accounts!$A$31) | B30: =IF([1]Accounts!$D$31="","",[1]Accounts!$B$31) | C30: =IF([1]Accounts!$D$31="","",[1]Accounts!$C$31) | D30: =IF([1]Accounts!$D$31="","",[1]Accounts!$D$31) | E30: =IF([1]Accounts!$D$31="","",[1]Accounts!$E$31) | F30: =IF([1]Accounts!$D$31="","",[1]Accounts!$F$31) | G30: =IF([1]Accounts!$D$31="","",[1]Accounts!$G$31) | T30: =IF([2]Baskol!$B$33="","",[2]Baskol!$B$33) | U30: =IF([2]Baskol!$C$33="","",[2]Baskol!$C$33) | V30: =IF([2]Baskol!$D$33="","",[2]Baskol!$D$33) | W30: =IF([2]Baskol!$E$33="","",[2]Baskol!$E$33) | X30: =IF([2]Baskol!$G$33="","",[2]Baskol!$G$33) | Y30: =IF([2]Baskol!$I$33="","",[2]Baskol!$I$33) | Z30: =IF([2]Baskol!$J$33="","",[2]Baskol!$J$33) | AA30: =IF([2]Baskol!$K$33="","",[2]Baskol!$K$33) | AB30: =IF([2]Baskol!$L$33="","",[2]Baskol!$L$33) | AC30: =IF([2]Baskol!$N$33="","",[2]Baskol!$N$33) | AD30: =IF([2]Baskol!$O$33="","",[2]Baskol!$O$33) | AE30: =IF([3]Entry!$C$33="","",[3]Entry!$C$33) | AF30: =IF([3]Entry!$D$33="","",[3]Entry!$D$33) | AG30: =IF([3]Entry!$E$33="","",[3]Entry!$E$33) | AH30: =IF([3]Entry!$G$33="","",[3]Entry!$G$33) | AI30: =IF([3]Entry!$K$33="","",[3]Entry!$K$33) | AJ30: =IF([3]Entry!$L$33="","",[3]Entry!$L$33) | AK30: =IF([3]Entry!$M$33="","",[3]Entry!$M$33) | AL30: =IF([3]Entry!$N$33="","",[3]Entry!$N$33) | AM30: =IF([3]Entry!$R$33="","",[3]Entry!$R$33)
A31: =IF([1]Accounts!$D$32="","",[1]Accounts!$A$32) | B31: =IF([1]Accounts!$D$32="","",[1]Accounts!$B$32) | C31: =IF([1]Accounts!$D$32="","",[1]Accounts!$C$32) | D31: =IF([1]Accounts!$D$32="","",[1]Accounts!$D$32) | E31: =IF([1]Accounts!$D$32="","",[1]Accounts!$E$32) | F31: =IF([1]Accounts!$D$32="","",[1]Accounts!$F$32) | G31: =IF([1]Accounts!$D$32="","",[1]Accounts!$G$32) | T31: =IF([2]Baskol!$B$34="","",[2]Baskol!$B$34) | U31: =IF([2]Baskol!$C$34="","",[2]Baskol!$C$34) | V31: =IF([2]Baskol!$D$34="","",[2]Baskol!$D$34) | W31: =IF([2]Baskol!$E$34="","",[2]Baskol!$E$34) | X31: =IF([2]Baskol!$G$34="","",[2]Baskol!$G$34) | Y31: =IF([2]Baskol!$I$34="","",[2]Baskol!$I$34) | Z31: =IF([2]Baskol!$J$34="","",[2]Baskol!$J$34) | AA31: =IF([2]Baskol!$K$34="","",[2]Baskol!$K$34) | AB31: =IF([2]Baskol!$L$34="","",[2]Baskol!$L$34) | AC31: =IF([2]Baskol!$N$34="","",[2]Baskol!$N$34) | AD31: =IF([2]Baskol!$O$34="","",[2]Baskol!$O$34) | AE31: =IF([3]Entry!$C$34="","",[3]Entry!$C$34) | AF31: =IF([3]Entry!$D$34="","",[3]Entry!$D$34) | AG31: =IF([3]Entry!$E$34="","",[3]Entry!$E$34) | AH31: =IF([3]Entry!$G$34="","",[3]Entry!$G$34) | AI31: =IF([3]Entry!$K$34="","",[3]Entry!$K$34) | AJ31: =IF([3]Entry!$L$34="","",[3]Entry!$L$34) | AK31: =IF([3]Entry!$M$34="","",[3]Entry!$M$34) | AL31: =IF([3]Entry!$N$34="","",[3]Entry!$N$34) | AM31: =IF([3]Entry!$R$34="","",[3]Entry!$R$34)
A32: =IF([1]Accounts!$D$33="","",[1]Accounts!$A$33) | B32: =IF([1]Accounts!$D$33="","",[1]Accounts!$B$33) | C32: =IF([1]Accounts!$D$33="","",[1]Accounts!$C$33) | D32: =IF([1]Accounts!$D$33="","",[1]Accounts!$D$33) | E32: =IF([1]Accounts!$D$33="","",[1]Accounts!$E$33) | F32: =IF([1]Accounts!$D$33="","",[1]Accounts!$F$33) | G32: =IF([1]Accounts!$D$33="","",[1]Accounts!$G$33) | T32: =IF([2]Baskol!$B$35="","",[2]Baskol!$B$35) | U32: =IF([2]Baskol!$C$35="","",[2]Baskol!$C$35) | V32: =IF([2]Baskol!$D$35="","",[2]Baskol!$D$35) | W32: =IF([2]Baskol!$E$35="","",[2]Baskol!$E$35) | X32: =IF([2]Baskol!$G$35="","",[2]Baskol!$G$35) | Y32: =IF([2]Baskol!$I$35="","",[2]Baskol!$I$35) | Z32: =IF([2]Baskol!$J$35="","",[2]Baskol!$J$35) | AA32: =IF([2]Baskol!$K$35="","",[2]Baskol!$K$35) | AB32: =IF([2]Baskol!$L$35="","",[2]Baskol!$L$35) | AC32: =IF([2]Baskol!$N$35="","",[2]Baskol!$N$35) | AD32: =IF([2]Baskol!$O$35="","",[2]Baskol!$O$35) | AE32: =IF([3]Entry!$C$35="","",[3]Entry!$C$35) | AF32: =IF([3]Entry!$D$35="","",[3]Entry!$D$35) | AG32: =IF([3]Entry!$E$35="","",[3]Entry!$E$35) | AH32: =IF([3]Entry!$G$35="","",[3]Entry!$G$35) | AI32: =IF([3]Entry!$K$35="","",[3]Entry!$K$35) | AJ32: =IF([3]Entry!$L$35="","",[3]Entry!$L$35) | AK32: =IF([3]Entry!$M$35="","",[3]Entry!$M$35) | AL32: =IF([3]Entry!$N$35="","",[3]Entry!$N$35) | AM32: =IF([3]Entry!$R$35="","",[3]Entry!$R$35)
A33: =IF([1]Accounts!$D$34="","",[1]Accounts!$A$34) | B33: =IF([1]Accounts!$D$34="","",[1]Accounts!$B$34) | C33: =IF([1]Accounts!$D$34="","",[1]Accounts!$C$34) | D33: =IF([1]Accounts!$D$34="","",[1]Accounts!$D$34) | E33: =IF([1]Accounts!$D$34="","",[1]Accounts!$E$34) | F33: =IF([1]Accounts!$D$34="","",[1]Accounts!$F$34) | G33: =IF([1]Accounts!$D$34="","",[1]Accounts!$G$34) | T33: =IF([2]Baskol!$B$36="","",[2]Baskol!$B$36) | U33: =IF([2]Baskol!$C$36="","",[2]Baskol!$C$36) | V33: =IF([2]Baskol!$D$36="","",[2]Baskol!$D$36) | W33: =IF([2]Baskol!$E$36="","",[2]Baskol!$E$36) | X33: =IF([2]Baskol!$G$36="","",[2]Baskol!$G$36) | Y33: =IF([2]Baskol!$I$36="","",[2]Baskol!$I$36) | Z33: =IF([2]Baskol!$J$36="","",[2]Baskol!$J$36) | AA33: =IF([2]Baskol!$K$36="","",[2]Baskol!$K$36) | AB33: =IF([2]Baskol!$L$36="","",[2]Baskol!$L$36) | AC33: =IF([2]Baskol!$N$36="","",[2]Baskol!$N$36) | AD33: =IF([2]Baskol!$O$36="","",[2]Baskol!$O$36) | AE33: =IF([3]Entry!$C$36="","",[3]Entry!$C$36) | AF33: =IF([3]Entry!$D$36="","",[3]Entry!$D$36) | AG33: =IF([3]Entry!$E$36="","",[3]Entry!$E$36) | AH33: =IF([3]Entry!$G$36="","",[3]Entry!$G$36) | AI33: =IF([3]Entry!$K$36="","",[3]Entry!$K$36) | AJ33: =IF([3]Entry!$L$36="","",[3]Entry!$L$36) | AK33: =IF([3]Entry!$M$36="","",[3]Entry!$M$36) | AL33: =IF([3]Entry!$N$36="","",[3]Entry!$N$36) | AM33: =IF([3]Entry!$R$36="","",[3]Entry!$R$36)
A34: =IF([1]Accounts!$D$35="","",[1]Accounts!$A$35) | B34: =IF([1]Accounts!$D$35="","",[1]Accounts!$B$35) | C34: =IF([1]Accounts!$D$35="","",[1]Accounts!$C$35) | D34: =IF([1]Accounts!$D$35="","",[1]Accounts!$D$35) | E34: =IF([1]Accounts!$D$35="","",[1]Accounts!$E$35) | F34: =IF([1]Accounts!$D$35="","",[1]Accounts!$F$35) | G34: =IF([1]Accounts!$D$35="","",[1]Accounts!$G$35) | T34: =IF([2]Baskol!$B$37="","",[2]Baskol!$B$37) | U34: =IF([2]Baskol!$C$37="","",[2]Baskol!$C$37) | V34: =IF([2]Baskol!$D$37="","",[2]Baskol!$D$37) | W34: =IF([2]Baskol!$E$37="","",[2]Baskol!$E$37) | X34: =IF([2]Baskol!$G$37="","",[2]Baskol!$G$37) | Y34: =IF([2]Baskol!$I$37="","",[2]Baskol!$I$37) | Z34: =IF([2]Baskol!$J$37="","",[2]Baskol!$J$37) | AA34: =IF([2]Baskol!$K$37="","",[2]Baskol!$K$37) | AB34: =IF([2]Baskol!$L$37="","",[2]Baskol!$L$37) | AC34: =IF([2]Baskol!$N$37="","",[2]Baskol!$N$37) | AD34: =IF([2]Baskol!$O$37="","",[2]Baskol!$O$37) | AE34: =IF([3]Entry!$C$37="","",[3]Entry!$C$37) | AF34: =IF([3]Entry!$D$37="","",[3]Entry!$D$37) | AG34: =IF([3]Entry!$E$37="","",[3]Entry!$E$37) | AH34: =IF([3]Entry!$G$37="","",[3]Entry!$G$37) | AI34: =IF([3]Entry!$K$37="","",[3]Entry!$K$37) | AJ34: =IF([3]Entry!$L$37="","",[3]Entry!$L$37) | AK34: =IF([3]Entry!$M$37="","",[3]Entry!$M$37) | AL34: =IF([3]Entry!$N$37="","",[3]Entry!$N$37) | AM34: =IF([3]Entry!$R$37="","",[3]Entry!$R$37)
A35: =IF([1]Accounts!$D$36="","",[1]Accounts!$A$36) | B35: =IF([1]Accounts!$D$36="","",[1]Accounts!$B$36) | C35: =IF([1]Accounts!$D$36="","",[1]Accounts!$C$36) | D35: =IF([1]Accounts!$D$36="","",[1]Accounts!$D$36) | E35: =IF([1]Accounts!$D$36="","",[1]Accounts!$E$36) | F35: =IF([1]Accounts!$D$36="","",[1]Accounts!$F$36) | G35: =IF([1]Accounts!$D$36="","",[1]Accounts!$G$36) | T35: =IF([2]Baskol!$B$38="","",[2]Baskol!$B$38) | U35: =IF([2]Baskol!$C$38="","",[2]Baskol!$C$38) | V35: =IF([2]Baskol!$D$38="","",[2]Baskol!$D$38) | W35: =IF([2]Baskol!$E$38="","",[2]Baskol!$E$38) | X35: =IF([2]Baskol!$G$38="","",[2]Baskol!$G$38) | Y35: =IF([2]Baskol!$I$38="","",[2]Baskol!$I$38) | Z35: =IF([2]Baskol!$J$38="","",[2]Baskol!$J$38) | AA35: =IF([2]Baskol!$K$38="","",[2]Baskol!$K$38) | AB35: =IF([2]Baskol!$L$38="","",[2]Baskol!$L$38) | AC35: =IF([2]Baskol!$N$38="","",[2]Baskol!$N$38) | AD35: =IF([2]Baskol!$O$38="","",[2]Baskol!$O$38) | AE35: =IF([3]Entry!$C$38="","",[3]Entry!$C$38) | AF35: =IF([3]Entry!$D$38="","",[3]Entry!$D$38) | AG35: =IF([3]Entry!$E$38="","",[3]Entry!$E$38) | AH35: =IF([3]Entry!$G$38="","",[3]Entry!$G$38) | AI35: =IF([3]Entry!$K$38="","",[3]Entry!$K$38) | AJ35: =IF([3]Entry!$L$38="","",[3]Entry!$L$38) | AK35: =IF([3]Entry!$M$38="","",[3]Entry!$M$38) | AL35: =IF([3]Entry!$N$38="","",[3]Entry!$N$38) | AM35: =IF([3]Entry!$R$38="","",[3]Entry!$R$38)
A36: =IF([1]Accounts!$D$37="","",[1]Accounts!$A$37) | B36: =IF([1]Accounts!$D$37="","",[1]Accounts!$B$37) | C36: =IF([1]Accounts!$D$37="","",[1]Accounts!$C$37) | D36: =IF([1]Accounts!$D$37="","",[1]Accounts!$D$37) | E36: =IF([1]Accounts!$D$37="","",[1]Accounts!$E$37) | F36: =IF([1]Accounts!$D$37="","",[1]Accounts!$F$37) | G36: =IF([1]Accounts!$D$37="","",[1]Accounts!$G$37) | T36: =IF([2]Baskol!$B$39="","",[2]Baskol!$B$39) | U36: =IF([2]Baskol!$C$39="","",[2]Baskol!$C$39) | V36: =IF([2]Baskol!$D$39="","",[2]Baskol!$D$39) | W36: =IF([2]Baskol!$E$39="","",[2]Baskol!$E$39) | X36: =IF([2]Baskol!$G$39="","",[2]Baskol!$G$39) | Y36: =IF([2]Baskol!$I$39="","",[2]Baskol!$I$39) | Z36: =IF([2]Baskol!$J$39="","",[2]Baskol!$J$39) | AA36: =IF([2]Baskol!$K$39="","",[2]Baskol!$K$39) | AB36: =IF([2]Baskol!$L$39="","",[2]Baskol!$L$39) | AC36: =IF([2]Baskol!$N$39="","",[2]Baskol!$N$39) | AD36: =IF([2]Baskol!$O$39="","",[2]Baskol!$O$39) | AE36: =IF([3]Entry!$C$39="","",[3]Entry!$C$39) | AF36: =IF([3]Entry!$D$39="","",[3]Entry!$D$39) | AG36: =IF([3]Entry!$E$39="","",[3]Entry!$E$39) | AH36: =IF([3]Entry!$G$39="","",[3]Entry!$G$39) | AI36: =IF([3]Entry!$K$39="","",[3]Entry!$K$39) | AJ36: =IF([3]Entry!$L$39="","",[3]Entry!$L$39) | AK36: =IF([3]Entry!$M$39="","",[3]Entry!$M$39) | AL36: =IF([3]Entry!$N$39="","",[3]Entry!$N$39) | AM36: =IF([3]Entry!$R$39="","",[3]Entry!$R$39)
A37: =IF([1]Accounts!$D$38="","",[1]Accounts!$A$38) | B37: =IF([1]Accounts!$D$38="","",[1]Accounts!$B$38) | C37: =IF([1]Accounts!$D$38="","",[1]Accounts!$C$38) | D37: =IF([1]Accounts!$D$38="","",[1]Accounts!$D$38) | E37: =IF([1]Accounts!$D$38="","",[1]Accounts!$E$38) | F37: =IF([1]Accounts!$D$38="","",[1]Accounts!$F$38) | G37: =IF([1]Accounts!$D$38="","",[1]Accounts!$G$38) | T37: =IF([2]Baskol!$B$40="","",[2]Baskol!$B$40) | U37: =IF([2]Baskol!$C$40="","",[2]Baskol!$C$40) | V37: =IF([2]Baskol!$D$40="","",[2]Baskol!$D$40) | W37: =IF([2]Baskol!$E$40="","",[2]Baskol!$E$40) | X37: =IF([2]Baskol!$G$40="","",[2]Baskol!$G$40) | Y37: =IF([2]Baskol!$I$40="","",[2]Baskol!$I$40) | Z37: =IF([2]Baskol!$J$40="","",[2]Baskol!$J$40) | AA37: =IF([2]Baskol!$K$40="","",[2]Baskol!$K$40) | AB37: =IF([2]Baskol!$L$40="","",[2]Baskol!$L$40) | AC37: =IF([2]Baskol!$N$40="","",[2]Baskol!$N$40) | AD37: =IF([2]Baskol!$O$40="","",[2]Baskol!$O$40) | AE37: =IF([3]Entry!$C$40="","",[3]Entry!$C$40) | AF37: =IF([3]Entry!$D$40="","",[3]Entry!$D$40) | AG37: =IF([3]Entry!$E$40="","",[3]Entry!$E$40) | AH37: =IF([3]Entry!$G$40="","",[3]Entry!$G$40) | AI37: =IF([3]Entry!$K$40="","",[3]Entry!$K$40) | AJ37: =IF([3]Entry!$L$40="","",[3]Entry!$L$40) | AK37: =IF([3]Entry!$M$40="","",[3]Entry!$M$40) | AL37: =IF([3]Entry!$N$40="","",[3]Entry!$N$40) | AM37: =IF([3]Entry!$R$40="","",[3]Entry!$R$40)
A38: =IF([1]Accounts!$D$39="","",[1]Accounts!$A$39) | B38: =IF([1]Accounts!$D$39="","",[1]Accounts!$B$39) | C38: =IF([1]Accounts!$D$39="","",[1]Accounts!$C$39) | D38: =IF([1]Accounts!$D$39="","",[1]Accounts!$D$39) | E38: =IF([1]Accounts!$D$39="","",[1]Accounts!$E$39) | F38: =IF([1]Accounts!$D$39="","",[1]Accounts!$F$39) | G38: =IF([1]Accounts!$D$39="","",[1]Accounts!$G$39) | T38: =IF([2]Baskol!$B$41="","",[2]Baskol!$B$41) | U38: =IF([2]Baskol!$C$41="","",[2]Baskol!$C$41) | V38: =IF([2]Baskol!$D$41="","",[2]Baskol!$D$41) | W38: =IF([2]Baskol!$E$41="","",[2]Baskol!$E$41) | X38: =IF([2]Baskol!$G$41="","",[2]Baskol!$G$41) | Y38: =IF([2]Baskol!$I$41="","",[2]Baskol!$I$41) | Z38: =IF([2]Baskol!$J$41="","",[2]Baskol!$J$41) | AA38: =IF([2]Baskol!$K$41="","",[2]Baskol!$K$41) | AB38: =IF([2]Baskol!$L$41="","",[2]Baskol!$L$41) | AC38: =IF([2]Baskol!$N$41="","",[2]Baskol!$N$41) | AD38: =IF([2]Baskol!$O$41="","",[2]Baskol!$O$41) | AE38: =IF([3]Entry!$C$41="","",[3]Entry!$C$41) | AF38: =IF([3]Entry!$D$41="","",[3]Entry!$D$41) | AG38: =IF([3]Entry!$E$41="","",[3]Entry!$E$41) | AH38: =IF([3]Entry!$G$41="","",[3]Entry!$G$41) | AI38: =IF([3]Entry!$K$41="","",[3]Entry!$K$41) | AJ38: =IF([3]Entry!$L$41="","",[3]Entry!$L$41) | AK38: =IF([3]Entry!$M$41="","",[3]Entry!$M$41) | AL38: =IF([3]Entry!$N$41="","",[3]Entry!$N$41) | AM38: =IF([3]Entry!$R$41="","",[3]Entry!$R$41)
A39: =IF([1]Accounts!$D$40="","",[1]Accounts!$A$40) | B39: =IF([1]Accounts!$D$40="","",[1]Accounts!$B$40) | C39: =IF([1]Accounts!$D$40="","",[1]Accounts!$C$40) | D39: =IF([1]Accounts!$D$40="","",[1]Accounts!$D$40) | E39: =IF([1]Accounts!$D$40="","",[1]Accounts!$E$40) | F39: =IF([1]Accounts!$D$40="","",[1]Accounts!$F$40) | G39: =IF([1]Accounts!$D$40="","",[1]Accounts!$G$40) | T39: =IF([2]Baskol!$B$42="","",[2]Baskol!$B$42) | U39: =IF([2]Baskol!$C$42="","",[2]Baskol!$C$42) | V39: =IF([2]Baskol!$D$42="","",[2]Baskol!$D$42) | W39: =IF([2]Baskol!$E$42="","",[2]Baskol!$E$42) | X39: =IF([2]Baskol!$G$42="","",[2]Baskol!$G$42) | Y39: =IF([2]Baskol!$I$42="","",[2]Baskol!$I$42) | Z39: =IF([2]Baskol!$J$42="","",[2]Baskol!$J$42) | AA39: =IF([2]Baskol!$K$42="","",[2]Baskol!$K$42) | AB39: =IF([2]Baskol!$L$42="","",[2]Baskol!$L$42) | AC39: =IF([2]Baskol!$N$42="","",[2]Baskol!$N$42) | AD39: =IF([2]Baskol!$O$42="","",[2]Baskol!$O$42) | AE39: =IF([3]Entry!$C$42="","",[3]Entry!$C$42) | AF39: =IF([3]Entry!$D$42="","",[3]Entry!$D$42) | AG39: =IF([3]Entry!$E$42="","",[3]Entry!$E$42) | AH39: =IF([3]Entry!$G$42="","",[3]Entry!$G$42) | AI39: =IF([3]Entry!$K$42="","",[3]Entry!$K$42) | AJ39: =IF([3]Entry!$L$42="","",[3]Entry!$L$42) | AK39: =IF([3]Entry!$M$42="","",[3]Entry!$M$42) | AL39: =IF([3]Entry!$N$42="","",[3]Entry!$N$42) | AM39: =IF([3]Entry!$R$42="","",[3]Entry!$R$42)
A40: =IF([1]Accounts!$D$41="","",[1]Accounts!$A$41) | B40: =IF([1]Accounts!$D$41="","",[1]Accounts!$B$41) | C40: =IF([1]Accounts!$D$41="","",[1]Accounts!$C$41) | D40: =IF([1]Accounts!$D$41="","",[1]Accounts!$D$41) | E40: =IF([1]Accounts!$D$41="","",[1]Accounts!$E$41) | F40: =IF([1]Accounts!$D$41="","",[1]Accounts!$F$41) | G40: =IF([1]Accounts!$D$41="","",[1]Accounts!$G$41) | T40: =IF([2]Baskol!$B$43="","",[2]Baskol!$B$43) | U40: =IF([2]Baskol!$C$43="","",[2]Baskol!$C$43) | V40: =IF([2]Baskol!$D$43="","",[2]Baskol!$D$43) | W40: =IF([2]Baskol!$E$43="","",[2]Baskol!$E$43) | X40: =IF([2]Baskol!$G$43="","",[2]Baskol!$G$43) | Y40: =IF([2]Baskol!$I$43="","",[2]Baskol!$I$43) | Z40: =IF([2]Baskol!$J$43="","",[2]Baskol!$J$43) | AA40: =IF([2]Baskol!$K$43="","",[2]Baskol!$K$43) | AB40: =IF([2]Baskol!$L$43="","",[2]Baskol!$L$43) | AC40: =IF([2]Baskol!$N$43="","",[2]Baskol!$N$43) | AD40: =IF([2]Baskol!$O$43="","",[2]Baskol!$O$43) | AE40: =IF([3]Entry!$C$43="","",[3]Entry!$C$43) | AF40: =IF([3]Entry!$D$43="","",[3]Entry!$D$43) | AG40: =IF([3]Entry!$E$43="","",[3]Entry!$E$43) | AH40: =IF([3]Entry!$G$43="","",[3]Entry!$G$43) | AI40: =IF([3]Entry!$K$43="","",[3]Entry!$K$43) | AJ40: =IF([3]Entry!$L$43="","",[3]Entry!$L$43) | AK40: =IF([3]Entry!$M$43="","",[3]Entry!$M$43) | AL40: =IF([3]Entry!$N$43="","",[3]Entry!$N$43) | AM40: =IF([3]Entry!$R$43="","",[3]Entry!$R$43)
A41: =IF([1]Accounts!$D$42="","",[1]Accounts!$A$42) | B41: =IF([1]Accounts!$D$42="","",[1]Accounts!$B$42) | C41: =IF([1]Accounts!$D$42="","",[1]Accounts!$C$42) | D41: =IF([1]Accounts!$D$42="","",[1]Accounts!$D$42) | E41: =IF([1]Accounts!$D$42="","",[1]Accounts!$E$42) | F41: =IF([1]Accounts!$D$42="","",[1]Accounts!$F$42) | G41: =IF([1]Accounts!$D$42="","",[1]Accounts!$G$42) | T41: =IF([2]Baskol!$B$44="","",[2]Baskol!$B$44) | U41: =IF([2]Baskol!$C$44="","",[2]Baskol!$C$44) | V41: =IF([2]Baskol!$D$44="","",[2]Baskol!$D$44) | W41: =IF([2]Baskol!$E$44="","",[2]Baskol!$E$44) | X41: =IF([2]Baskol!$G$44="","",[2]Baskol!$G$44) | Y41: =IF([2]Baskol!$I$44="","",[2]Baskol!$I$44) | Z41: =IF([2]Baskol!$J$44="","",[2]Baskol!$J$44) | AA41: =IF([2]Baskol!$K$44="","",[2]Baskol!$K$44) | AB41: =IF([2]Baskol!$L$44="","",[2]Baskol!$L$44) | AC41: =IF([2]Baskol!$N$44="","",[2]Baskol!$N$44) | AD41: =IF([2]Baskol!$O$44="","",[2]Baskol!$O$44) | AE41: =IF([3]Entry!$C$44="","",[3]Entry!$C$44) | AF41: =IF([3]Entry!$D$44="","",[3]Entry!$D$44) | AG41: =IF([3]Entry!$E$44="","",[3]Entry!$E$44) | AH41: =IF([3]Entry!$G$44="","",[3]Entry!$G$44) | AI41: =IF([3]Entry!$K$44="","",[3]Entry!$K$44) | AJ41: =IF([3]Entry!$L$44="","",[3]Entry!$L$44) | AK41: =IF([3]Entry!$M$44="","",[3]Entry!$M$44) | AL41: =IF([3]Entry!$N$44="","",[3]Entry!$N$44) | AM41: =IF([3]Entry!$R$44="","",[3]Entry!$R$44)
A42: =IF([1]Accounts!$D$43="","",[1]Accounts!$A$43) | B42: =IF([1]Accounts!$D$43="","",[1]Accounts!$B$43) | C42: =IF([1]Accounts!$D$43="","",[1]Accounts!$C$43) | D42: =IF([1]Accounts!$D$43="","",[1]Accounts!$D$43) | E42: =IF([1]Accounts!$D$43="","",[1]Accounts!$E$43) | F42: =IF([1]Accounts!$D$43="","",[1]Accounts!$F$43) | G42: =IF([1]Accounts!$D$43="","",[1]Accounts!$G$43) | T42: =IF([2]Baskol!$B$45="","",[2]Baskol!$B$45) | U42: =IF([2]Baskol!$C$45="","",[2]Baskol!$C$45) | V42: =IF([2]Baskol!$D$45="","",[2]Baskol!$D$45) | W42: =IF([2]Baskol!$E$45="","",[2]Baskol!$E$45) | X42: =IF([2]Baskol!$G$45="","",[2]Baskol!$G$45) | Y42: =IF([2]Baskol!$I$45="","",[2]Baskol!$I$45) | Z42: =IF([2]Baskol!$J$45="","",[2]Baskol!$J$45) | AA42: =IF([2]Baskol!$K$45="","",[2]Baskol!$K$45) | AB42: =IF([2]Baskol!$L$45="","",[2]Baskol!$L$45) | AC42: =IF([2]Baskol!$N$45="","",[2]Baskol!$N$45) | AD42: =IF([2]Baskol!$O$45="","",[2]Baskol!$O$45) | AE42: =IF([3]Entry!$C$45="","",[3]Entry!$C$45) | AF42: =IF([3]Entry!$D$45="","",[3]Entry!$D$45) | AG42: =IF([3]Entry!$E$45="","",[3]Entry!$E$45) | AH42: =IF([3]Entry!$G$45="","",[3]Entry!$G$45) | AI42: =IF([3]Entry!$K$45="","",[3]Entry!$K$45) | AJ42: =IF([3]Entry!$L$45="","",[3]Entry!$L$45) | AK42: =IF([3]Entry!$M$45="","",[3]Entry!$M$45) | AL42: =IF([3]Entry!$N$45="","",[3]Entry!$N$45) | AM42: =IF([3]Entry!$R$45="","",[3]Entry!$R$45)
A43: =IF([1]Accounts!$D$44="","",[1]Accounts!$A$44) | B43: =IF([1]Accounts!$D$44="","",[1]Accounts!$B$44) | C43: =IF([1]Accounts!$D$44="","",[1]Accounts!$C$44) | D43: =IF([1]Accounts!$D$44="","",[1]Accounts!$D$44) | E43: =IF([1]Accounts!$D$44="","",[1]Accounts!$E$44) | F43: =IF([1]Accounts!$D$44="","",[1]Accounts!$F$44) | G43: =IF([1]Accounts!$D$44="","",[1]Accounts!$G$44) | T43: =IF([2]Baskol!$B$46="","",[2]Baskol!$B$46) | U43: =IF([2]Baskol!$C$46="","",[2]Baskol!$C$46) | V43: =IF([2]Baskol!$D$46="","",[2]Baskol!$D$46) | W43: =IF([2]Baskol!$E$46="","",[2]Baskol!$E$46) | X43: =IF([2]Baskol!$G$46="","",[2]Baskol!$G$46) | Y43: =IF([2]Baskol!$I$46="","",[2]Baskol!$I$46) | Z43: =IF([2]Baskol!$J$46="","",[2]Baskol!$J$46) | AA43: =IF([2]Baskol!$K$46="","",[2]Baskol!$K$46) | AB43: =IF([2]Baskol!$L$46="","",[2]Baskol!$L$46) | AC43: =IF([2]Baskol!$N$46="","",[2]Baskol!$N$46) | AD43: =IF([2]Baskol!$O$46="","",[2]Baskol!$O$46) | AE43: =IF([3]Entry!$C$46="","",[3]Entry!$C$46) | AF43: =IF([3]Entry!$D$46="","",[3]Entry!$D$46) | AG43: =IF([3]Entry!$E$46="","",[3]Entry!$E$46) | AH43: =IF([3]Entry!$G$46="","",[3]Entry!$G$46) | AI43: =IF([3]Entry!$K$46="","",[3]Entry!$K$46) | AJ43: =IF([3]Entry!$L$46="","",[3]Entry!$L$46) | AK43: =IF([3]Entry!$M$46="","",[3]Entry!$M$46) | AL43: =IF([3]Entry!$N$46="","",[3]Entry!$N$46) | AM43: =IF([3]Entry!$R$46="","",[3]Entry!$R$46)
A44: =IF([1]Accounts!$D$45="","",[1]Accounts!$A$45) | B44: =IF([1]Accounts!$D$45="","",[1]Accounts!$B$45) | C44: =IF([1]Accounts!$D$45="","",[1]Accounts!$C$45) | D44: =IF([1]Accounts!$D$45="","",[1]Accounts!$D$45) | E44: =IF([1]Accounts!$D$45="","",[1]Accounts!$E$45) | F44: =IF([1]Accounts!$D$45="","",[1]Accounts!$F$45) | G44: =IF([1]Accounts!$D$45="","",[1]Accounts!$G$45) | T44: =IF([2]Baskol!$B$47="","",[2]Baskol!$B$47) | U44: =IF([2]Baskol!$C$47="","",[2]Baskol!$C$47) | V44: =IF([2]Baskol!$D$47="","",[2]Baskol!$D$47) | W44: =IF([2]Baskol!$E$47="","",[2]Baskol!$E$47) | X44: =IF([2]Baskol!$G$47="","",[2]Baskol!$G$47) | Y44: =IF([2]Baskol!$I$47="","",[2]Baskol!$I$47) | Z44: =IF([2]Baskol!$J$47="","",[2]Baskol!$J$47) | AA44: =IF([2]Baskol!$K$47="","",[2]Baskol!$K$47) | AB44: =IF([2]Baskol!$L$47="","",[2]Baskol!$L$47) | AC44: =IF([2]Baskol!$N$47="","",[2]Baskol!$N$47) | AD44: =IF([2]Baskol!$O$47="","",[2]Baskol!$O$47) | AE44: =IF([3]Entry!$C$47="","",[3]Entry!$C$47) | AF44: =IF([3]Entry!$D$47="","",[3]Entry!$D$47) | AG44: =IF([3]Entry!$E$47="","",[3]Entry!$E$47) | AH44: =IF([3]Entry!$G$47="","",[3]Entry!$G$47) | AI44: =IF([3]Entry!$K$47="","",[3]Entry!$K$47) | AJ44: =IF([3]Entry!$L$47="","",[3]Entry!$L$47) | AK44: =IF([3]Entry!$M$47="","",[3]Entry!$M$47) | AL44: =IF([3]Entry!$N$47="","",[3]Entry!$N$47) | AM44: =IF([3]Entry!$R$47="","",[3]Entry!$R$47)
A45: =IF([1]Accounts!$D$46="","",[1]Accounts!$A$46) | B45: =IF([1]Accounts!$D$46="","",[1]Accounts!$B$46) | C45: =IF([1]Accounts!$D$46="","",[1]Accounts!$C$46) | D45: =IF([1]Accounts!$D$46="","",[1]Accounts!$D$46) | E45: =IF([1]Accounts!$D$46="","",[1]Accounts!$E$46) | F45: =IF([1]Accounts!$D$46="","",[1]Accounts!$F$46) | G45: =IF([1]Accounts!$D$46="","",[1]Accounts!$G$46) | T45: =IF([2]Baskol!$B$48="","",[2]Baskol!$B$48) | U45: =IF([2]Baskol!$C$48="","",[2]Baskol!$C$48) | V45: =IF([2]Baskol!$D$48="","",[2]Baskol!$D$48) | W45: =IF([2]Baskol!$E$48="","",[2]Baskol!$E$48) | X45: =IF([2]Baskol!$G$48="","",[2]Baskol!$G$48) | Y45: =IF([2]Baskol!$I$48="","",[2]Baskol!$I$48) | Z45: =IF([2]Baskol!$J$48="","",[2]Baskol!$J$48) | AA45: =IF([2]Baskol!$K$48="","",[2]Baskol!$K$48) | AB45: =IF([2]Baskol!$L$48="","",[2]Baskol!$L$48) | AC45: =IF([2]Baskol!$N$48="","",[2]Baskol!$N$48) | AD45: =IF([2]Baskol!$O$48="","",[2]Baskol!$O$48) | AE45: =IF([3]Entry!$C$48="","",[3]Entry!$C$48) | AF45: =IF([3]Entry!$D$48="","",[3]Entry!$D$48) | AG45: =IF([3]Entry!$E$48="","",[3]Entry!$E$48) | AH45: =IF([3]Entry!$G$48="","",[3]Entry!$G$48) | AI45: =IF([3]Entry!$K$48="","",[3]Entry!$K$48) | AJ45: =IF([3]Entry!$L$48="","",[3]Entry!$L$48) | AK45: =IF([3]Entry!$M$48="","",[3]Entry!$M$48) | AL45: =IF([3]Entry!$N$48="","",[3]Entry!$N$48) | AM45: =IF([3]Entry!$R$48="","",[3]Entry!$R$48)
A46: =IF([1]Accounts!$D$47="","",[1]Accounts!$A$47) | B46: =IF([1]Accounts!$D$47="","",[1]Accounts!$B$47) | C46: =IF([1]Accounts!$D$47="","",[1]Accounts!$C$47) | D46: =IF([1]Accounts!$D$47="","",[1]Accounts!$D$47) | E46: =IF([1]Accounts!$D$47="","",[1]Accounts!$E$47) | F46: =IF([1]Accounts!$D$47="","",[1]Accounts!$F$47) | G46: =IF([1]Accounts!$D$47="","",[1]Accounts!$G$47) | T46: =IF([2]Baskol!$B$49="","",[2]Baskol!$B$49) | U46: =IF([2]Baskol!$C$49="","",[2]Baskol!$C$49) | V46: =IF([2]Baskol!$D$49="","",[2]Baskol!$D$49) | W46: =IF([2]Baskol!$E$49="","",[2]Baskol!$E$49) | X46: =IF([2]Baskol!$G$49="","",[2]Baskol!$G$49) | Y46: =IF([2]Baskol!$I$49="","",[2]Baskol!$I$49) | Z46: =IF([2]Baskol!$J$49="","",[2]Baskol!$J$49) | AA46: =IF([2]Baskol!$K$49="","",[2]Baskol!$K$49) | AB46: =IF([2]Baskol!$L$49="","",[2]Baskol!$L$49) | AC46: =IF([2]Baskol!$N$49="","",[2]Baskol!$N$49) | AD46: =IF([2]Baskol!$O$49="","",[2]Baskol!$O$49) | AE46: =IF([3]Entry!$C$49="","",[3]Entry!$C$49) | AF46: =IF([3]Entry!$D$49="","",[3]Entry!$D$49) | AG46: =IF([3]Entry!$E$49="","",[3]Entry!$E$49) | AH46: =IF([3]Entry!$G$49="","",[3]Entry!$G$49) | AI46: =IF([3]Entry!$K$49="","",[3]Entry!$K$49) | AJ46: =IF([3]Entry!$L$49="","",[3]Entry!$L$49) | AK46: =IF([3]Entry!$M$49="","",[3]Entry!$M$49) | AL46: =IF([3]Entry!$N$49="","",[3]Entry!$N$49) | AM46: =IF([3]Entry!$R$49="","",[3]Entry!$R$49)
A47: =IF([1]Accounts!$D$48="","",[1]Accounts!$A$48) | B47: =IF([1]Accounts!$D$48="","",[1]Accounts!$B$48) | C47: =IF([1]Accounts!$D$48="","",[1]Accounts!$C$48) | D47: =IF([1]Accounts!$D$48="","",[1]Accounts!$D$48) | E47: =IF([1]Accounts!$D$48="","",[1]Accounts!$E$48) | F47: =IF([1]Accounts!$D$48="","",[1]Accounts!$F$48) | G47: =IF([1]Accounts!$D$48="","",[1]Accounts!$G$48) | T47: =IF([2]Baskol!$B$50="","",[2]Baskol!$B$50) | U47: =IF([2]Baskol!$C$50="","",[2]Baskol!$C$50) | V47: =IF([2]Baskol!$D$50="","",[2]Baskol!$D$50) | W47: =IF([2]Baskol!$E$50="","",[2]Baskol!$E$50) | X47: =IF([2]Baskol!$G$50="","",[2]Baskol!$G$50) | Y47: =IF([2]Baskol!$I$50="","",[2]Baskol!$I$50) | Z47: =IF([2]Baskol!$J$50="","",[2]Baskol!$J$50) | AA47: =IF([2]Baskol!$K$50="","",[2]Baskol!$K$50) | AB47: =IF([2]Baskol!$L$50="","",[2]Baskol!$L$50) | AC47: =IF([2]Baskol!$N$50="","",[2]Baskol!$N$50) | AD47: =IF([2]Baskol!$O$50="","",[2]Baskol!$O$50) | AE47: =IF([3]Entry!$C$50="","",[3]Entry!$C$50) | AF47: =IF([3]Entry!$D$50="","",[3]Entry!$D$50) | AG47: =IF([3]Entry!$E$50="","",[3]Entry!$E$50) | AH47: =IF([3]Entry!$G$50="","",[3]Entry!$G$50) | AI47: =IF([3]Entry!$K$50="","",[3]Entry!$K$50) | AJ47: =IF([3]Entry!$L$50="","",[3]Entry!$L$50) | AK47: =IF([3]Entry!$M$50="","",[3]Entry!$M$50) | AL47: =IF([3]Entry!$N$50="","",[3]Entry!$N$50) | AM47: =IF([3]Entry!$R$50="","",[3]Entry!$R$50)
A48: =IF([1]Accounts!$D$49="","",[1]Accounts!$A$49) | B48: =IF([1]Accounts!$D$49="","",[1]Accounts!$B$49) | C48: =IF([1]Accounts!$D$49="","",[1]Accounts!$C$49) | D48: =IF([1]Accounts!$D$49="","",[1]Accounts!$D$49) | E48: =IF([1]Accounts!$D$49="","",[1]Accounts!$E$49) | F48: =IF([1]Accounts!$D$49="","",[1]Accounts!$F$49) | G48: =IF([1]Accounts!$D$49="","",[1]Accounts!$G$49) | T48: =IF([2]Baskol!$B$51="","",[2]Baskol!$B$51) | U48: =IF([2]Baskol!$C$51="","",[2]Baskol!$C$51) | V48: =IF([2]Baskol!$D$51="","",[2]Baskol!$D$51) | W48: =IF([2]Baskol!$E$51="","",[2]Baskol!$E$51) | X48: =IF([2]Baskol!$G$51="","",[2]Baskol!$G$51) | Y48: =IF([2]Baskol!$I$51="","",[2]Baskol!$I$51) | Z48: =IF([2]Baskol!$J$51="","",[2]Baskol!$J$51) | AA48: =IF([2]Baskol!$K$51="","",[2]Baskol!$K$51) | AB48: =IF([2]Baskol!$L$51="","",[2]Baskol!$L$51) | AC48: =IF([2]Baskol!$N$51="","",[2]Baskol!$N$51) | AD48: =IF([2]Baskol!$O$51="","",[2]Baskol!$O$51) | AE48: =IF([3]Entry!$C$51="","",[3]Entry!$C$51) | AF48: =IF([3]Entry!$D$51="","",[3]Entry!$D$51) | AG48: =IF([3]Entry!$E$51="","",[3]Entry!$E$51) | AH48: =IF([3]Entry!$G$51="","",[3]Entry!$G$51) | AI48: =IF([3]Entry!$K$51="","",[3]Entry!$K$51) | AJ48: =IF([3]Entry!$L$51="","",[3]Entry!$L$51) | AK48: =IF([3]Entry!$M$51="","",[3]Entry!$M$51) | AL48: =IF([3]Entry!$N$51="","",[3]Entry!$N$51) | AM48: =IF([3]Entry!$R$51="","",[3]Entry!$R$51)
A49: =IF([1]Accounts!$D$50="","",[1]Accounts!$A$50) | B49: =IF([1]Accounts!$D$50="","",[1]Accounts!$B$50) | C49: =IF([1]Accounts!$D$50="","",[1]Accounts!$C$50) | D49: =IF([1]Accounts!$D$50="","",[1]Accounts!$D$50) | E49: =IF([1]Accounts!$D$50="","",[1]Accounts!$E$50) | F49: =IF([1]Accounts!$D$50="","",[1]Accounts!$F$50) | G49: =IF([1]Accounts!$D$50="","",[1]Accounts!$G$50) | T49: =IF([2]Baskol!$B$52="","",[2]Baskol!$B$52) | U49: =IF([2]Baskol!$C$52="","",[2]Baskol!$C$52) | V49: =IF([2]Baskol!$D$52="","",[2]Baskol!$D$52) | W49: =IF([2]Baskol!$E$52="","",[2]Baskol!$E$52) | X49: =IF([2]Baskol!$G$52="","",[2]Baskol!$G$52) | Y49: =IF([2]Baskol!$I$52="","",[2]Baskol!$I$52) | Z49: =IF([2]Baskol!$J$52="","",[2]Baskol!$J$52) | AA49: =IF([2]Baskol!$K$52="","",[2]Baskol!$K$52) | AB49: =IF([2]Baskol!$L$52="","",[2]Baskol!$L$52) | AC49: =IF([2]Baskol!$N$52="","",[2]Baskol!$N$52) | AD49: =IF([2]Baskol!$O$52="","",[2]Baskol!$O$52) | AE49: =IF([3]Entry!$C$52="","",[3]Entry!$C$52) | AF49: =IF([3]Entry!$D$52="","",[3]Entry!$D$52) | AG49: =IF([3]Entry!$E$52="","",[3]Entry!$E$52) | AH49: =IF([3]Entry!$G$52="","",[3]Entry!$G$52) | AI49: =IF([3]Entry!$K$52="","",[3]Entry!$K$52) | AJ49: =IF([3]Entry!$L$52="","",[3]Entry!$L$52) | AK49: =IF([3]Entry!$M$52="","",[3]Entry!$M$52) | AL49: =IF([3]Entry!$N$52="","",[3]Entry!$N$52) | AM49: =IF([3]Entry!$R$52="","",[3]Entry!$R$52)
A50: =IF([1]Accounts!$D$51="","",[1]Accounts!$A$51) | B50: =IF([1]Accounts!$D$51="","",[1]Accounts!$B$51) | C50: =IF([1]Accounts!$D$51="","",[1]Accounts!$C$51) | D50: =IF([1]Accounts!$D$51="","",[1]Accounts!$D$51) | E50: =IF([1]Accounts!$D$51="","",[1]Accounts!$E$51) | F50: =IF([1]Accounts!$D$51="","",[1]Accounts!$F$51) | G50: =IF([1]Accounts!$D$51="","",[1]Accounts!$G$51) | T50: =IF([2]Baskol!$B$53="","",[2]Baskol!$B$53) | U50: =IF([2]Baskol!$C$53="","",[2]Baskol!$C$53) | V50: =IF([2]Baskol!$D$53="","",[2]Baskol!$D$53) | W50: =IF([2]Baskol!$E$53="","",[2]Baskol!$E$53) | X50: =IF([2]Baskol!$G$53="","",[2]Baskol!$G$53) | Y50: =IF([2]Baskol!$I$53="","",[2]Baskol!$I$53) | Z50: =IF([2]Baskol!$J$53="","",[2]Baskol!$J$53) | AA50: =IF([2]Baskol!$K$53="","",[2]Baskol!$K$53) | AB50: =IF([2]Baskol!$L$53="","",[2]Baskol!$L$53) | AC50: =IF([2]Baskol!$N$53="","",[2]Baskol!$N$53) | AD50: =IF([2]Baskol!$O$53="","",[2]Baskol!$O$53) | AE50: =IF([3]Entry!$C$53="","",[3]Entry!$C$53) | AF50: =IF([3]Entry!$D$53="","",[3]Entry!$D$53) | AG50: =IF([3]Entry!$E$53="","",[3]Entry!$E$53) | AH50: =IF([3]Entry!$G$53="","",[3]Entry!$G$53) | AI50: =IF([3]Entry!$K$53="","",[3]Entry!$K$53) | AJ50: =IF([3]Entry!$L$53="","",[3]Entry!$L$53) | AK50: =IF([3]Entry!$M$53="","",[3]Entry!$M$53) | AL50: =IF([3]Entry!$N$53="","",[3]Entry!$N$53) | AM50: =IF([3]Entry!$R$53="","",[3]Entry!$R$53)
A51: =IF([1]Accounts!$D$52="","",[1]Accounts!$A$52) | B51: =IF([1]Accounts!$D$52="","",[1]Accounts!$B$52) | C51: =IF([1]Accounts!$D$52="","",[1]Accounts!$C$52) | D51: =IF([1]Accounts!$D$52="","",[1]Accounts!$D$52) | E51: =IF([1]Accounts!$D$52="","",[1]Accounts!$E$52) | F51: =IF([1]Accounts!$D$52="","",[1]Accounts!$F$52) | G51: =IF([1]Accounts!$D$52="","",[1]Accounts!$G$52) | T51: =IF([2]Baskol!$B$54="","",[2]Baskol!$B$54) | U51: =IF([2]Baskol!$C$54="","",[2]Baskol!$C$54) | V51: =IF([2]Baskol!$D$54="","",[2]Baskol!$D$54) | W51: =IF([2]Baskol!$E$54="","",[2]Baskol!$E$54) | X51: =IF([2]Baskol!$G$54="","",[2]Baskol!$G$54) | Y51: =IF([2]Baskol!$I$54="","",[2]Baskol!$I$54) | Z51: =IF([2]Baskol!$J$54="","",[2]Baskol!$J$54) | AA51: =IF([2]Baskol!$K$54="","",[2]Baskol!$K$54) | AB51: =IF([2]Baskol!$L$54="","",[2]Baskol!$L$54) | AC51: =IF([2]Baskol!$N$54="","",[2]Baskol!$N$54) | AD51: =IF([2]Baskol!$O$54="","",[2]Baskol!$O$54) | AE51: =IF([3]Entry!$C$54="","",[3]Entry!$C$54) | AF51: =IF([3]Entry!$D$54="","",[3]Entry!$D$54) | AG51: =IF([3]Entry!$E$54="","",[3]Entry!$E$54) | AH51: =IF([3]Entry!$G$54="","",[3]Entry!$G$54) | AI51: =IF([3]Entry!$K$54="","",[3]Entry!$K$54) | AJ51: =IF([3]Entry!$L$54="","",[3]Entry!$L$54) | AK51: =IF([3]Entry!$M$54="","",[3]Entry!$M$54) | AL51: =IF([3]Entry!$N$54="","",[3]Entry!$N$54) | AM51: =IF([3]Entry!$R$54="","",[3]Entry!$R$54)
A52: =IF([1]Accounts!$D$53="","",[1]Accounts!$A$53) | B52: =IF([1]Accounts!$D$53="","",[1]Accounts!$B$53) | C52: =IF([1]Accounts!$D$53="","",[1]Accounts!$C$53) | D52: =IF([1]Accounts!$D$53="","",[1]Accounts!$D$53) | E52: =IF([1]Accounts!$D$53="","",[1]Accounts!$E$53) | F52: =IF([1]Accounts!$D$53="","",[1]Accounts!$F$53) | G52: =IF([1]Accounts!$D$53="","",[1]Accounts!$G$53) | T52: =IF([2]Baskol!$B$55="","",[2]Baskol!$B$55) | U52: =IF([2]Baskol!$C$55="","",[2]Baskol!$C$55) | V52: =IF([2]Baskol!$D$55="","",[2]Baskol!$D$55) | W52: =IF([2]Baskol!$E$55="","",[2]Baskol!$E$55) | X52: =IF([2]Baskol!$G$55="","",[2]Baskol!$G$55) | Y52: =IF([2]Baskol!$I$55="","",[2]Baskol!$I$55) | Z52: =IF([2]Baskol!$J$55="","",[2]Baskol!$J$55) | AA52: =IF([2]Baskol!$K$55="","",[2]Baskol!$K$55) | AB52: =IF([2]Baskol!$L$55="","",[2]Baskol!$L$55) | AC52: =IF([2]Baskol!$N$55="","",[2]Baskol!$N$55) | AD52: =IF([2]Baskol!$O$55="","",[2]Baskol!$O$55) | AE52: =IF([3]Entry!$C$55="","",[3]Entry!$C$55) | AF52: =IF([3]Entry!$D$55="","",[3]Entry!$D$55) | AG52: =IF([3]Entry!$E$55="","",[3]Entry!$E$55) | AH52: =IF([3]Entry!$G$55="","",[3]Entry!$G$55) | AI52: =IF([3]Entry!$K$55="","",[3]Entry!$K$55) | AJ52: =IF([3]Entry!$L$55="","",[3]Entry!$L$55) | AK52: =IF([3]Entry!$M$55="","",[3]Entry!$M$55) | AL52: =IF([3]Entry!$N$55="","",[3]Entry!$N$55) | AM52: =IF([3]Entry!$R$55="","",[3]Entry!$R$55)
A53: =IF([1]Accounts!$D$54="","",[1]Accounts!$A$54) | B53: =IF([1]Accounts!$D$54="","",[1]Accounts!$B$54) | C53: =IF([1]Accounts!$D$54="","",[1]Accounts!$C$54) | D53: =IF([1]Accounts!$D$54="","",[1]Accounts!$D$54) | E53: =IF([1]Accounts!$D$54="","",[1]Accounts!$E$54) | F53: =IF([1]Accounts!$D$54="","",[1]Accounts!$F$54) | G53: =IF([1]Accounts!$D$54="","",[1]Accounts!$G$54) | T53: =IF([2]Baskol!$B$56="","",[2]Baskol!$B$56) | U53: =IF([2]Baskol!$C$56="","",[2]Baskol!$C$56) | V53: =IF([2]Baskol!$D$56="","",[2]Baskol!$D$56) | W53: =IF([2]Baskol!$E$56="","",[2]Baskol!$E$56) | X53: =IF([2]Baskol!$G$56="","",[2]Baskol!$G$56) | Y53: =IF([2]Baskol!$I$56="","",[2]Baskol!$I$56) | Z53: =IF([2]Baskol!$J$56="","",[2]Baskol!$J$56) | AA53: =IF([2]Baskol!$K$56="","",[2]Baskol!$K$56) | AB53: =IF([2]Baskol!$L$56="","",[2]Baskol!$L$56) | AC53: =IF([2]Baskol!$N$56="","",[2]Baskol!$N$56) | AD53: =IF([2]Baskol!$O$56="","",[2]Baskol!$O$56) | AE53: =IF([3]Entry!$C$56="","",[3]Entry!$C$56) | AF53: =IF([3]Entry!$D$56="","",[3]Entry!$D$56) | AG53: =IF([3]Entry!$E$56="","",[3]Entry!$E$56) | AH53: =IF([3]Entry!$G$56="","",[3]Entry!$G$56) | AI53: =IF([3]Entry!$K$56="","",[3]Entry!$K$56) | AJ53: =IF([3]Entry!$L$56="","",[3]Entry!$L$56) | AK53: =IF([3]Entry!$M$56="","",[3]Entry!$M$56) | AL53: =IF([3]Entry!$N$56="","",[3]Entry!$N$56) | AM53: =IF([3]Entry!$R$56="","",[3]Entry!$R$56)
A54: =IF([1]Accounts!$D$55="","",[1]Accounts!$A$55) | B54: =IF([1]Accounts!$D$55="","",[1]Accounts!$B$55) | C54: =IF([1]Accounts!$D$55="","",[1]Accounts!$C$55) | D54: =IF([1]Accounts!$D$55="","",[1]Accounts!$D$55) | E54: =IF([1]Accounts!$D$55="","",[1]Accounts!$E$55) | F54: =IF([1]Accounts!$D$55="","",[1]Accounts!$F$55) | G54: =IF([1]Accounts!$D$55="","",[1]Accounts!$G$55) | T54: =IF([2]Baskol!$B$57="","",[2]Baskol!$B$57) | U54: =IF([2]Baskol!$C$57="","",[2]Baskol!$C$57) | V54: =IF([2]Baskol!$D$57="","",[2]Baskol!$D$57) | W54: =IF([2]Baskol!$E$57="","",[2]Baskol!$E$57) | X54: =IF([2]Baskol!$G$57="","",[2]Baskol!$G$57) | Y54: =IF([2]Baskol!$I$57="","",[2]Baskol!$I$57) | Z54: =IF([2]Baskol!$J$57="","",[2]Baskol!$J$57) | AA54: =IF([2]Baskol!$K$57="","",[2]Baskol!$K$57) | AB54: =IF([2]Baskol!$L$57="","",[2]Baskol!$L$57) | AC54: =IF([2]Baskol!$N$57="","",[2]Baskol!$N$57) | AD54: =IF([2]Baskol!$O$57="","",[2]Baskol!$O$57) | AE54: =IF([3]Entry!$C$57="","",[3]Entry!$C$57) | AF54: =IF([3]Entry!$D$57="","",[3]Entry!$D$57) | AG54: =IF([3]Entry!$E$57="","",[3]Entry!$E$57) | AH54: =IF([3]Entry!$G$57="","",[3]Entry!$G$57) | AI54: =IF([3]Entry!$K$57="","",[3]Entry!$K$57) | AJ54: =IF([3]Entry!$L$57="","",[3]Entry!$L$57) | AK54: =IF([3]Entry!$M$57="","",[3]Entry!$M$57) | AL54: =IF([3]Entry!$N$57="","",[3]Entry!$N$57) | AM54: =IF([3]Entry!$R$57="","",[3]Entry!$R$57)
A55: =IF([1]Accounts!$D$56="","",[1]Accounts!$A$56) | B55: =IF([1]Accounts!$D$56="","",[1]Accounts!$B$56) | C55: =IF([1]Accounts!$D$56="","",[1]Accounts!$C$56) | D55: =IF([1]Accounts!$D$56="","",[1]Accounts!$D$56) | E55: =IF([1]Accounts!$D$56="","",[1]Accounts!$E$56) | F55: =IF([1]Accounts!$D$56="","",[1]Accounts!$F$56) | G55: =IF([1]Accounts!$D$56="","",[1]Accounts!$G$56) | T55: =IF([2]Baskol!$B$58="","",[2]Baskol!$B$58) | U55: =IF([2]Baskol!$C$58="","",[2]Baskol!$C$58) | V55: =IF([2]Baskol!$D$58="","",[2]Baskol!$D$58) | W55: =IF([2]Baskol!$E$58="","",[2]Baskol!$E$58) | X55: =IF([2]Baskol!$G$58="","",[2]Baskol!$G$58) | Y55: =IF([2]Baskol!$I$58="","",[2]Baskol!$I$58) | Z55: =IF([2]Baskol!$J$58="","",[2]Baskol!$J$58) | AA55: =IF([2]Baskol!$K$58="","",[2]Baskol!$K$58) | AB55: =IF([2]Baskol!$L$58="","",[2]Baskol!$L$58) | AC55: =IF([2]Baskol!$N$58="","",[2]Baskol!$N$58) | AD55: =IF([2]Baskol!$O$58="","",[2]Baskol!$O$58) | AE55: =IF([3]Entry!$C$58="","",[3]Entry!$C$58) | AF55: =IF([3]Entry!$D$58="","",[3]Entry!$D$58) | AG55: =IF([3]Entry!$E$58="","",[3]Entry!$E$58) | AH55: =IF([3]Entry!$G$58="","",[3]Entry!$G$58) | AI55: =IF([3]Entry!$K$58="","",[3]Entry!$K$58) | AJ55: =IF([3]Entry!$L$58="","",[3]Entry!$L$58) | AK55: =IF([3]Entry!$M$58="","",[3]Entry!$M$58) | AL55: =IF([3]Entry!$N$58="","",[3]Entry!$N$58) | AM55: =IF([3]Entry!$R$58="","",[3]Entry!$R$58)
A56: =IF([1]Accounts!$D$57="","",[1]Accounts!$A$57) | B56: =IF([1]Accounts!$D$57="","",[1]Accounts!$B$57) | C56: =IF([1]Accounts!$D$57="","",[1]Accounts!$C$57) | D56: =IF([1]Accounts!$D$57="","",[1]Accounts!$D$57) | E56: =IF([1]Accounts!$D$57="","",[1]Accounts!$E$57) | F56: =IF([1]Accounts!$D$57="","",[1]Accounts!$F$57) | G56: =IF([1]Accounts!$D$57="","",[1]Accounts!$G$57) | T56: =IF([2]Baskol!$B$59="","",[2]Baskol!$B$59) | U56: =IF([2]Baskol!$C$59="","",[2]Baskol!$C$59) | V56: =IF([2]Baskol!$D$59="","",[2]Baskol!$D$59) | W56: =IF([2]Baskol!$E$59="","",[2]Baskol!$E$59) | X56: =IF([2]Baskol!$G$59="","",[2]Baskol!$G$59) | Y56: =IF([2]Baskol!$I$59="","",[2]Baskol!$I$59) | Z56: =IF([2]Baskol!$J$59="","",[2]Baskol!$J$59) | AA56: =IF([2]Baskol!$K$59="","",[2]Baskol!$K$59) | AB56: =IF([2]Baskol!$L$59="","",[2]Baskol!$L$59) | AC56: =IF([2]Baskol!$N$59="","",[2]Baskol!$N$59) | AD56: =IF([2]Baskol!$O$59="","",[2]Baskol!$O$59) | AE56: =IF([3]Entry!$C$59="","",[3]Entry!$C$59) | AF56: =IF([3]Entry!$D$59="","",[3]Entry!$D$59) | AG56: =IF([3]Entry!$E$59="","",[3]Entry!$E$59) | AH56: =IF([3]Entry!$G$59="","",[3]Entry!$G$59) | AI56: =IF([3]Entry!$K$59="","",[3]Entry!$K$59) | AJ56: =IF([3]Entry!$L$59="","",[3]Entry!$L$59) | AK56: =IF([3]Entry!$M$59="","",[3]Entry!$M$59) | AL56: =IF([3]Entry!$N$59="","",[3]Entry!$N$59) | AM56: =IF([3]Entry!$R$59="","",[3]Entry!$R$59)
A57: =IF([1]Accounts!$D$58="","",[1]Accounts!$A$58) | B57: =IF([1]Accounts!$D$58="","",[1]Accounts!$B$58) | C57: =IF([1]Accounts!$D$58="","",[1]Accounts!$C$58) | D57: =IF([1]Accounts!$D$58="","",[1]Accounts!$D$58) | E57: =IF([1]Accounts!$D$58="","",[1]Accounts!$E$58) | F57: =IF([1]Accounts!$D$58="","",[1]Accounts!$F$58) | G57: =IF([1]Accounts!$D$58="","",[1]Accounts!$G$58) | T57: =IF([2]Baskol!$B$60="","",[2]Baskol!$B$60) | U57: =IF([2]Baskol!$C$60="","",[2]Baskol!$C$60) | V57: =IF([2]Baskol!$D$60="","",[2]Baskol!$D$60) | W57: =IF([2]Baskol!$E$60="","",[2]Baskol!$E$60) | X57: =IF([2]Baskol!$G$60="","",[2]Baskol!$G$60) | Y57: =IF([2]Baskol!$I$60="","",[2]Baskol!$I$60) | Z57: =IF([2]Baskol!$J$60="","",[2]Baskol!$J$60) | AA57: =IF([2]Baskol!$K$60="","",[2]Baskol!$K$60) | AB57: =IF([2]Baskol!$L$60="","",[2]Baskol!$L$60) | AC57: =IF([2]Baskol!$N$60="","",[2]Baskol!$N$60) | AD57: =IF([2]Baskol!$O$60="","",[2]Baskol!$O$60) | AE57: =IF([3]Entry!$C$60="","",[3]Entry!$C$60) | AF57: =IF([3]Entry!$D$60="","",[3]Entry!$D$60) | AG57: =IF([3]Entry!$E$60="","",[3]Entry!$E$60) | AH57: =IF([3]Entry!$G$60="","",[3]Entry!$G$60) | AI57: =IF([3]Entry!$K$60="","",[3]Entry!$K$60) | AJ57: =IF([3]Entry!$L$60="","",[3]Entry!$L$60) | AK57: =IF([3]Entry!$M$60="","",[3]Entry!$M$60) | AL57: =IF([3]Entry!$N$60="","",[3]Entry!$N$60) | AM57: =IF([3]Entry!$R$60="","",[3]Entry!$R$60)
A58: =IF([1]Accounts!$D$59="","",[1]Accounts!$A$59) | B58: =IF([1]Accounts!$D$59="","",[1]Accounts!$B$59) | C58: =IF([1]Accounts!$D$59="","",[1]Accounts!$C$59) | D58: =IF([1]Accounts!$D$59="","",[1]Accounts!$D$59) | E58: =IF([1]Accounts!$D$59="","",[1]Accounts!$E$59) | F58: =IF([1]Accounts!$D$59="","",[1]Accounts!$F$59) | G58: =IF([1]Accounts!$D$59="","",[1]Accounts!$G$59) | T58: =IF([2]Baskol!$B$61="","",[2]Baskol!$B$61) | U58: =IF([2]Baskol!$C$61="","",[2]Baskol!$C$61) | V58: =IF([2]Baskol!$D$61="","",[2]Baskol!$D$61) | W58: =IF([2]Baskol!$E$61="","",[2]Baskol!$E$61) | X58: =IF([2]Baskol!$G$61="","",[2]Baskol!$G$61) | Y58: =IF([2]Baskol!$I$61="","",[2]Baskol!$I$61) | Z58: =IF([2]Baskol!$J$61="","",[2]Baskol!$J$61) | AA58: =IF([2]Baskol!$K$61="","",[2]Baskol!$K$61) | AB58: =IF([2]Baskol!$L$61="","",[2]Baskol!$L$61) | AC58: =IF([2]Baskol!$N$61="","",[2]Baskol!$N$61) | AD58: =IF([2]Baskol!$O$61="","",[2]Baskol!$O$61) | AE58: =IF([3]Entry!$C$61="","",[3]Entry!$C$61) | AF58: =IF([3]Entry!$D$61="","",[3]Entry!$D$61) | AG58: =IF([3]Entry!$E$61="","",[3]Entry!$E$61) | AH58: =IF([3]Entry!$G$61="","",[3]Entry!$G$61) | AI58: =IF([3]Entry!$K$61="","",[3]Entry!$K$61) | AJ58: =IF([3]Entry!$L$61="","",[3]Entry!$L$61) | AK58: =IF([3]Entry!$M$61="","",[3]Entry!$M$61) | AL58: =IF([3]Entry!$N$61="","",[3]Entry!$N$61) | AM58: =IF([3]Entry!$R$61="","",[3]Entry!$R$61)
A59: =IF([1]Accounts!$D$60="","",[1]Accounts!$A$60) | B59: =IF([1]Accounts!$D$60="","",[1]Accounts!$B$60) | C59: =IF([1]Accounts!$D$60="","",[1]Accounts!$C$60) | D59: =IF([1]Accounts!$D$60="","",[1]Accounts!$D$60) | E59: =IF([1]Accounts!$D$60="","",[1]Accounts!$E$60) | F59: =IF([1]Accounts!$D$60="","",[1]Accounts!$F$60) | G59: =IF([1]Accounts!$D$60="","",[1]Accounts!$G$60) | T59: =IF([2]Baskol!$B$62="","",[2]Baskol!$B$62) | U59: =IF([2]Baskol!$C$62="","",[2]Baskol!$C$62) | V59: =IF([2]Baskol!$D$62="","",[2]Baskol!$D$62) | W59: =IF([2]Baskol!$E$62="","",[2]Baskol!$E$62) | X59: =IF([2]Baskol!$G$62="","",[2]Baskol!$G$62) | Y59: =IF([2]Baskol!$I$62="","",[2]Baskol!$I$62) | Z59: =IF([2]Baskol!$J$62="","",[2]Baskol!$J$62) | AA59: =IF([2]Baskol!$K$62="","",[2]Baskol!$K$62) | AB59: =IF([2]Baskol!$L$62="","",[2]Baskol!$L$62) | AC59: =IF([2]Baskol!$N$62="","",[2]Baskol!$N$62) | AD59: =IF([2]Baskol!$O$62="","",[2]Baskol!$O$62) | AE59: =IF([3]Entry!$C$62="","",[3]Entry!$C$62) | AF59: =IF([3]Entry!$D$62="","",[3]Entry!$D$62) | AG59: =IF([3]Entry!$E$62="","",[3]Entry!$E$62) | AH59: =IF([3]Entry!$G$62="","",[3]Entry!$G$62) | AI59: =IF([3]Entry!$K$62="","",[3]Entry!$K$62) | AJ59: =IF([3]Entry!$L$62="","",[3]Entry!$L$62) | AK59: =IF([3]Entry!$M$62="","",[3]Entry!$M$62) | AL59: =IF([3]Entry!$N$62="","",[3]Entry!$N$62) | AM59: =IF([3]Entry!$R$62="","",[3]Entry!$R$62)
A60: =IF([1]Accounts!$D$61="","",[1]Accounts!$A$61) | B60: =IF([1]Accounts!$D$61="","",[1]Accounts!$B$61) | C60: =IF([1]Accounts!$D$61="","",[1]Accounts!$C$61) | D60: =IF([1]Accounts!$D$61="","",[1]Accounts!$D$61) | E60: =IF([1]Accounts!$D$61="","",[1]Accounts!$E$61) | F60: =IF([1]Accounts!$D$61="","",[1]Accounts!$F$61) | G60: =IF([1]Accounts!$D$61="","",[1]Accounts!$G$61) | T60: =IF([2]Baskol!$B$63="","",[2]Baskol!$B$63) | U60: =IF([2]Baskol!$C$63="","",[2]Baskol!$C$63) | V60: =IF([2]Baskol!$D$63="","",[2]Baskol!$D$63) | W60: =IF([2]Baskol!$E$63="","",[2]Baskol!$E$63) | X60: =IF([2]Baskol!$G$63="","",[2]Baskol!$G$63) | Y60: =IF([2]Baskol!$I$63="","",[2]Baskol!$I$63) | Z60: =IF([2]Baskol!$J$63="","",[2]Baskol!$J$63) | AA60: =IF([2]Baskol!$K$63="","",[2]Baskol!$K$63) | AB60: =IF([2]Baskol!$L$63="","",[2]Baskol!$L$63) | AC60: =IF([2]Baskol!$N$63="","",[2]Baskol!$N$63) | AD60: =IF([2]Baskol!$O$63="","",[2]Baskol!$O$63) | AE60: =IF([3]Entry!$C$63="","",[3]Entry!$C$63) | AF60: =IF([3]Entry!$D$63="","",[3]Entry!$D$63) | AG60: =IF([3]Entry!$E$63="","",[3]Entry!$E$63) | AH60: =IF([3]Entry!$G$63="","",[3]Entry!$G$63) | AI60: =IF([3]Entry!$K$63="","",[3]Entry!$K$63) | AJ60: =IF([3]Entry!$L$63="","",[3]Entry!$L$63) | AK60: =IF([3]Entry!$M$63="","",[3]Entry!$M$63) | AL60: =IF([3]Entry!$N$63="","",[3]Entry!$N$63) | AM60: =IF([3]Entry!$R$63="","",[3]Entry!$R$63)
A61: =IF([1]Accounts!$D$62="","",[1]Accounts!$A$62) | B61: =IF([1]Accounts!$D$62="","",[1]Accounts!$B$62) | C61: =IF([1]Accounts!$D$62="","",[1]Accounts!$C$62) | D61: =IF([1]Accounts!$D$62="","",[1]Accounts!$D$62) | E61: =IF([1]Accounts!$D$62="","",[1]Accounts!$E$62) | F61: =IF([1]Accounts!$D$62="","",[1]Accounts!$F$62) | G61: =IF([1]Accounts!$D$62="","",[1]Accounts!$G$62) | T61: =IF([2]Baskol!$B$64="","",[2]Baskol!$B$64) | U61: =IF([2]Baskol!$C$64="","",[2]Baskol!$C$64) | V61: =IF([2]Baskol!$D$64="","",[2]Baskol!$D$64) | W61: =IF([2]Baskol!$E$64="","",[2]Baskol!$E$64) | X61: =IF([2]Baskol!$G$64="","",[2]Baskol!$G$64) | Y61: =IF([2]Baskol!$I$64="","",[2]Baskol!$I$64) | Z61: =IF([2]Baskol!$J$64="","",[2]Baskol!$J$64) | AA61: =IF([2]Baskol!$K$64="","",[2]Baskol!$K$64) | AB61: =IF([2]Baskol!$L$64="","",[2]Baskol!$L$64) | AC61: =IF([2]Baskol!$N$64="","",[2]Baskol!$N$64) | AD61: =IF([2]Baskol!$O$64="","",[2]Baskol!$O$64) | AE61: =IF([3]Entry!$C$64="","",[3]Entry!$C$64) | AF61: =IF([3]Entry!$D$64="","",[3]Entry!$D$64) | AG61: =IF([3]Entry!$E$64="","",[3]Entry!$E$64) | AH61: =IF([3]Entry!$G$64="","",[3]Entry!$G$64) | AI61: =IF([3]Entry!$K$64="","",[3]Entry!$K$64) | AJ61: =IF([3]Entry!$L$64="","",[3]Entry!$L$64) | AK61: =IF([3]Entry!$M$64="","",[3]Entry!$M$64) | AL61: =IF([3]Entry!$N$64="","",[3]Entry!$N$64) | AM61: =IF([3]Entry!$R$64="","",[3]Entry!$R$64)
A62: =IF([1]Accounts!$D$63="","",[1]Accounts!$A$63) | B62: =IF([1]Accounts!$D$63="","",[1]Accounts!$B$63) | C62: =IF([1]Accounts!$D$63="","",[1]Accounts!$C$63) | D62: =IF([1]Accounts!$D$63="","",[1]Accounts!$D$63) | E62: =IF([1]Accounts!$D$63="","",[1]Accounts!$E$63) | F62: =IF([1]Accounts!$D$63="","",[1]Accounts!$F$63) | G62: =IF([1]Accounts!$D$63="","",[1]Accounts!$G$63) | T62: =IF([2]Baskol!$B$65="","",[2]Baskol!$B$65) | U62: =IF([2]Baskol!$C$65="","",[2]Baskol!$C$65) | V62: =IF([2]Baskol!$D$65="","",[2]Baskol!$D$65) | W62: =IF([2]Baskol!$E$65="","",[2]Baskol!$E$65) | X62: =IF([2]Baskol!$G$65="","",[2]Baskol!$G$65) | Y62: =IF([2]Baskol!$I$65="","",[2]Baskol!$I$65) | Z62: =IF([2]Baskol!$J$65="","",[2]Baskol!$J$65) | AA62: =IF([2]Baskol!$K$65="","",[2]Baskol!$K$65) | AB62: =IF([2]Baskol!$L$65="","",[2]Baskol!$L$65) | AC62: =IF([2]Baskol!$N$65="","",[2]Baskol!$N$65) | AD62: =IF([2]Baskol!$O$65="","",[2]Baskol!$O$65) | AE62: =IF([3]Entry!$C$65="","",[3]Entry!$C$65) | AF62: =IF([3]Entry!$D$65="","",[3]Entry!$D$65) | AG62: =IF([3]Entry!$E$65="","",[3]Entry!$E$65) | AH62: =IF([3]Entry!$G$65="","",[3]Entry!$G$65) | AI62: =IF([3]Entry!$K$65="","",[3]Entry!$K$65) | AJ62: =IF([3]Entry!$L$65="","",[3]Entry!$L$65) | AK62: =IF([3]Entry!$M$65="","",[3]Entry!$M$65) | AL62: =IF([3]Entry!$N$65="","",[3]Entry!$N$65) | AM62: =IF([3]Entry!$R$65="","",[3]Entry!$R$65)
A63: =IF([1]Accounts!$D$64="","",[1]Accounts!$A$64) | B63: =IF([1]Accounts!$D$64="","",[1]Accounts!$B$64) | C63: =IF([1]Accounts!$D$64="","",[1]Accounts!$C$64) | D63: =IF([1]Accounts!$D$64="","",[1]Accounts!$D$64) | E63: =IF([1]Accounts!$D$64="","",[1]Accounts!$E$64) | F63: =IF([1]Accounts!$D$64="","",[1]Accounts!$F$64) | G63: =IF([1]Accounts!$D$64="","",[1]Accounts!$G$64) | T63: =IF([2]Baskol!$B$66="","",[2]Baskol!$B$66) | U63: =IF([2]Baskol!$C$66="","",[2]Baskol!$C$66) | V63: =IF([2]Baskol!$D$66="","",[2]Baskol!$D$66) | W63: =IF([2]Baskol!$E$66="","",[2]Baskol!$E$66) | X63: =IF([2]Baskol!$G$66="","",[2]Baskol!$G$66) | Y63: =IF([2]Baskol!$I$66="","",[2]Baskol!$I$66) | Z63: =IF([2]Baskol!$J$66="","",[2]Baskol!$J$66) | AA63: =IF([2]Baskol!$K$66="","",[2]Baskol!$K$66) | AB63: =IF([2]Baskol!$L$66="","",[2]Baskol!$L$66) | AC63: =IF([2]Baskol!$N$66="","",[2]Baskol!$N$66) | AD63: =IF([2]Baskol!$O$66="","",[2]Baskol!$O$66) | AE63: =IF([3]Entry!$C$66="","",[3]Entry!$C$66) | AF63: =IF([3]Entry!$D$66="","",[3]Entry!$D$66) | AG63: =IF([3]Entry!$E$66="","",[3]Entry!$E$66) | AH63: =IF([3]Entry!$G$66="","",[3]Entry!$G$66) | AI63: =IF([3]Entry!$K$66="","",[3]Entry!$K$66) | AJ63: =IF([3]Entry!$L$66="","",[3]Entry!$L$66) | AK63: =IF([3]Entry!$M$66="","",[3]Entry!$M$66) | AL63: =IF([3]Entry!$N$66="","",[3]Entry!$N$66) | AM63: =IF([3]Entry!$R$66="","",[3]Entry!$R$66)
A64: =IF([1]Accounts!$D$65="","",[1]Accounts!$A$65) | B64: =IF([1]Accounts!$D$65="","",[1]Accounts!$B$65) | C64: =IF([1]Accounts!$D$65="","",[1]Accounts!$C$65) | D64: =IF([1]Accounts!$D$65="","",[1]Accounts!$D$65) | E64: =IF([1]Accounts!$D$65="","",[1]Accounts!$E$65) | F64: =IF([1]Accounts!$D$65="","",[1]Accounts!$F$65) | G64: =IF([1]Accounts!$D$65="","",[1]Accounts!$G$65) | T64: =IF([2]Baskol!$B$67="","",[2]Baskol!$B$67) | U64: =IF([2]Baskol!$C$67="","",[2]Baskol!$C$67) | V64: =IF([2]Baskol!$D$67="","",[2]Baskol!$D$67) | W64: =IF([2]Baskol!$E$67="","",[2]Baskol!$E$67) | X64: =IF([2]Baskol!$G$67="","",[2]Baskol!$G$67) | Y64: =IF([2]Baskol!$I$67="","",[2]Baskol!$I$67) | Z64: =IF([2]Baskol!$J$67="","",[2]Baskol!$J$67) | AA64: =IF([2]Baskol!$K$67="","",[2]Baskol!$K$67) | AB64: =IF([2]Baskol!$L$67="","",[2]Baskol!$L$67) | AC64: =IF([2]Baskol!$N$67="","",[2]Baskol!$N$67) | AD64: =IF([2]Baskol!$O$67="","",[2]Baskol!$O$67) | AE64: =IF([3]Entry!$C$67="","",[3]Entry!$C$67) | AF64: =IF([3]Entry!$D$67="","",[3]Entry!$D$67) | AG64: =IF([3]Entry!$E$67="","",[3]Entry!$E$67) | AH64: =IF([3]Entry!$G$67="","",[3]Entry!$G$67) | AI64: =IF([3]Entry!$K$67="","",[3]Entry!$K$67) | AJ64: =IF([3]Entry!$L$67="","",[3]Entry!$L$67) | AK64: =IF([3]Entry!$M$67="","",[3]Entry!$M$67) | AL64: =IF([3]Entry!$N$67="","",[3]Entry!$N$67) | AM64: =IF([3]Entry!$R$67="","",[3]Entry!$R$67)
A65: =IF([1]Accounts!$D$66="","",[1]Accounts!$A$66) | B65: =IF([1]Accounts!$D$66="","",[1]Accounts!$B$66) | C65: =IF([1]Accounts!$D$66="","",[1]Accounts!$C$66) | D65: =IF([1]Accounts!$D$66="","",[1]Accounts!$D$66) | E65: =IF([1]Accounts!$D$66="","",[1]Accounts!$E$66) | F65: =IF([1]Accounts!$D$66="","",[1]Accounts!$F$66) | G65: =IF([1]Accounts!$D$66="","",[1]Accounts!$G$66) | T65: =IF([2]Baskol!$B$68="","",[2]Baskol!$B$68) | U65: =IF([2]Baskol!$C$68="","",[2]Baskol!$C$68) | V65: =IF([2]Baskol!$D$68="","",[2]Baskol!$D$68) | W65: =IF([2]Baskol!$E$68="","",[2]Baskol!$E$68) | X65: =IF([2]Baskol!$G$68="","",[2]Baskol!$G$68) | Y65: =IF([2]Baskol!$I$68="","",[2]Baskol!$I$68) | Z65: =IF([2]Baskol!$J$68="","",[2]Baskol!$J$68) | AA65: =IF([2]Baskol!$K$68="","",[2]Baskol!$K$68) | AB65: =IF([2]Baskol!$L$68="","",[2]Baskol!$L$68) | AC65: =IF([2]Baskol!$N$68="","",[2]Baskol!$N$68) | AD65: =IF([2]Baskol!$O$68="","",[2]Baskol!$O$68) | AE65: =IF([3]Entry!$C$68="","",[3]Entry!$C$68) | AF65: =IF([3]Entry!$D$68="","",[3]Entry!$D$68) | AG65: =IF([3]Entry!$E$68="","",[3]Entry!$E$68) | AH65: =IF([3]Entry!$G$68="","",[3]Entry!$G$68) | AI65: =IF([3]Entry!$K$68="","",[3]Entry!$K$68) | AJ65: =IF([3]Entry!$L$68="","",[3]Entry!$L$68) | AK65: =IF([3]Entry!$M$68="","",[3]Entry!$M$68) | AL65: =IF([3]Entry!$N$68="","",[3]Entry!$N$68) | AM65: =IF([3]Entry!$R$68="","",[3]Entry!$R$68)
A66: =IF([1]Accounts!$D$67="","",[1]Accounts!$A$67) | B66: =IF([1]Accounts!$D$67="","",[1]Accounts!$B$67) | C66: =IF([1]Accounts!$D$67="","",[1]Accounts!$C$67) | D66: =IF([1]Accounts!$D$67="","",[1]Accounts!$D$67) | E66: =IF([1]Accounts!$D$67="","",[1]Accounts!$E$67) | F66: =IF([1]Accounts!$D$67="","",[1]Accounts!$F$67) | G66: =IF([1]Accounts!$D$67="","",[1]Accounts!$G$67) | T66: =IF([2]Baskol!$B$69="","",[2]Baskol!$B$69) | U66: =IF([2]Baskol!$C$69="","",[2]Baskol!$C$69) | V66: =IF([2]Baskol!$D$69="","",[2]Baskol!$D$69) | W66: =IF([2]Baskol!$E$69="","",[2]Baskol!$E$69) | X66: =IF([2]Baskol!$G$69="","",[2]Baskol!$G$69) | Y66: =IF([2]Baskol!$I$69="","",[2]Baskol!$I$69) | Z66: =IF([2]Baskol!$J$69="","",[2]Baskol!$J$69) | AA66: =IF([2]Baskol!$K$69="","",[2]Baskol!$K$69) | AB66: =IF([2]Baskol!$L$69="","",[2]Baskol!$L$69) | AC66: =IF([2]Baskol!$N$69="","",[2]Baskol!$N$69) | AD66: =IF([2]Baskol!$O$69="","",[2]Baskol!$O$69) | AE66: =IF([3]Entry!$C$69="","",[3]Entry!$C$69) | AF66: =IF([3]Entry!$D$69="","",[3]Entry!$D$69) | AG66: =IF([3]Entry!$E$69="","",[3]Entry!$E$69) | AH66: =IF([3]Entry!$G$69="","",[3]Entry!$G$69) | AI66: =IF([3]Entry!$K$69="","",[3]Entry!$K$69) | AJ66: =IF([3]Entry!$L$69="","",[3]Entry!$L$69) | AK66: =IF([3]Entry!$M$69="","",[3]Entry!$M$69) | AL66: =IF([3]Entry!$N$69="","",[3]Entry!$N$69) | AM66: =IF([3]Entry!$R$69="","",[3]Entry!$R$69)
A67: =IF([1]Accounts!$D$68="","",[1]Accounts!$A$68) | B67: =IF([1]Accounts!$D$68="","",[1]Accounts!$B$68) | C67: =IF([1]Accounts!$D$68="","",[1]Accounts!$C$68) | D67: =IF([1]Accounts!$D$68="","",[1]Accounts!$D$68) | E67: =IF([1]Accounts!$D$68="","",[1]Accounts!$E$68) | F67: =IF([1]Accounts!$D$68="","",[1]Accounts!$F$68) | G67: =IF([1]Accounts!$D$68="","",[1]Accounts!$G$68) | T67: =IF([2]Baskol!$B$70="","",[2]Baskol!$B$70) | U67: =IF([2]Baskol!$C$70="","",[2]Baskol!$C$70) | V67: =IF([2]Baskol!$D$70="","",[2]Baskol!$D$70) | W67: =IF([2]Baskol!$E$70="","",[2]Baskol!$E$70) | X67: =IF([2]Baskol!$G$70="","",[2]Baskol!$G$70) | Y67: =IF([2]Baskol!$I$70="","",[2]Baskol!$I$70) | Z67: =IF([2]Baskol!$J$70="","",[2]Baskol!$J$70) | AA67: =IF([2]Baskol!$K$70="","",[2]Baskol!$K$70) | AB67: =IF([2]Baskol!$L$70="","",[2]Baskol!$L$70) | AC67: =IF([2]Baskol!$N$70="","",[2]Baskol!$N$70) | AD67: =IF([2]Baskol!$O$70="","",[2]Baskol!$O$70) | AE67: =IF([3]Entry!$C$70="","",[3]Entry!$C$70) | AF67: =IF([3]Entry!$D$70="","",[3]Entry!$D$70) | AG67: =IF([3]Entry!$E$70="","",[3]Entry!$E$70) | AH67: =IF([3]Entry!$G$70="","",[3]Entry!$G$70) | AI67: =IF([3]Entry!$K$70="","",[3]Entry!$K$70) | AJ67: =IF([3]Entry!$L$70="","",[3]Entry!$L$70) | AK67: =IF([3]Entry!$M$70="","",[3]Entry!$M$70) | AL67: =IF([3]Entry!$N$70="","",[3]Entry!$N$70) | AM67: =IF([3]Entry!$R$70="","",[3]Entry!$R$70)
A68: =IF([1]Accounts!$D$69="","",[1]Accounts!$A$69) | B68: =IF([1]Accounts!$D$69="","",[1]Accounts!$B$69) | C68: =IF([1]Accounts!$D$69="","",[1]Accounts!$C$69) | D68: =IF([1]Accounts!$D$69="","",[1]Accounts!$D$69) | E68: =IF([1]Accounts!$D$69="","",[1]Accounts!$E$69) | F68: =IF([1]Accounts!$D$69="","",[1]Accounts!$F$69) | G68: =IF([1]Accounts!$D$69="","",[1]Accounts!$G$69) | T68: =IF([2]Baskol!$B$71="","",[2]Baskol!$B$71) | U68: =IF([2]Baskol!$C$71="","",[2]Baskol!$C$71) | V68: =IF([2]Baskol!$D$71="","",[2]Baskol!$D$71) | W68: =IF([2]Baskol!$E$71="","",[2]Baskol!$E$71) | X68: =IF([2]Baskol!$G$71="","",[2]Baskol!$G$71) | Y68: =IF([2]Baskol!$I$71="","",[2]Baskol!$I$71) | Z68: =IF([2]Baskol!$J$71="","",[2]Baskol!$J$71) | AA68: =IF([2]Baskol!$K$71="","",[2]Baskol!$K$71) | AB68: =IF([2]Baskol!$L$71="","",[2]Baskol!$L$71) | AC68: =IF([2]Baskol!$N$71="","",[2]Baskol!$N$71) | AD68: =IF([2]Baskol!$O$71="","",[2]Baskol!$O$71) | AE68: =IF([3]Entry!$C$71="","",[3]Entry!$C$71) | AF68: =IF([3]Entry!$D$71="","",[3]Entry!$D$71) | AG68: =IF([3]Entry!$E$71="","",[3]Entry!$E$71) | AH68: =IF([3]Entry!$G$71="","",[3]Entry!$G$71) | AI68: =IF([3]Entry!$K$71="","",[3]Entry!$K$71) | AJ68: =IF([3]Entry!$L$71="","",[3]Entry!$L$71) | AK68: =IF([3]Entry!$M$71="","",[3]Entry!$M$71) | AL68: =IF([3]Entry!$N$71="","",[3]Entry!$N$71) | AM68: =IF([3]Entry!$R$71="","",[3]Entry!$R$71)
A69: =IF([1]Accounts!$D$70="","",[1]Accounts!$A$70) | B69: =IF([1]Accounts!$D$70="","",[1]Accounts!$B$70) | C69: =IF([1]Accounts!$D$70="","",[1]Accounts!$C$70) | D69: =IF([1]Accounts!$D$70="","",[1]Accounts!$D$70) | E69: =IF([1]Accounts!$D$70="","",[1]Accounts!$E$70) | F69: =IF([1]Accounts!$D$70="","",[1]Accounts!$F$70) | G69: =IF([1]Accounts!$D$70="","",[1]Accounts!$G$70) | T69: =IF([2]Baskol!$B$72="","",[2]Baskol!$B$72) | U69: =IF([2]Baskol!$C$72="","",[2]Baskol!$C$72) | V69: =IF([2]Baskol!$D$72="","",[2]Baskol!$D$72) | W69: =IF([2]Baskol!$E$72="","",[2]Baskol!$E$72) | X69: =IF([2]Baskol!$G$72="","",[2]Baskol!$G$72) | Y69: =IF([2]Baskol!$I$72="","",[2]Baskol!$I$72) | Z69: =IF([2]Baskol!$J$72="","",[2]Baskol!$J$72) | AA69: =IF([2]Baskol!$K$72="","",[2]Baskol!$K$72) | AB69: =IF([2]Baskol!$L$72="","",[2]Baskol!$L$72) | AC69: =IF([2]Baskol!$N$72="","",[2]Baskol!$N$72) | AD69: =IF([2]Baskol!$O$72="","",[2]Baskol!$O$72) | AE69: =IF([3]Entry!$C$72="","",[3]Entry!$C$72) | AF69: =IF([3]Entry!$D$72="","",[3]Entry!$D$72) | AG69: =IF([3]Entry!$E$72="","",[3]Entry!$E$72) | AH69: =IF([3]Entry!$G$72="","",[3]Entry!$G$72) | AI69: =IF([3]Entry!$K$72="","",[3]Entry!$K$72) | AJ69: =IF([3]Entry!$L$72="","",[3]Entry!$L$72) | AK69: =IF([3]Entry!$M$72="","",[3]Entry!$M$72) | AL69: =IF([3]Entry!$N$72="","",[3]Entry!$N$72) | AM69: =IF([3]Entry!$R$72="","",[3]Entry!$R$72)
A70: =IF([1]Accounts!$D$71="","",[1]Accounts!$A$71) | B70: =IF([1]Accounts!$D$71="","",[1]Accounts!$B$71) | C70: =IF([1]Accounts!$D$71="","",[1]Accounts!$C$71) | D70: =IF([1]Accounts!$D$71="","",[1]Accounts!$D$71) | E70: =IF([1]Accounts!$D$71="","",[1]Accounts!$E$71) | F70: =IF([1]Accounts!$D$71="","",[1]Accounts!$F$71) | G70: =IF([1]Accounts!$D$71="","",[1]Accounts!$G$71) | T70: =IF([2]Baskol!$B$73="","",[2]Baskol!$B$73) | U70: =IF([2]Baskol!$C$73="","",[2]Baskol!$C$73) | V70: =IF([2]Baskol!$D$73="","",[2]Baskol!$D$73) | W70: =IF([2]Baskol!$E$73="","",[2]Baskol!$E$73) | X70: =IF([2]Baskol!$G$73="","",[2]Baskol!$G$73) | Y70: =IF([2]Baskol!$I$73="","",[2]Baskol!$I$73) | Z70: =IF([2]Baskol!$J$73="","",[2]Baskol!$J$73) | AA70: =IF([2]Baskol!$K$73="","",[2]Baskol!$K$73) | AB70: =IF([2]Baskol!$L$73="","",[2]Baskol!$L$73) | AC70: =IF([2]Baskol!$N$73="","",[2]Baskol!$N$73) | AD70: =IF([2]Baskol!$O$73="","",[2]Baskol!$O$73) | AE70: =IF([3]Entry!$C$73="","",[3]Entry!$C$73) | AF70: =IF([3]Entry!$D$73="","",[3]Entry!$D$73) | AG70: =IF([3]Entry!$E$73="","",[3]Entry!$E$73) | AH70: =IF([3]Entry!$G$73="","",[3]Entry!$G$73) | AI70: =IF([3]Entry!$K$73="","",[3]Entry!$K$73) | AJ70: =IF([3]Entry!$L$73="","",[3]Entry!$L$73) | AK70: =IF([3]Entry!$M$73="","",[3]Entry!$M$73) | AL70: =IF([3]Entry!$N$73="","",[3]Entry!$N$73) | AM70: =IF([3]Entry!$R$73="","",[3]Entry!$R$73)
A71: =IF([1]Accounts!$D$72="","",[1]Accounts!$A$72) | B71: =IF([1]Accounts!$D$72="","",[1]Accounts!$B$72) | C71: =IF([1]Accounts!$D$72="","",[1]Accounts!$C$72) | D71: =IF([1]Accounts!$D$72="","",[1]Accounts!$D$72) | E71: =IF([1]Accounts!$D$72="","",[1]Accounts!$E$72) | F71: =IF([1]Accounts!$D$72="","",[1]Accounts!$F$72) | G71: =IF([1]Accounts!$D$72="","",[1]Accounts!$G$72) | T71: =IF([2]Baskol!$B$74="","",[2]Baskol!$B$74) | U71: =IF([2]Baskol!$C$74="","",[2]Baskol!$C$74) | V71: =IF([2]Baskol!$D$74="","",[2]Baskol!$D$74) | W71: =IF([2]Baskol!$E$74="","",[2]Baskol!$E$74) | X71: =IF([2]Baskol!$G$74="","",[2]Baskol!$G$74) | Y71: =IF([2]Baskol!$I$74="","",[2]Baskol!$I$74) | Z71: =IF([2]Baskol!$J$74="","",[2]Baskol!$J$74) | AA71: =IF([2]Baskol!$K$74="","",[2]Baskol!$K$74) | AB71: =IF([2]Baskol!$L$74="","",[2]Baskol!$L$74) | AC71: =IF([2]Baskol!$N$74="","",[2]Baskol!$N$74) | AD71: =IF([2]Baskol!$O$74="","",[2]Baskol!$O$74) | AE71: =IF([3]Entry!$C$74="","",[3]Entry!$C$74) | AF71: =IF([3]Entry!$D$74="","",[3]Entry!$D$74) | AG71: =IF([3]Entry!$E$74="","",[3]Entry!$E$74) | AH71: =IF([3]Entry!$G$74="","",[3]Entry!$G$74) | AI71: =IF([3]Entry!$K$74="","",[3]Entry!$K$74) | AJ71: =IF([3]Entry!$L$74="","",[3]Entry!$L$74) | AK71: =IF([3]Entry!$M$74="","",[3]Entry!$M$74) | AL71: =IF([3]Entry!$N$74="","",[3]Entry!$N$74) | AM71: =IF([3]Entry!$R$74="","",[3]Entry!$R$74)
